SK_ID_CURR,p_default,p_approve,y_target
100036,0.051601,0.948399,0
100197,0.142232,0.857768,0
100228,0.270566,0.729434,0
100234,0.029455,0.970545,0
100276,0.158579,0.841421,0
100281,0.02156,0.97844,0
100348,0.040541,0.959459,0
100424,0.109663,0.890337,1
100619,0.038563,0.961437,0
100642,0.101966,0.898034,0
100694,0.019283,0.980717,0
100698,0.033695,0.966305,0
100703,0.006928,0.993072,0
100771,0.028209,0.971791,0
100817,0.018071,0.981929,0
100867,0.035993,0.964007,0
100903,0.011745,0.988255,0
100951,0.116183,0.883817,0
100973,0.065671,0.934329,0
101010,0.13574,0.86426,0
101036,0.102964,0.897036,0
101048,0.014644,0.985356,0
101071,0.019972,0.980028,0
101076,0.161791,0.838209,1
101084,0.205544,0.794456,0
101104,0.027273,0.972727,0
101120,0.060727,0.939273,0
101151,0.025979,0.974021,0
101283,0.197857,0.802143,0
101317,0.052781,0.947219,0
101369,0.211996,0.788004,0
101543,0.138565,0.861435,0
101662,0.184768,0.815232,0
101731,0.009028,0.990972,0
101781,0.046494,0.953506,0
101830,0.021401,0.978599,0
101850,0.050601,0.949399,0
101865,0.004258,0.995742,0
101883,0.114412,0.885588,1
101924,0.050237,0.949763,0
101944,0.10725,0.89275,0
101954,0.052673,0.947327,0
101985,0.028871,0.971129,0
102008,0.207679,0.792321,0
102012,0.004718,0.995282,0
102042,0.066542,0.933458,0
102060,0.018877,0.981123,0
102082,0.227241,0.772759,0
102223,0.043555,0.956445,0
102229,0.020293,0.979707,0
102232,0.052027,0.947973,0
102271,0.071924,0.928076,0
102356,0.006973,0.993027,0
102366,0.012458,0.987542,0
102397,0.014046,0.985954,0
102440,0.029766,0.970234,0
102511,0.096725,0.903275,0
102535,0.036144,0.963856,0
102579,0.034881,0.965119,0
102607,0.159741,0.840259,0
102722,0.074276,0.925724,0
102734,0.03272,0.96728,0
102848,0.114633,0.885367,0
102992,0.046445,0.953555,0
102993,0.011434,0.988566,0
103095,0.009588,0.990412,0
103254,0.008133,0.991867,0
103303,0.032412,0.967588,0
103346,0.043873,0.956127,1
103438,0.14625,0.85375,1
103509,0.164457,0.835543,0
103518,0.107354,0.892646,1
103556,0.014061,0.985939,0
103567,0.015917,0.984083,0
103696,0.080953,0.919047,0
103820,0.040037,0.959963,0
103883,0.003755,0.996245,0
103917,0.07991,0.92009,1
103977,0.245648,0.754352,1
104077,0.031872,0.968128,0
104086,0.01455,0.98545,0
104111,0.056537,0.943463,0
104123,0.138954,0.861046,0
104130,0.002897,0.997103,0
104213,0.053767,0.946233,0
104217,0.027475,0.972525,0
104218,0.025706,0.974294,0
104227,0.004304,0.995696,0
104271,0.025302,0.974698,0
104396,0.054545,0.945455,0
104416,0.017353,0.982647,0
104436,0.029486,0.970514,0
104456,0.023921,0.976079,0
104477,0.102564,0.897436,0
104507,0.18575,0.81425,1
104527,0.001932,0.998068,0
104566,0.014091,0.985909,0
104674,0.099801,0.900199,0
104709,0.030432,0.969568,0
104724,0.015815,0.984185,0
104760,0.008648,0.991352,0
104871,0.0159,0.9841,0
104918,0.197513,0.802487,1
104940,0.074127,0.925873,0
104965,0.22572,0.77428,0
104971,0.284046,0.715954,1
105017,0.041783,0.958217,0
105131,0.007202,0.992798,0
105281,0.088873,0.911127,0
105283,0.109663,0.890337,0
105307,0.076546,0.923454,0
105329,0.031772,0.968228,0
105391,0.032617,0.967383,0
105402,0.010584,0.989416,0
105475,0.013004,0.986996,0
105479,0.019448,0.980552,0
105538,0.03366,0.96634,0
105551,0.015415,0.984585,0
105661,0.012962,0.987038,0
105679,0.031209,0.968791,0
105690,0.024459,0.975541,0
105716,0.109029,0.890971,0
105775,0.055675,0.944325,0
105823,0.01226,0.98774,0
105869,0.187397,0.812603,0
105897,0.139475,0.860525,0
105909,0.049466,0.950534,0
105918,0.11934,0.88066,0
105948,0.10157,0.89843,0
106004,0.057235,0.942765,0
106008,0.029054,0.970946,0
106043,0.147337,0.852663,0
106137,0.045494,0.954506,0
106139,0.046063,0.953937,0
106156,0.11137,0.88863,0
106506,0.006965,0.993035,0
106548,0.017169,0.982831,0
106702,0.012783,0.987217,0
106743,0.062738,0.937262,0
106772,0.008741,0.991259,0
106779,0.004538,0.995462,0
106782,0.029331,0.970669,0
106869,0.0113,0.9887,0
106922,0.084661,0.915339,0
106935,0.009849,0.990151,0
106941,0.023921,0.976079,0
106969,0.012168,0.987832,0
107036,0.13689,0.86311,1
107150,0.0436,0.9564,0
107167,0.154851,0.845149,0
107236,0.042263,0.957737,0
107262,0.216012,0.783988,0
107325,0.024746,0.975254,0
107360,0.050653,0.949347,0
107368,0.031177,0.968823,0
107456,0.067083,0.932917,0
107487,0.022807,0.977193,0
107494,0.046928,0.953072,0
107496,0.022329,0.977671,0
107603,0.064026,0.935974,0
107632,0.013088,0.986912,0
107648,0.0902,0.9098,0
107666,0.175475,0.824525,0
107701,0.088873,0.911127,0
107714,0.026062,0.973938,0
107758,0.02881,0.97119,0
107804,0.045447,0.954553,0
107829,0.123977,0.876023,0
107883,0.06957,0.93043,0
107890,0.049517,0.950483,0
108042,0.005675,0.994325,0
108126,0.104579,0.895421,0
108254,0.057705,0.942295,0
108296,0.05102,0.94898,0
108302,0.038083,0.961917,0
108358,0.137661,0.862339,0
108379,0.009028,0.990972,0
108446,0.023198,0.976802,0
108471,0.064549,0.935451,0
108496,0.031839,0.968161,0
108533,0.031374,0.968626,0
108567,0.02051,0.97949,0
108647,0.157281,0.842719,0
108686,0.037687,0.962313,1
108711,0.094659,0.905341,0
108858,0.04906,0.95094,0
108964,0.12889,0.87111,0
108973,0.031308,0.968692,0
109016,0.018657,0.981343,0
109076,0.016505,0.983495,0
109098,0.184441,0.815559,0
109121,0.010607,0.989393,0
109166,0.019263,0.980737,0
109283,0.006153,0.993847,0
109286,0.169284,0.830716,1
109390,0.172978,0.827022,0
109439,0.008855,0.991145,0
109519,0.017243,0.982757,0
109686,0.011228,0.988772,0
109755,0.008055,0.991945,0
109760,0.070063,0.929937,0
109787,0.050289,0.949711,0
109801,0.006274,0.993726,0
109823,0.037766,0.962234,1
109915,0.112557,0.887443,1
109934,0.09401,0.90599,0
109970,0.008779,0.991221,0
109983,0.035993,0.964007,0
110001,0.083159,0.916841,0
110002,0.023445,0.976555,0
110074,0.066677,0.933323,0
110119,0.135995,0.864005,1
110199,0.052781,0.947219,0
110248,0.018342,0.981658,0
110336,0.01226,0.98774,0
110466,0.00583,0.99417,0
110488,0.07383,0.92617,0
110525,0.056421,0.943579,1
110580,0.171123,0.828877,0
110609,0.022023,0.977977,0
110656,0.066206,0.933794,0
110743,0.20519,0.79481,0
110753,0.00612,0.99388,0
110785,0.014411,0.985589,0
110796,0.007462,0.992538,0
110804,0.03913,0.96087,0
110835,0.108294,0.891706,0
110886,0.019222,0.980778,0
110921,0.035656,0.964344,0
110944,0.011834,0.988166,0
110976,0.118544,0.881456,0
111265,0.087218,0.912782,0
111292,0.033484,0.966516,0
111339,0.124686,0.875314,0
111411,0.097677,0.902323,0
111436,0.034844,0.965156,0
111498,0.015731,0.984269,0
111513,0.078879,0.921121,0
111539,0.006153,0.993847,0
111568,0.209649,0.790351,0
111580,0.093273,0.906727,0
111586,0.14761,0.85239,0
111602,0.00614,0.99386,0
111718,0.050758,0.949242,0
111750,0.076392,0.923608,0
111788,0.034991,0.965009,0
111794,0.106319,0.893681,0
111915,0.090915,0.909085,1
111941,0.014411,0.985589,0
111966,0.283605,0.716395,1
112006,0.001332,0.998668,0
112046,0.006744,0.993256,0
112081,0.045353,0.954647,0
112117,0.155991,0.844009,0
112162,0.002917,0.997083,0
112204,0.047958,0.952042,0
112258,0.022164,0.977836,0
112415,0.088435,0.911565,0
112433,0.040752,0.959248,0
112444,0.067356,0.932644,0
112454,0.098831,0.901169,0
112457,0.008473,0.991527,0
112461,0.040752,0.959248,0
112499,0.002428,0.997572,0
112554,0.013018,0.986982,0
112647,0.04659,0.95341,0
112680,0.090646,0.909354,0
112807,0.097964,0.902036,0
112811,0.070063,0.929937,0
112858,0.141045,0.858955,0
112884,0.007163,0.992837,0
113023,0.044699,0.955301,0
113040,0.045118,0.954882,0
113043,0.074575,0.925425,0
113056,0.020685,0.979315,0
113061,0.011156,0.988844,0
113070,0.062356,0.937644,0
113118,0.017353,0.982647,0
113122,0.112557,0.887443,1
113138,0.047859,0.952141,0
113253,0.10725,0.89275,0
113274,0.139996,0.860004,0
113300,0.023544,0.976456,0
113351,0.200279,0.799721,0
113581,0.008301,0.991699,0
113615,0.003769,0.996231,0
113620,0.032378,0.967622,0
113644,0.033309,0.966691,0
113679,0.009849,0.990151,0
113691,0.009234,0.990766,0
113712,0.054601,0.945399,0
113724,0.068871,0.931129,0
113756,0.063508,0.936492,0
113763,0.023075,0.976925,0
113764,0.291608,0.708392,0
113858,0.056248,0.943752,0
113877,0.154567,0.845433,0
113878,0.109029,0.890971,0
114037,0.015614,0.984386,1
114039,0.062547,0.937453,0
114100,0.04148,0.95852,0
114102,0.161496,0.838504,0
114241,0.019222,0.980778,0
114268,0.068593,0.931407,0
114355,0.116183,0.883817,0
114394,0.038362,0.961638,0
114436,0.152733,0.847267,0
114448,0.095781,0.904219,0
114594,0.196141,0.803859,0
114674,0.090378,0.909622,1
114727,0.114303,0.885697,0
114771,0.02382,0.97618,0
114783,0.037374,0.962626,0
114793,0.067151,0.932849,0
114990,0.238481,0.761519,0
115031,0.064811,0.935189,0
115040,0.116518,0.883482,0
115045,0.075858,0.924142,0
115052,0.037296,0.962704,0
115068,0.082336,0.917664,0
115170,0.014992,0.985008,0
115189,0.070063,0.929937,0
115247,0.0304,0.9696,0
115278,0.059683,0.940317,0
115297,0.124804,0.875196,0
115331,0.029548,0.970452,0
115352,0.024408,0.975592,0
115420,0.020906,0.979094,0
115643,0.017078,0.982922,0
115678,0.122104,0.877896,0
115788,0.058717,0.941283,0
115825,0.07495,0.92505,0
115853,0.161791,0.838209,0
115864,0.058001,0.941999,0
115912,0.27487,0.72513,1
115961,0.082912,0.917088,1
115967,0.030432,0.969568,0
115981,0.065738,0.934262,0
115983,0.125042,0.874958,0
116033,0.006002,0.993998,0
116054,0.024589,0.975411,0
116070,0.010139,0.989861,0
116181,0.416164,0.583836,1
116209,0.02961,0.97039,0
116212,0.330639,0.669361,0
116229,0.074127,0.925873,0
116236,0.02377,0.97623,0
116301,0.049161,0.950839,0
116330,0.038043,0.961957,1
116346,0.014319,0.985681,0
116351,0.394201,0.605799,0
116375,0.10029,0.89971,0
116391,0.011987,0.988013,0
116407,0.115517,0.884483,0
116442,0.038162,0.961838,0
116487,0.045683,0.954317,0
116497,0.043375,0.956625,0
116514,0.228004,0.771996,0
116542,0.039871,0.960129,0
116611,0.029455,0.970545,0
116800,0.093182,0.906818,0
116812,0.002595,0.997405,0
116827,0.035211,0.964789,0
116887,0.135232,0.864768,0
116927,0.071996,0.928004,0
116935,0.003765,0.996235,0
116956,0.21418,0.78582,0
116963,0.020036,0.979964,0
116999,0.026534,0.973466,0
117002,0.009775,0.990225,0
117045,0.167461,0.832539,0
117057,0.02645,0.97355,0
117126,0.158579,0.841421,0
117149,0.108608,0.891392,1
117173,0.004485,0.995515,1
117203,0.09701,0.90299,0
117238,0.06957,0.93043,1
117315,0.065009,0.934991,0
117320,0.028719,0.971281,0
117361,0.011252,0.988748,0
117389,0.220827,0.779173,0
117413,0.094473,0.905527,0
117415,0.052027,0.947973,0
117435,0.131099,0.868901,0
117472,0.170662,0.829338,0
117486,0.106835,0.893165,0
117573,0.009661,0.990339,0
117601,0.043918,0.956082,1
117611,0.067356,0.932644,0
117620,0.137661,0.862339,0
117673,0.156993,0.843007,1
117694,0.03913,0.96087,0
117723,0.02062,0.97938,0
117743,0.012742,0.987258,0
117763,0.206965,0.793035,0
117875,0.079591,0.920409,0
117896,0.093733,0.906267,0
117994,0.02207,0.97793,0
118003,0.024227,0.975773,0
118013,0.071996,0.928004,0
118016,0.104579,0.895421,0
118032,0.025115,0.974885,0
118085,0.005542,0.994458,0
118110,0.056248,0.943752,0
118111,0.02878,0.97122,0
118128,0.026422,0.973578,0
118159,0.013158,0.986842,0
118224,0.104782,0.895218,0
118240,0.04342,0.95658,0
118245,0.031506,0.968494,0
118257,0.017042,0.982958,0
118281,0.004,0.996,0
118298,0.228769,0.771231,1
118318,0.08209,0.91791,0
118484,0.029085,0.970915,0
118574,0.026422,0.973578,0
118626,0.076622,0.923378,1
118649,0.016807,0.983193,0
118658,0.011156,0.988844,0
118662,0.042219,0.957781,0
118673,0.079274,0.920726,0
118684,0.04688,0.95312,0
118688,0.007124,0.992876,0
118736,0.069992,0.930008,0
118746,0.079195,0.920805,0
118769,0.036908,0.963092,0
118774,0.240854,0.759146,0
118811,0.053932,0.946068,0
118813,0.113209,0.886791,0
118825,0.141571,0.858429,0
118847,0.011168,0.988832,0
118884,0.147201,0.852799,0
118949,0.096252,0.903748,0
118988,0.036031,0.963969,0
119030,0.006868,0.993132,0
119038,0.016139,0.983861,0
119147,0.022639,0.977361,1
119165,0.078485,0.921515,1
119196,0.038123,0.961877,0
119214,0.033625,0.966375,0
119224,0.133591,0.866409,1
119231,0.085082,0.914918,0
119235,0.002326,0.997674,0
119245,0.04962,0.95038,0
119275,0.043964,0.956036,0
119358,0.198893,0.801107,1
119367,0.009892,0.990108,0
119382,0.024824,0.975176,0
119405,0.127435,0.872565,0
119447,0.094473,0.905527,0
119519,0.046158,0.953842,0
119662,0.016575,0.983425,0
119695,0.146928,0.853072,0
119829,0.095875,0.904125,0
119913,0.22195,0.77805,0
119957,0.03231,0.96769,0
120000,0.016523,0.983477,0
120018,0.014197,0.985803,0
120086,0.163564,0.836436,0
120206,0.025517,0.974483,0
120213,0.018877,0.981123,0
120241,0.005296,0.994704,0
120253,0.010884,0.989116,0
120312,0.024227,0.975773,0
120424,0.008248,0.991752,0
120479,0.185095,0.814905,0
120495,0.05421,0.94579,0
120550,0.016243,0.983757,0
120552,0.056769,0.943231,0
120575,0.151474,0.848526,0
120587,0.05539,0.94461,0
120667,0.099024,0.900976,0
120901,0.039171,0.960829,1
120959,0.0293,0.9707,0
121007,0.035211,0.964789,1
121010,0.022759,0.977241,0
121082,0.012851,0.987149,1
121097,0.060542,0.939458,1
121106,0.057942,0.942058,0
121133,0.019366,0.980634,0
121163,0.021883,0.978117,0
121256,0.081357,0.918643,0
121329,0.092907,0.907093,0
121615,0.011434,0.988566,0
121674,0.071924,0.928076,0
121706,0.011276,0.988724,0
121713,0.03272,0.96728,0
121866,0.011048,0.988952,0
121868,0.074202,0.925798,1
121886,0.106939,0.893061,0
121922,0.053711,0.946289,1
121977,0.020164,0.979836,0
122053,0.075479,0.924521,0
122079,0.036754,0.963246,1
122143,0.226479,0.773521,0
122205,0.059138,0.940862,0
122274,0.009934,0.990066,0
122345,0.161203,0.838797,1
122359,0.01633,0.98367,0
122403,0.129991,0.870009,0
122421,0.045259,0.954741,0
122423,0.08861,0.91139,0
122436,0.003865,0.996135,0
122504,0.014319,0.985681,0
122536,0.02433,0.97567,0
122626,0.224206,0.775794,0
122665,0.007178,0.992822,0
122709,0.149531,0.850469,0
122716,0.044101,0.955899,0
122756,0.076853,0.923147,1
122810,0.048656,0.951344,0
122830,0.044147,0.955853,0
122835,0.031078,0.968922,0
122924,0.038845,0.961155,0
123007,0.015057,0.984943,0
123016,0.023198,0.976802,0
123027,0.096157,0.903843,0
123098,0.023846,0.976154,0
123142,0.076087,0.923913,0
123188,0.03405,0.96595,0
123191,0.009775,0.990225,0
123206,0.132589,0.867411,0
123270,0.040372,0.959628,0
123288,0.013675,0.986325,0
123307,0.013172,0.986828,0
123418,0.047711,0.952289,0
123440,0.031672,0.968328,0
123500,0.057177,0.942823,0
123560,0.018148,0.981852,0
123632,0.070488,0.929512,0
123636,0.128525,0.871475,0
123690,0.009175,0.990825,0
123735,0.002412,0.997588,0
123760,0.00695,0.99305,0
123771,0.127556,0.872444,0
123833,0.009135,0.990865,0
123967,0.164755,0.835245,0
123983,0.045259,0.954741,0
124109,0.086016,0.913984,0
124188,0.034808,0.965192,0
124190,0.04592,0.95408,1
124208,0.008391,0.991609,0
124229,0.003164,0.996836,1
124271,0.094566,0.905434,0
124385,0.081927,0.918073,0
124386,0.310323,0.689677,0
124501,0.041826,0.958174,0
124504,0.122453,0.877547,0
124547,0.059623,0.940377,0
124670,0.054154,0.945846,0
125011,0.202724,0.797276,0
125034,0.023519,0.976481,0
125048,0.033872,0.966128,0
125065,0.052134,0.947866,0
125160,0.227241,0.772759,1
125238,0.171123,0.828877,0
125289,0.007757,0.992243,0
125330,0.039996,0.960004,0
125355,0.012326,0.987674,0
125419,0.072069,0.927931,0
125444,0.007056,0.992944,1
125480,0.249285,0.750715,0
125570,0.042882,0.957118,0
125588,0.032378,0.967622,1
125621,0.0611,0.9389,0
125677,0.024641,0.975359,0
125680,0.135105,0.864895,0
125851,0.018421,0.981579,0
125914,0.046977,0.953023,0
125967,0.184441,0.815559,0
126011,0.010989,0.989011,0
126084,0.023395,0.976605,0
126102,0.118884,0.881116,0
126120,0.018877,0.981123,0
126277,0.055333,0.944667,0
126278,0.013631,0.986369,0
126283,0.033625,0.966375,0
126319,0.079512,0.920488,0
126324,0.070702,0.929298,0
126333,0.153155,0.846845,1
126337,0.074725,0.925275,0
126456,0.017727,0.982273,0
126477,0.014076,0.985924,1
126521,0.033065,0.966935,0
126541,0.201324,0.798676,0
126565,0.062293,0.937707,0
126628,0.064483,0.935517,1
126679,0.203778,0.796222,0
126734,0.004573,0.995427,0
126793,0.005256,0.994744,0
126835,0.094473,0.905527,0
126857,0.013018,0.986982,0
126867,0.263347,0.736653,0
126944,0.073756,0.926244,1
126996,0.091725,0.908275,0
127016,0.049314,0.950686,0
127053,0.015105,0.984895,0
127097,0.017483,0.982517,0
127224,0.022663,0.977337,0
127231,0.018421,0.981579,0
127277,0.05706,0.94294,0
127331,0.009924,0.990076,0
127431,0.010607,0.989393,0
127451,0.031539,0.968461,0
127498,0.142232,0.857768,0
127589,0.017428,0.982572,0
127613,0.02186,0.97814,0
127628,0.043691,0.956309,0
127664,0.018051,0.981949,0
127671,0.011745,0.988255,0
127775,0.009956,0.990044,0
127789,0.01167,0.98833,0
127854,0.004723,0.995277,0
128002,0.002501,0.997499,0
128012,0.135613,0.864387,0
128093,0.026228,0.973772,0
128302,0.006035,0.993965,0
128373,0.054657,0.945343,0
128413,0.003975,0.996025,0
128490,0.079512,0.920488,0
128512,0.078721,0.921279,0
128530,0.039008,0.960992,0
128543,0.057823,0.942177,0
128575,0.011264,0.988736,0
128609,0.076163,0.923837,0
128662,0.005406,0.994594,0
128675,0.006274,0.993726,0
128721,0.067219,0.932781,0
128750,0.027186,0.972814,0
128762,0.019972,0.980028,0
128785,0.091544,0.908456,0
128881,0.088435,0.911565,0
128901,0.04324,0.95676,0
128904,0.040204,0.959796,0
128932,0.048757,0.951243,0
128977,0.096252,0.903748,0
129025,0.099899,0.900101,0
129128,0.20947,0.79053,0
129129,0.132839,0.867161,0
129159,0.145979,0.854021,0
129188,0.021333,0.978667,0
129267,0.259158,0.740842,0
129421,0.008382,0.991618,0
129541,0.089313,0.910687,0
129542,0.033239,0.966761,0
129551,0.016735,0.983265,0
129554,0.015448,0.984552,0
129566,0.05289,0.94711,0
129577,0.010139,0.989861,0
129589,0.025517,0.974483,0
129626,0.015251,0.984749,0
129660,0.012129,0.987871,0
129725,0.044101,0.955899,0
129734,0.061224,0.938776,0
129755,0.044147,0.955853,0
129931,0.030432,0.969568,0
129965,0.01568,0.98432,0
129966,0.01262,0.98738,0
129971,0.095218,0.904782,0
130014,0.029207,0.970793,0
130108,0.076316,0.923684,0
130172,0.004879,0.995121,0
130196,0.008931,0.991069,0
130242,0.082336,0.917664,0
130296,0.005767,0.994233,0
130301,0.020751,0.979249,0
130323,0.029829,0.970171,0
130400,0.097295,0.902705,1
130460,0.082994,0.917006,0
130483,0.145304,0.854696,0
130538,0.04148,0.95852,0
130604,0.034373,0.965627,0
130635,0.074575,0.925425,0
130725,0.023947,0.976053,0
130761,0.104072,0.895928,0
130763,0.010539,0.989461,0
130798,0.130359,0.869641,0
130819,0.015764,0.984236,0
130821,0.004043,0.995957,0
130872,0.037335,0.962665,0
130907,0.035693,0.964307,0
130958,0.002732,0.997268,0
130971,0.02733,0.97267,0
131055,0.053877,0.946123,0
131085,0.045825,0.954175,0
131127,0.058537,0.941463,0
131191,0.054938,0.945062,0
131256,0.018857,0.981143,0
131380,0.174535,0.825465,0
131389,0.011459,0.988541,0
131451,0.010009,0.989991,0
131453,0.031739,0.968261,0
131500,0.032378,0.967622,0
131552,0.033414,0.966586,0
131590,0.137404,0.862596,0
131606,0.030915,0.969085,0
131636,0.155991,0.844009,0
131673,0.033908,0.966092,1
131725,0.018657,0.981343,0
131779,0.009018,0.990982,0
131795,0.040163,0.959837,0
131857,0.01993,0.98007,1
131867,0.012326,0.987674,0
131880,0.112232,0.887768,0
131927,0.015137,0.984863,0
132001,0.052081,0.947919,0
132067,0.121639,0.878361,0
132106,0.004258,0.995742,0
132123,0.03359,0.96641,0
132131,0.024798,0.975202,0
132148,0.013587,0.986413,0
132160,0.146657,0.853343,0
132257,0.010183,0.989817,0
132282,0.099606,0.900394,0
132305,0.059683,0.940317,0
132309,0.02809,0.97191,0
132554,0.055333,0.944667,0
132559,0.10798,0.89202,0
132626,0.076776,0.923224,0
132628,0.002732,0.997268,0
132660,0.028598,0.971402,0
132783,0.142762,0.857238,0
132802,0.060295,0.939705,0
132830,0.062483,0.937517,0
132831,0.057587,0.942413,0
132853,0.05176,0.94824,0
132886,0.024048,0.975952,0
132893,0.010382,0.989618,0
132971,0.104579,0.895421,0
132973,0.336913,0.663087,1
133094,0.048606,0.951394,0
133262,0.168218,0.831782,0
133290,0.045967,0.954033,0
133292,0.24605,0.75395,0
133341,0.059501,0.940499,0
133376,0.019845,0.980155,0
133441,0.026089,0.973911,0
133452,0.077704,0.922296,1
133454,0.049263,0.950737,0
133550,0.008574,0.991426,0
133581,0.072505,0.927495,0
133593,0.028749,0.971251,0
133619,0.030368,0.969632,0
133687,0.167158,0.832842,0
133742,0.058477,0.941523,0
133870,0.113754,0.886246,1
133878,0.153155,0.846845,0
134069,0.020015,0.979985,0
134390,0.081845,0.918155,0
134452,0.022352,0.977648,0
134552,0.060975,0.939025,0
134565,0.022759,0.977241,0
134613,0.281845,0.718155,0
134634,0.130236,0.869764,1
134746,0.053988,0.946012,0
134774,0.026646,0.973354,0
134846,0.038967,0.961033,0
134942,0.23262,0.76738,1
134957,0.056479,0.943521,0
134962,0.148568,0.851432,0
134977,0.091004,0.908996,0
134990,0.040163,0.959837,0
135008,0.204483,0.795517,0
135017,0.05706,0.94294,0
135029,0.130729,0.869271,0
135038,0.062483,0.937517,0
135143,0.067629,0.932371,0
135182,0.076469,0.923531,0
135215,0.058717,0.941283,0
135334,0.015731,0.984269,0
135443,0.007986,0.992014,0
135473,0.026255,0.973745,0
135514,0.037296,0.962704,0
135658,0.027446,0.972554,0
135710,0.110834,0.889166,0
135739,0.197513,0.802487,0
135862,0.019283,0.980717,0
135863,0.048556,0.951444,0
136018,0.173133,0.826867,0
136034,0.013385,0.986615,0
136127,0.008989,0.991011,0
136135,0.017483,0.982517,0
136187,0.036908,0.963092,0
136340,0.019345,0.980655,0
136343,0.017746,0.982254,0
136362,0.090289,0.909711,1
136363,0.054489,0.945511,0
136377,0.139475,0.860525,0
136384,0.026062,0.973938,0
136444,0.016735,0.983265,0
136498,0.014411,0.985589,0
136775,0.012934,0.987066,0
136791,0.025517,0.974483,0
136857,0.027359,0.972641,0
136861,0.026228,0.973772,0
136900,0.012976,0.987024,0
136911,0.020164,0.979836,0
137110,0.043465,0.956535,0
137165,0.234562,0.765438,0
137180,0.03272,0.96728,0
137197,0.116072,0.883928,0
137210,0.053272,0.946728,0
137213,0.026929,0.973071,0
137226,0.040965,0.959035,0
137237,0.077316,0.922684,0
137243,0.14625,0.85375,0
137245,0.108819,0.891181,0
137307,0.010744,0.989256,0
137309,0.011682,0.988318,0
137318,0.014817,0.985183,0
137376,0.046158,0.953842,0
137411,0.052457,0.947543,0
137436,0.047318,0.952682,0
137442,0.010426,0.989574,0
137471,0.18249,0.81751,1
137516,0.004729,0.995271,0
137598,0.036793,0.963207,0
137643,0.100879,0.899121,0
137670,0.018817,0.981183,0
137704,0.23262,0.76738,0
137742,0.091997,0.908003,0
137859,0.017078,0.982922,0
137887,0.0902,0.9098,0
137967,0.137147,0.862853,0
138012,0.0201,0.9799,0
138018,0.330159,0.669841,0
138066,0.165054,0.834946,0
138093,0.024641,0.975359,0
138146,0.171431,0.828569,0
138151,0.033239,0.966761,0
138217,0.191227,0.808773,0
138254,0.002724,0.997276,0
138384,0.05192,0.94808,0
138393,0.035768,0.964232,0
138434,0.052349,0.947651,0
138435,0.08576,0.91424,0
138469,0.053108,0.946892,0
138482,0.134473,0.865527,0
138487,0.011264,0.988736,0
138497,0.079591,0.920409,1
138503,0.021287,0.978713,0
138514,0.031839,0.968161,0
138518,0.038805,0.961195,0
138525,0.179914,0.820086,0
138653,0.058837,0.941163,0
138668,0.029735,0.970265,0
138675,0.130113,0.869887,1
138743,0.07983,0.92017,1
138759,0.04315,0.95685,0
138762,0.026007,0.973993,0
138895,0.050134,0.949866,0
138976,0.123507,0.876493,1
138991,0.017243,0.982757,0
139113,0.027475,0.972525,0
139154,0.173599,0.826401,1
139205,0.020598,0.979402,0
139216,0.027708,0.972292,0
139242,0.050289,0.949711,0
139302,0.040163,0.959837,0
139382,0.015968,0.984032,0
139400,0.167158,0.832842,0
139455,0.028388,0.971612,0
139593,0.039416,0.960584,0
139601,0.094566,0.905434,0
139619,0.025897,0.974103,0
139621,0.005881,0.994119,0
139643,0.038322,0.961678,0
139648,0.006943,0.993057,0
139719,0.042927,0.957073,0
139734,0.020272,0.979728,0
139766,0.109557,0.890443,0
139823,0.094195,0.905805,0
139835,0.323,0.677,0
139857,0.122687,0.877313,0
139873,0.019573,0.980427,0
140041,0.013032,0.986968,0
140043,0.096346,0.903654,0
140057,0.067016,0.932984,0
140068,0.16135,0.83865,1
140082,0.010449,0.989551,1
140098,0.032892,0.967108,0
140157,0.030496,0.969504,0
140211,0.036448,0.963552,0
140250,0.109346,0.890654,0
140260,0.062293,0.937707,0
140267,0.324426,0.675574,0
140514,0.162232,0.837768,0
140612,0.324901,0.675099,0
140696,0.03303,0.96697,0
140710,0.068871,0.931129,0
140830,0.043195,0.956805,0
140859,0.035806,0.964194,0
140898,0.21345,0.78655,0
140955,0.280529,0.719471,0
141002,0.031639,0.968361,0
141040,0.133842,0.866158,0
141117,0.011373,0.988627,0
141118,0.149946,0.850054,0
141132,0.024693,0.975307,0
141134,0.075252,0.924748,0
141139,0.159595,0.840405,0
141162,0.035956,0.964044,0
141245,0.078016,0.921984,0
141254,0.098156,0.901844,0
141408,0.038764,0.961236,0
141460,0.049111,0.950889,0
141510,0.006166,0.993834,0
141561,0.009344,0.990656,0
141595,0.073238,0.926762,0
141610,0.185914,0.814086,0
141671,0.028478,0.971522,0
141686,0.076163,0.923837,0
141688,0.015481,0.984519,0
141703,0.013866,0.986134,0
141710,0.005912,0.994088,0
141719,0.086358,0.913642,1
141768,0.044607,0.955393,0
141802,0.072578,0.927422,0
141919,0.116406,0.883594,0
141938,0.041221,0.958779,0
141953,0.170201,0.829799,0
142011,0.070631,0.929369,1
142032,0.137404,0.862596,0
142035,0.168067,0.831933,1
142073,0.240854,0.759146,0
142116,0.143694,0.856306,0
142158,0.042439,0.957561,0
142164,0.029517,0.970483,0
142194,0.052081,0.947919,1
142265,0.170201,0.829799,0
142316,0.035507,0.964493,0
142394,0.137661,0.862339,0
142413,0.04433,0.95567,0
142425,0.03641,0.96359,1
142470,0.025062,0.974938,0
142475,0.123624,0.876376,0
142517,0.080149,0.919851,0
142695,0.083991,0.916009,0
142701,0.152593,0.847407,1
142765,0.117527,0.882473,0
142769,0.042882,0.957118,1
142777,0.047662,0.952338,0
142815,0.11719,0.88281,1
142823,0.059198,0.940802,0
142831,0.006861,0.993139,0
142862,0.079115,0.920885,0
142915,0.183464,0.816536,0
142959,0.005512,0.994488,0
142998,0.154142,0.845858,0
143000,0.057352,0.942648,0
143036,0.03144,0.96856,0
143083,0.061474,0.938526,0
143113,0.129012,0.870988,1
143120,0.038043,0.961957,0
143164,0.060172,0.939828,0
143211,0.019386,0.980614,0
143252,0.195799,0.804201,0
143329,0.088697,0.911303,0
143337,0.100584,0.899416,0
143556,0.018499,0.981501,0
143578,0.04266,0.95734,0
143581,0.041179,0.958821,0
143604,0.032175,0.967825,0
143610,0.01313,0.98687,0
143641,0.017206,0.982794,0
143694,0.065538,0.934462,0
143823,0.041652,0.958348,0
143830,0.029829,0.970171,0
143919,0.04342,0.95658,0
143940,0.011072,0.988928,0
143958,0.016156,0.983844,0
144014,0.22686,0.77314,0
144117,0.090736,0.909264,0
144122,0.04333,0.95667,0
144132,0.23927,0.76073,0
144144,0.04342,0.95658,0
144201,0.022258,0.977742,0
144228,0.071275,0.928725,0
144301,0.093457,0.906543,0
144341,0.145439,0.854561,0
144361,0.047612,0.952388,0
144408,0.058897,0.941103,1
144458,0.018381,0.981619,0
144469,0.150223,0.849777,0
144506,0.121292,0.878708,0
144529,0.05123,0.94877,0
144553,0.202724,0.797276,0
144569,0.040922,0.959078,0
144597,0.01809,0.98191,0
144614,0.003991,0.996009,0
144625,0.011923,0.988077,0
144676,0.006765,0.993235,0
144694,0.042882,0.957118,0
144748,0.081927,0.918073,0
144765,0.00424,0.99576,0
144771,0.013285,0.986715,0
144812,0.21345,0.78655,0
144823,0.060913,0.939087,0
144836,0.071924,0.928076,0
144893,0.134978,0.865022,0
144944,0.022234,0.977766,0
145043,0.033944,0.966056,0
145050,0.031078,0.968922,0
145143,0.055277,0.944723,0
145208,0.035918,0.964082,0
145400,0.035656,0.964344,0
145401,0.103366,0.896634,0
145405,0.029986,0.970014,0
145432,0.082582,0.917418,0
145442,0.050497,0.949503,0
145458,0.044376,0.955624,0
145468,0.009145,0.990855,0
145526,0.120715,0.879285,0
145571,0.039048,0.960952,1
145614,0.177051,0.822949,0
145853,0.034015,0.965985,0
145882,0.00964,0.99036,0
145886,0.052727,0.947273,0
145892,0.04611,0.95389,0
145906,0.01786,0.98214,0
145913,0.009116,0.990884,0
146008,0.076239,0.923761,0
146024,0.219337,0.780663,0
146111,0.059683,0.940317,0
146133,0.083491,0.916509,0
146148,0.094566,0.905434,0
146230,0.109452,0.890548,1
146241,0.148157,0.851843,0
146299,0.026366,0.973634,0
146301,0.063702,0.936298,0
146307,0.03085,0.96915,0
146333,0.074875,0.925125,0
146393,0.049671,0.950329,0
146611,0.009195,0.990805,0
146662,0.068247,0.931753,0
146709,0.122687,0.877313,0
146782,0.094195,0.905805,0
146872,0.123037,0.876963,0
146928,0.027825,0.972175,0
146938,0.107458,0.892542,0
146960,0.124331,0.875669,0
146963,0.080872,0.919128,0
146987,0.042927,0.957073,0
147055,0.087477,0.912523,0
147057,0.092087,0.907913,0
147068,0.074875,0.925125,0
147130,0.132839,0.867161,0
147134,0.299287,0.700713,1
147211,0.004047,0.995953,0
147262,0.033309,0.966691,0
147299,0.016277,0.983723,0
147398,0.003352,0.996648,0
147428,0.13689,0.86311,0
147442,0.007446,0.992554,0
147456,0.075706,0.924294,0
147509,0.016629,0.983371,0
147593,0.12037,0.87963,1
147609,0.084241,0.915759,0
147613,0.121988,0.878012,0
147717,0.110194,0.889806,1
147773,0.002818,0.997182,0
147837,0.016825,0.983175,0
147868,0.158001,0.841999,0
147926,0.015024,0.984976,0
147948,0.014473,0.985527,0
148041,0.008528,0.991472,0
148059,0.015832,0.984168,0
148074,0.049466,0.950534,0
148103,0.018757,0.981243,0
148326,0.015316,0.984684,0
148367,0.125042,0.874958,0
148452,0.113427,0.886573,0
148466,0.014976,0.985024,0
148525,0.083159,0.916841,0
148757,0.061725,0.938275,0
148800,0.406705,0.593295,0
148858,0.206609,0.793391,0
148990,0.078016,0.921984,1
149066,0.020467,0.979533,0
149078,0.125279,0.874721,0
149093,0.022639,0.977361,0
149117,0.010096,0.989904,0
149177,0.020467,0.979533,0
149186,0.048157,0.951843,0
149218,0.027273,0.972727,0
149239,0.027446,0.972554,0
149250,0.05176,0.94824,0
149257,0.320632,0.679368,0
149343,0.190389,0.809611,1
149373,0.004185,0.995815,0
149462,0.064811,0.935189,1
149557,0.078721,0.921279,0
149567,0.036524,0.963476,0
149760,0.056479,0.943521,0
149804,0.014754,0.985246,0
149807,0.201324,0.798676,0
149827,0.00747,0.99253,0
149829,0.041609,0.958391,0
149831,0.054881,0.945119,0
149833,0.118998,0.881002,1
149864,0.031078,0.968922,0
149867,0.047514,0.952486,0
149910,0.073165,0.926835,0
149993,0.032892,0.967108,0
150009,0.041609,0.958391,0
150030,0.006035,0.993965,0
150055,0.013214,0.986786,0
150068,0.070275,0.929725,0
150110,0.045777,0.954223,0
150144,0.12014,0.87986,0
150157,0.147883,0.852117,0
150380,0.149669,0.850331,0
150432,0.06901,0.93099,0
150480,0.0972,0.9028,0
150493,0.024227,0.975773,0
150510,0.08047,0.91953,0
150541,0.025463,0.974537,0
150546,0.01313,0.98687,0
150645,0.055504,0.944496,0
151003,0.054601,0.945399,0
151020,0.163564,0.836436,0
151028,0.008537,0.991463,0
151040,0.025952,0.974048,0
151086,0.006729,0.993271,0
151140,0.05123,0.94877,0
151142,0.023272,0.976728,0
151211,0.025598,0.974402,0
151350,0.022234,0.977766,0
151407,0.032515,0.967485,1
151414,0.032686,0.967314,0
151513,0.289372,0.710628,1
151534,0.053327,0.946673,0
151541,0.018225,0.981775,0
151616,0.050653,0.949347,0
151949,0.33112,0.66888,0
151952,0.357069,0.642931,0
152097,0.006267,0.993733,0
152101,0.050393,0.949607,0
152103,0.083824,0.916176,0
152134,0.021469,0.978531,0
152138,0.136506,0.863494,0
152250,0.038202,0.961798,0
152287,0.012432,0.987568,0
152308,0.170815,0.829185,0
152353,0.002802,0.997198,0
152380,0.03687,0.96313,0
152482,0.051867,0.948133,0
152485,0.023846,0.976154,1
152502,0.014061,0.985939,0
152532,0.074276,0.925724,0
152533,0.11234,0.88766,0
152564,0.054713,0.945287,0
152663,0.150223,0.849777,1
152665,0.044561,0.955439,0
152742,0.019994,0.980006,0
152752,0.153155,0.846845,0
152867,0.01496,0.98504,0
152893,0.019039,0.980961,0
152966,0.18249,0.81751,0
153044,0.056479,0.943521,0
153102,0.109875,0.890125,0
153142,0.013631,0.986369,0
153190,0.333045,0.666955,1
153210,0.06971,0.93029,1
153225,0.065738,0.934262,0
153325,0.018539,0.981461,0
153346,0.048858,0.951142,0
153361,0.115517,0.884483,0
153369,0.078172,0.921828,0
153400,0.018401,0.981599,0
153434,0.008239,0.991761,0
153461,0.054154,0.945846,0
153528,0.050289,0.949711,0
153612,0.165953,0.834047,0
153652,0.066745,0.933255,1
153660,0.160324,0.839676,0
153674,0.007124,0.992876,0
153742,0.014334,0.985666,0
153960,0.117078,0.882922,0
154082,0.129378,0.870622,0
154087,0.016933,0.983067,0
154106,0.147065,0.852935,0
154130,0.081845,0.918155,0
154156,0.049928,0.950072,0
154194,0.014581,0.985419,0
154235,0.020818,0.979182,0
154252,0.044561,0.955439,0
154322,0.146521,0.853479,0
154363,0.108189,0.891811,0
154420,0.150778,0.849222,0
154476,0.120026,0.879974,0
154527,0.196483,0.803517,1
154533,0.002942,0.997058,0
154568,0.093365,0.906635,0
154581,0.220828,0.779172,1
154618,0.031374,0.968626,0
154619,0.005273,0.994727,0
154671,0.127556,0.872444,0
154716,0.240061,0.759939,0
154777,0.058298,0.941702,0
154817,0.105804,0.894196,0
154894,0.02433,0.97567,0
154931,0.004698,0.995302,0
154993,0.048807,0.951193,0
155036,0.058957,0.941043,0
155098,0.025035,0.974965,0
155129,0.037569,0.962431,1
155155,0.035693,0.964307,0
155162,0.013573,0.986427,0
155294,0.169284,0.830716,0
155315,0.090378,0.909622,0
155568,0.067903,0.932097,0
155732,0.028598,0.971402,0
155762,0.067766,0.932234,0
155776,0.046397,0.953603,0
155793,0.097773,0.902227,0
155804,0.043918,0.956082,0
155879,0.012934,0.987066,1
155897,0.108714,0.891286,0
155943,0.025544,0.974456,0
156044,0.143694,0.856306,0
156126,0.043285,0.956715,0
156222,0.039008,0.960992,0
156253,0.027679,0.972321,0
156259,0.027679,0.972321,0
156344,0.023445,0.976555,0
156382,0.026034,0.973966,0
156448,0.009155,0.990845,0
156566,0.071275,0.928725,0
156705,0.038003,0.961997,0
156779,0.006973,0.993027,0
156791,0.016295,0.983705,0
156796,0.029829,0.970171,0
156849,0.065605,0.934395,0
156959,0.091635,0.908365,0
156990,0.006508,0.993492,0
157022,0.016611,0.983389,0
157054,0.143161,0.856839,0
157055,0.010293,0.989707,0
157106,0.100094,0.899906,0
157180,0.007124,0.992876,0
157272,0.02809,0.97191,0
157274,0.365079,0.634921,1
157303,0.047465,0.952535,0
157417,0.207322,0.792678,0
157418,0.047318,0.952682,0
157452,0.130852,0.869148,0
157526,0.031739,0.968261,0
157587,0.038282,0.961718,0
157612,0.170815,0.829185,0
157638,0.065605,0.934395,0
157645,0.117415,0.882585,0
157718,0.146929,0.853071,0
157740,0.023544,0.976456,0
157806,0.013172,0.986828,0
157876,0.030624,0.969376,0
157893,0.04342,0.95658,0
157940,0.039334,0.960666,1
157945,0.00965,0.99035,0
157964,0.001794,0.998206,0
158054,0.115516,0.884484,0
158071,0.074053,0.925947,0
158143,0.042131,0.957869,0
158161,0.070346,0.929654,1
158240,0.023921,0.976079,0
158349,0.11843,0.88157,0
158482,0.02645,0.97355,0
158515,0.003443,0.996557,0
158586,0.009828,0.990172,0
158610,0.133968,0.866032,0
158668,0.121523,0.878477,0
158699,0.046928,0.953072,1
158728,0.04433,0.95567,0
158737,0.013616,0.986384,0
158758,0.038643,0.961357,0
158809,0.163564,0.836436,1
158821,0.019283,0.980717,1
158846,0.106732,0.893268,0
158880,0.01162,0.98838,0
158957,0.06957,0.93043,0
158982,0.144497,0.855503,0
159000,0.098927,0.901073,0
159020,0.005849,0.994151,0
159054,0.032927,0.967073,0
159065,0.019325,0.980675,0
159110,0.03687,0.96313,0
159183,0.275736,0.724264,1
159235,0.058477,0.941523,0
159257,0.124213,0.875787,0
159302,0.026759,0.973241,0
159394,0.044746,0.955254,0
159484,0.013018,0.986982,0
159506,0.028209,0.971791,0
159542,0.105804,0.894196,0
159545,0.036908,0.963092,0
159615,0.019761,0.980239,0
159617,0.031572,0.968428,0
159621,0.017115,0.982885,0
159634,0.004176,0.995824,0
159654,0.044792,0.955208,0
159685,0.011545,0.988455,0
159706,0.028962,0.971038,0
159806,0.025436,0.974564,0
159820,0.090557,0.909443,1
159822,0.23262,0.76738,1
159867,0.05505,0.94495,0
159876,0.106319,0.893681,0
159889,0.012715,0.987285,0
159900,0.015934,0.984066,0
159937,0.120255,0.879745,1
159983,0.034517,0.965483,0
160038,0.031473,0.968527,0
160071,0.138695,0.861305,0
160150,0.15945,0.84055,0
160204,0.019366,0.980634,0
160236,0.001673,0.998327,0
160251,0.076163,0.923837,0
160258,0.042838,0.957162,0
160276,0.006876,0.993124,0
160280,0.196826,0.803174,0
160353,0.040583,0.959417,0
160377,0.197857,0.802143,0
160384,0.0167,0.9833,0
160425,0.024099,0.975901,1
160505,0.00986,0.99014,0
160547,0.043375,0.956625,0
160567,0.004485,0.995515,0
160578,0.032754,0.967246,0
160585,0.030753,0.969247,0
160632,0.037179,0.962821,0
160665,0.043736,0.956264,0
160720,0.07495,0.92505,0
160740,0.033625,0.966375,1
160860,0.085931,0.914069,0
160925,0.077084,0.922916,0
160933,0.04781,0.95219,0
160958,0.017709,0.982291,0
161121,0.04659,0.95341,0
161163,0.07465,0.92535,0
161183,0.1449,0.8551,0
161193,0.076699,0.923301,0
161409,0.043465,0.956535,0
161429,0.210189,0.789811,1
161438,0.05944,0.94056,0
161529,0.286258,0.713742,0
161530,0.003897,0.996103,0
161584,0.090735,0.909265,0
161603,0.00489,0.99511,0
161612,0.138825,0.861175,0
161706,0.15945,0.84055,0
161731,0.087737,0.912263,0
161865,0.011471,0.988529,1
161987,0.007799,0.992201,0
162054,0.022376,0.977624,0
162121,0.063315,0.936685,0
162147,0.007295,0.992705,0
162174,0.248879,0.751121,0
162183,0.084829,0.915171,0
162199,0.13147,0.86853,0
162229,0.040625,0.959375,0
162244,0.038242,0.961758,0
162256,0.027649,0.972351,0
162279,0.090111,0.909889,0
162304,0.029331,0.970669,0
162310,0.012865,0.987135,0
162341,0.027388,0.972612,0
162377,0.01222,0.98778,0
162394,0.036793,0.963207,0
162402,0.099996,0.900004,0
162413,0.031906,0.968094,0
162433,0.116966,0.883034,0
162465,0.064222,0.935778,0
162508,0.005817,0.994183,0
162531,0.25791,0.74209,0
162618,0.250098,0.749902,0
162625,0.016487,0.983513,0
162643,0.057352,0.942648,0
162658,0.01477,0.98523,0
162707,0.1449,0.8551,0
162735,0.160033,0.839967,0
162774,0.00329,0.99671,0
162816,0.040456,0.959544,0
162830,0.143694,0.856306,0
162853,0.009744,0.990256,0
162881,0.007816,0.992184,0
162906,0.066475,0.933525,0
162965,0.038282,0.961718,0
163046,0.064943,0.935057,0
163072,0.025035,0.974965,0
163104,0.050186,0.949814,0
163108,0.157713,0.842287,0
163113,0.017224,0.982776,0
163154,0.158001,0.841999,0
163157,0.022711,0.977289,0
163298,0.044422,0.955578,0
163364,0.037024,0.962976,0
163407,0.04592,0.95408,0
163410,0.111263,0.888737,0
163413,0.081439,0.918561,0
163443,0.002665,0.997335,0
163486,0.028749,0.971251,0
163547,0.065406,0.934594,0
163619,0.026759,0.973241,0
163690,0.014106,0.985894,0
163806,0.026034,0.973966,0
163931,0.191059,0.808941,1
164024,0.117415,0.882585,0
164034,0.145169,0.854831,0
164069,0.035211,0.964789,0
164109,0.128282,0.871718,0
164135,0.007018,0.992982,0
164174,0.202724,0.797276,0
164182,0.010117,0.989883,0
164203,0.055333,0.944667,0
164221,0.072871,0.927129,0
164253,0.136762,0.863238,0
164289,0.001022,0.998978,0
164292,0.252548,0.747452,0
164328,0.006586,0.993414,0
164338,0.251729,0.748271,1
164409,0.008337,0.991663,0
164421,0.091184,0.908816,0
164486,0.008657,0.991343,0
164489,0.073312,0.926688,0
164497,0.015448,0.984552,0
164515,0.151474,0.848526,0
164519,0.013807,0.986193,0
164533,0.026646,0.973354,0
164600,0.038362,0.961638,0
164610,0.03231,0.96769,0
164661,0.015382,0.984618,0
164678,0.076622,0.923378,0
164687,0.056594,0.943406,0
164698,0.001466,0.998534,0
164732,0.159595,0.840405,0
164794,0.242046,0.757954,1
164835,0.015089,0.984911,0
164880,0.206609,0.793391,0
164930,0.01786,0.98214,0
164937,0.28759,0.71241,0
164943,0.08055,0.91945,0
164979,0.053766,0.946234,0
164982,0.02377,0.97623,0
164987,0.170201,0.829799,0
165011,0.18136,0.81864,0
165025,0.145979,0.854021,1
165034,0.142762,0.857238,0
165036,0.005331,0.994669,0
165039,0.054433,0.945567,0
165113,0.035101,0.964899,0
165150,0.050031,0.949969,0
165160,0.026986,0.973014,0
165334,0.01063,0.98937,0
165364,0.045825,0.954175,0
165404,0.006973,0.993027,0
165447,0.208036,0.791964,0
165461,0.098348,0.901652,1
165493,0.043195,0.956805,0
165542,0.048506,0.951494,1
165564,0.010096,0.989904,0
165640,0.091906,0.908094,0
165690,0.097295,0.902705,0
165694,0.002184,0.997816,0
165699,0.071779,0.928221,0
165814,0.016879,0.983121,0
165829,0.019635,0.980365,0
165850,0.044792,0.955208,0
165856,0.020079,0.979921,0
165859,0.223829,0.776171,0
165873,0.047172,0.952828,0
165899,0.09701,0.90299,0
165972,0.033944,0.966056,0
166024,0.004456,0.995544,0
166034,0.079353,0.920647,0
166122,0.017446,0.982554,0
166140,0.121755,0.878245,0
166178,0.050134,0.949866,0
166193,0.099509,0.900491,0
166328,0.026311,0.973689,0
166429,0.236125,0.763875,0
166439,0.030948,0.969052,0
166454,0.086959,0.913041,0
166504,0.048556,0.951444,0
166579,0.065406,0.934594,0
166586,0.045825,0.954175,0
166593,0.037179,0.962821,0
166604,0.026255,0.973745,1
166617,0.116295,0.883705,0
166620,0.108189,0.891811,0
166676,0.00689,0.99311,0
166678,0.171123,0.828877,0
166724,0.255014,0.744986,0
166796,0.016435,0.983565,0
166821,0.127919,0.872081,1
166852,0.056421,0.943579,0
166878,0.07346,0.92654,0
166894,0.072432,0.927568,0
166898,0.009744,0.990256,0
166906,0.026873,0.973127,0
166952,0.010304,0.989696,0
166975,0.262926,0.737074,1
167023,0.068178,0.931822,0
167169,0.035285,0.964715,0
167233,0.072651,0.927349,0
167270,0.118317,0.881683,1
167369,0.040922,0.959078,1
167400,0.173288,0.826712,0
167465,0.069359,0.930641,0
167531,0.052565,0.947435,0
167593,0.056594,0.943406,0
167688,0.112774,0.887226,0
167702,0.003289,0.996711,0
167784,0.132465,0.867535,0
167796,0.048757,0.951243,0
167802,0.04776,0.95224,0
167818,0.022735,0.977265,0
167842,0.223829,0.776171,1
168134,0.009661,0.990339,0
168146,0.063379,0.936621,0
168177,0.011156,0.988844,0
168192,0.009106,0.990894,0
168306,0.119797,0.880203,0
168321,0.070063,0.929937,0
168357,0.197169,0.802831,0
168383,0.018897,0.981103,0
168523,0.00156,0.99844,0
168561,0.104681,0.895319,0
168589,0.08374,0.91626,0
168619,0.023795,0.976205,0
168659,0.00498,0.99502,0
168713,0.028358,0.971642,0
168757,0.035174,0.964826,0
168780,0.028598,0.971402,0
168808,0.195117,0.804883,0
168885,0.058001,0.941999,0
168978,0.125636,0.874364,0
169022,0.039581,0.960419,0
169035,0.049825,0.950175,0
169047,0.014785,0.985215,0
169058,0.020729,0.979271,0
169063,0.018757,0.981243,0
169179,0.021085,0.978915,0
169199,0.035881,0.964119,0
169207,0.141176,0.858824,0
169356,0.135613,0.864387,0
169394,0.069429,0.930571,0
169399,0.034517,0.965483,0
169464,0.043016,0.956984,0
169494,0.049415,0.950585,0
169566,0.005718,0.994282,0
169696,0.011745,0.988255,0
169721,0.125994,0.874006,0
169740,0.022711,0.977289,0
169747,0.059805,0.940195,0
169765,0.115627,0.884373,0
169827,0.085421,0.914579,0
169838,0.039499,0.960501,0
169915,0.044607,0.955393,1
169955,0.240854,0.759146,0
169973,0.043691,0.956309,0
170052,0.075554,0.924446,0
170229,0.026089,0.973911,0
170243,0.068662,0.931338,0
170260,0.104986,0.895014,1
170264,0.004082,0.995918,0
170316,0.007716,0.992284,0
170336,0.006424,0.993576,0
170399,0.324901,0.675099,1
170444,0.008055,0.991945,0
170449,0.024253,0.975747,0
170455,0.009506,0.990494,0
170525,0.011434,0.988566,0
170573,0.056943,0.943057,0
170595,0.011796,0.988204,0
170628,0.218595,0.781405,0
170653,0.090825,0.909175,1
170667,0.079115,0.920885,0
170714,0.046349,0.953651,0
170749,0.085505,0.914495,0
170829,0.02113,0.97887,1
170831,0.035956,0.964044,0
170898,0.074127,0.925873,0
170903,0.080792,0.919208,0
170904,0.072944,0.927056,0
170922,0.035211,0.964789,0
170982,0.003927,0.996073,0
170985,0.021492,0.978508,0
171036,0.018225,0.981775,0
171058,0.086787,0.913213,0
171068,0.024151,0.975849,0
171136,0.129745,0.870255,0
171143,0.043061,0.956939,0
171154,0.049161,0.950839,0
171197,0.034445,0.965555,0
171227,0.02038,0.97962,0
171256,0.109875,0.890125,0
171261,0.035881,0.964119,0
171272,0.114412,0.885588,0
171316,0.018051,0.981949,0
171324,0.032344,0.967656,0
171377,0.024125,0.975875,1
171417,0.007724,0.992276,0
171515,0.097105,0.902895,0
171537,0.092542,0.907458,0
171560,0.056537,0.943463,0
171586,0.031275,0.968725,0
171627,0.019803,0.980197,0
171734,0.04906,0.95094,0
171760,0.041957,0.958043,0
171777,0.483188,0.516812,1
171794,0.029923,0.970077,0
171806,0.027359,0.972641,1
171807,0.016987,0.983013,0
171901,0.012247,0.987753,0
171931,0.034193,0.965807,0
171944,0.086701,0.913299,0
171992,0.138307,0.861693,0
172015,0.034626,0.965374,0
172055,0.070916,0.929084,0
172085,0.057411,0.942589,1
172086,0.098348,0.901652,0
172129,0.044746,0.955254,0
172135,0.040246,0.959754,1
172180,0.085082,0.914918,0
172213,0.011935,0.988065,0
172220,0.041093,0.958907,0
172307,0.134978,0.865022,0
172311,0.095499,0.904501,0
172321,0.129623,0.870377,0
172418,0.133089,0.866911,0
172478,0.024202,0.975798,0
172482,0.027244,0.972756,0
172508,0.382346,0.617654,1
172605,0.028841,0.971159,0
172609,0.207322,0.792678,0
172610,0.046206,0.953794,0
172615,0.130113,0.869887,0
172622,0.183301,0.816699,0
172649,0.005512,0.994488,0
172704,0.087824,0.912176,0
172705,0.009568,0.990432,0
172787,0.015597,0.984403,0
172832,0.190389,0.809611,1
172839,0.003517,0.996483,0
172957,0.151892,0.848108,1
172966,0.037179,0.962821,0
172985,0.025952,0.974048,0
173025,0.056133,0.943867,0
173154,0.065738,0.934262,0
173239,0.127798,0.872202,0
173316,0.134978,0.865022,0
173317,0.060418,0.939582,0
173514,0.020122,0.979878,0
173534,0.007791,0.992209,1
173613,0.143294,0.856706,0
173669,0.021355,0.978645,0
173705,0.10798,0.89202,0
173767,0.007382,0.992618,0
173796,0.016682,0.983318,0
173803,0.015883,0.984117,0
173818,0.063251,0.936749,0
173887,0.008391,0.991609,0
173958,0.021837,0.978163,0
174124,0.0695,0.9305,0
174157,0.067151,0.932849,0
174295,0.016611,0.983389,0
174316,0.009394,0.990606,0
174350,0.03687,0.96313,0
174378,0.077938,0.922062,1
174437,0.035731,0.964269,0
174457,0.01055,0.98945,0
174558,0.016191,0.983809,0
174573,0.003428,0.996572,0
174616,0.177684,0.822316,0
174649,0.159741,0.840259,0
174738,0.070845,0.929155,0
174778,0.008364,0.991636,0
174790,0.049928,0.950072,0
174800,0.014181,0.985819,0
174828,0.045353,0.954647,0
174844,0.137275,0.862725,0
174857,0.020532,0.979468,0
174891,0.061349,0.938651,0
175049,0.003552,0.996448,0
175102,0.111048,0.888952,0
175110,0.058657,0.941343,0
175174,0.019059,0.980941,0
175247,0.169895,0.830105,0
175312,0.038967,0.961033,0
175317,0.035027,0.964973,0
175322,0.065339,0.934661,0
175328,0.023222,0.976778,0
175405,0.038603,0.961397,0
175440,0.134978,0.865022,1
175470,0.113209,0.886791,0
175490,0.011948,0.988052,0
175532,0.041523,0.958477,0
175539,0.141571,0.858429,0
175608,0.024099,0.975901,0
175619,0.032549,0.967451,0
175757,0.017188,0.982812,0
175777,0.177367,0.822633,1
175837,0.124331,0.875669,1
175855,0.006958,0.993042,0
175943,0.004082,0.995918,0
175945,0.18575,0.81425,0
175996,0.095781,0.904219,0
176001,0.002637,0.997363,0
176033,0.075327,0.924673,0
176068,0.008713,0.991287,0
176127,0.086358,0.913642,0
176142,0.026703,0.973297,0
176170,0.010293,0.989707,1
176182,0.246856,0.753144,0
176217,0.00963,0.99037,0
176222,0.089049,0.910951,0
176241,0.036144,0.963856,0
176256,0.010326,0.989674,0
176277,0.038362,0.961638,0
176338,0.082336,0.917664,0
176354,0.183139,0.816861,0
176388,0.035248,0.964752,0
176493,0.009374,0.990626,0
176504,0.212722,0.787278,1
176510,0.053877,0.946123,0
176521,0.08949,0.91051,0
176523,0.01071,0.98929,0
176594,0.053217,0.946783,0
176598,0.073386,0.926614,0
176600,0.010825,0.989175,0
176778,0.023569,0.976431,0
176812,0.062866,0.937134,0
176843,0.082747,0.917253,0
176855,0.022663,0.977337,0
176876,0.034301,0.965699,0
176885,0.002793,0.997207,0
177025,0.00876,0.99124,0
177035,0.164606,0.835394,0
177080,0.036563,0.963437,0
177095,0.194096,0.805904,0
177213,0.142629,0.857371,1
177235,0.074053,0.925947,0
177252,0.129134,0.870866,0
177257,0.028239,0.971761,0
177407,0.010733,0.989267,0
177472,0.039008,0.960992,0
177502,0.028508,0.971492,1
177513,0.075782,0.924218,1
177623,0.021085,0.978915,0
177635,0.162675,0.837325,0
177718,0.013046,0.986954,0
177757,0.202724,0.797276,0
177804,0.038402,0.961598,0
177808,0.049569,0.950431,0
177845,0.005251,0.994749,0
177914,0.095969,0.904031,0
177963,0.095875,0.904125,1
178025,0.016295,0.983705,0
178044,0.032858,0.967142,0
178049,0.016664,0.983336,0
178121,0.058477,0.941523,1
178158,0.120485,0.879515,0
178251,0.001672,0.998328,0
178326,0.277473,0.722527,1
178397,0.013675,0.986325,0
178463,0.007041,0.992959,0
178492,0.077471,0.922529,0
178518,0.032961,0.967039,0
178536,0.013371,0.986629,0
178599,0.036601,0.963399,0
178642,0.015267,0.984733,0
178743,0.014566,0.985434,0
178780,0.155562,0.844438,1
178816,0.115516,0.884484,0
178880,0.070346,0.929654,0
178915,0.017822,0.982178,0
178930,0.014849,0.985151,0
178997,0.001754,0.998246,0
179021,0.22195,0.77805,0
179052,0.004078,0.995922,0
179055,0.190724,0.809276,0
179056,0.095499,0.904501,0
179057,0.013616,0.986384,0
179096,0.024356,0.975644,0
179219,0.088173,0.911827,0
179242,0.074202,0.925798,0
179293,0.003146,0.996854,0
179294,0.149808,0.850192,0
179311,0.004263,0.995737,0
179372,0.062611,0.937389,0
179397,0.064483,0.935517,0
179436,0.199932,0.800068,0
179454,0.111693,0.888307,0
179524,0.209111,0.790889,1
179569,0.057294,0.942706,0
179620,0.058537,0.941463,0
179636,0.015008,0.984992,0
179732,0.023594,0.976406,0
179783,0.024903,0.975097,0
179794,0.036524,0.963476,0
179795,0.172978,0.827022,0
179811,0.046445,0.953555,0
179831,0.230689,0.769311,0
179892,0.127798,0.872202,0
179900,0.12292,0.87708,0
179915,0.100977,0.899023,0
179934,0.032686,0.967314,0
179954,0.029517,0.970483,0
179964,0.053932,0.946068,0
180028,0.019615,0.980385,0
180051,0.067972,0.932028,0
180069,0.030368,0.969632,0
180162,0.004957,0.995043,0
180169,0.023099,0.976901,0
180231,0.033944,0.966056,0
180308,0.013243,0.986757,0
180346,0.027043,0.972957,0
180401,0.032378,0.967622,0
180421,0.096725,0.903275,0
180427,0.026394,0.973606,0
180499,0.053491,0.946509,0
180532,0.123742,0.876258,0
180562,0.049671,0.950329,0
180572,0.188059,0.811941,0
180693,0.327286,0.672714,1
180709,0.101174,0.898826,0
180966,0.133465,0.866535,0
181053,0.102066,0.897934,0
181059,0.027591,0.972409,0
181078,0.176419,0.823581,0
181101,0.014442,0.985558,0
181119,0.017822,0.982178,0
181138,0.10029,0.89971,0
181149,0.079989,0.920011,1
181159,0.164457,0.835543,0
181217,0.25419,0.74581,0
181234,0.016243,0.983757,0
181361,0.039746,0.960254,0
181362,0.011595,0.988405,0
181491,0.024074,0.975926,0
181670,0.020015,0.979985,0
181708,0.036754,0.963246,0
181727,0.034265,0.965735,0
181857,0.129745,0.870255,0
181877,0.007303,0.992697,0
181925,0.061474,0.938526,0
181956,0.010426,0.989574,0
182075,0.027972,0.972028,0
182134,0.31265,0.68735,0
182137,0.079591,0.920409,0
182178,0.272713,0.727287,0
182195,0.198375,0.801625,0
182311,0.092816,0.907184,0
182344,0.007094,0.992906,0
182436,0.020774,0.979226,0
182445,0.130359,0.869641,0
182447,0.104477,0.895523,0
182499,0.022711,0.977289,0
182636,0.015283,0.984717,0
182657,0.189554,0.810446,0
182692,0.111908,0.888092,0
182727,0.222325,0.777675,0
182760,0.04105,0.95895,0
182801,0.126833,0.873167,0
182831,0.06048,0.93952,0
182839,0.019059,0.980941,0
182877,0.059928,0.940072,0
182884,0.063573,0.936427,0
182928,0.009661,0.990339,0
182963,0.013941,0.986059,0
182987,0.042882,0.957118,0
182990,0.022904,0.977096,0
183190,0.03231,0.96769,0
183192,0.016969,0.983031,1
183218,0.007335,0.992665,0
183355,0.180235,0.819765,0
183364,0.021265,0.978735,0
183376,0.113209,0.886791,0
183392,0.012879,0.987121,0
183502,0.003416,0.996584,0
183531,0.006061,0.993939,0
183637,0.07991,0.92009,0
183647,0.073904,0.926096,0
183710,0.214911,0.785089,0
183724,0.169895,0.830105,0
183781,0.032651,0.967349,0
183804,0.323,0.677,0
183826,0.038083,0.961917,0
183846,0.081114,0.918886,0
183850,0.048807,0.951193,0
183869,0.125994,0.874006,0
183949,0.009945,0.990055,0
183968,0.046301,0.953699,0
184012,0.018797,0.981203,0
184135,0.040837,0.959163,0
184180,0.035918,0.964082,0
184205,0.159014,0.840986,0
184217,0.014181,0.985819,0
184281,0.049979,0.950021,0
184302,0.048757,0.951243,0
184361,0.091004,0.908996,0
184375,0.068316,0.931684,0
184440,0.020884,0.979116,0
184451,0.130976,0.869024,0
184479,0.037452,0.962548,0
184500,0.015089,0.984911,0
184536,0.188889,0.811111,0
184538,0.030592,0.969408,0
184738,0.030304,0.969696,0
184828,0.092451,0.907549,0
184830,0.033135,0.966865,0
184881,0.034229,0.965771,0
184942,0.016277,0.983723,0
184947,0.026255,0.973745,0
184969,0.014031,0.985969,0
185056,0.012194,0.987806,0
185074,0.090378,0.909622,0
185080,0.109769,0.890231,0
185089,0.013748,0.986252,0
185102,0.052027,0.947973,0
185109,0.004034,0.995966,0
185192,0.088085,0.911915,0
185217,0.02815,0.97185,0
185253,0.163564,0.836436,0
185275,0.065009,0.934991,0
185293,0.203778,0.796222,0
185312,0.028932,0.971068,0
185377,0.039008,0.960992,0
185411,0.091274,0.908726,0
185414,0.048356,0.951644,0
185455,0.013986,0.986014,0
185476,0.027884,0.972116,1
185484,0.095593,0.904407,0
185524,0.395238,0.604762,1
185533,0.009455,0.990545,0
185658,0.052027,0.947973,0
185668,0.0167,0.9833,0
185794,0.032074,0.967926,0
185911,0.059989,0.940011,0
185929,0.025733,0.974267,0
186001,0.048456,0.951544,0
186009,0.121523,0.878477,0
186081,0.055618,0.944382,0
186161,0.017539,0.982461,0
186163,0.035101,0.964899,0
186197,0.038967,0.961033,0
186331,0.008931,0.991069,0
186356,0.14052,0.85948,0
186390,0.08559,0.91441,0
186417,0.041523,0.958477,0
186515,0.036831,0.963169,0
186578,0.016002,0.983998,0
186607,0.014722,0.985278,0
186629,0.106939,0.893061,1
186638,0.205544,0.794456,0
186684,0.027129,0.972871,0
186692,0.098637,0.901363,0
186698,0.029331,0.970669,0
186744,0.28759,0.71241,1
186824,0.029238,0.970762,0
186849,0.01769,0.98231,0
186864,0.104072,0.895928,0
186891,0.056248,0.943752,0
187112,0.006041,0.993959,0
187268,0.004258,0.995742,0
187331,0.258742,0.741258,1
187333,0.117415,0.882585,0
187355,0.017483,0.982517,0
187445,0.105599,0.894401,0
187504,0.017671,0.982329,0
187520,0.025142,0.974858,0
187562,0.023519,0.976481,0
187567,0.06756,0.93244,0
187633,0.099218,0.900782,0
187670,0.078485,0.921515,0
187702,0.047172,0.952828,0
187736,0.013357,0.986643,0
187830,0.069781,0.930219,0
187840,0.004235,0.995765,0
187939,0.099121,0.900879,0
187943,0.123624,0.876376,1
187978,0.050289,0.949711,0
187981,0.174535,0.825465,0
188020,0.033908,0.966092,0
188041,0.006501,0.993499,0
188098,0.031672,0.968328,0
188188,0.124095,0.875905,0
188205,0.085675,0.914325,0
188292,0.033944,0.966056,0
188393,0.114083,0.885917,0
188419,0.114853,0.885147,1
188437,0.05421,0.94579,0
188473,0.015481,0.984519,0
188490,0.067424,0.932576,0
188581,0.022023,0.977977,0
188608,0.130482,0.869518,1
188620,0.059138,0.940862,0
188687,0.085421,0.914579,0
188755,0.028749,0.971251,0
188824,0.008798,0.991202,0
188922,0.096346,0.903654,1
188934,0.157713,0.842287,0
188972,0.08152,0.91848,0
189090,0.11234,0.88766,0
189111,0.004413,0.995587,0
189122,0.001024,0.998976,0
189124,0.026366,0.973634,0
189133,0.008951,0.991049,0
189190,0.020315,0.979685,0
189220,0.004091,0.995909,0
189232,0.014928,0.985072,0
189329,0.283605,0.716395,1
189359,0.045118,0.954882,0
189410,0.096725,0.903275,0
189476,0.022929,0.977071,0
189500,0.004785,0.995215,0
189563,0.0262,0.9738,0
189629,0.055561,0.944439,0
189702,0.02337,0.97663,0
189703,0.102165,0.897835,0
189781,0.224962,0.775038,0
189785,0.162085,0.837915,1
189849,0.018737,0.981263,0
190015,0.009807,0.990193,0
190019,0.05081,0.94919,0
190047,0.017115,0.982885,0
190051,0.04324,0.95676,0
190073,0.005012,0.994988,0
190083,0.092542,0.907458,0
190203,0.015365,0.984635,0
190241,0.047563,0.952437,0
190266,0.031275,0.968725,0
190298,0.009796,0.990204,0
190344,0.118544,0.881456,0
190411,0.033065,0.966935,0
190430,0.155991,0.844009,1
190506,0.033519,0.966481,1
190601,0.046831,0.953169,0
190603,0.211272,0.788728,0
190796,0.038402,0.961598,1
191058,0.10519,0.89481,0
191072,0.011373,0.988627,0
191122,0.046494,0.953506,0
191193,0.016915,0.983085,0
191197,0.014288,0.985712,0
191269,0.025062,0.974938,0
191317,0.0153,0.9847,0
191333,0.067219,0.932781,0
191395,0.286702,0.713298,0
191397,0.010756,0.989244,0
191461,0.063767,0.936233,0
191500,0.116518,0.883482,0
191530,0.021107,0.978893,0
191559,0.027504,0.972496,0
191600,0.094659,0.905341,0
191602,0.011987,0.988013,0
191634,0.005296,0.994704,0
191635,0.093365,0.906635,1
191693,0.08861,0.91139,0
191714,0.02382,0.97618,0
191829,0.05706,0.94294,1
191839,0.018539,0.981461,0
191861,0.008509,0.991491,0
191863,0.076853,0.923147,0
191892,0.042044,0.957956,0
191913,0.053162,0.946838,0
191980,0.083242,0.916758,0
192044,0.102864,0.897136,0
192098,0.242445,0.757555,0
192100,0.128647,0.871353,1
192104,0.051125,0.948875,0
192127,0.02342,0.97658,0
192295,0.045072,0.954928,0
192344,0.201324,0.798676,0
192362,0.099899,0.900101,0
192364,0.035359,0.964641,0
192365,0.00388,0.99612,0
192372,0.014258,0.985742,0
192378,0.073386,0.926614,1
192500,0.173599,0.826401,1
192512,0.005447,0.994553,0
192533,0.198375,0.801625,1
192543,0.004427,0.995573,0
192647,0.018187,0.981813,0
192661,0.018032,0.981968,0
192702,0.023669,0.976331,0
192824,0.022687,0.977313,0
192886,0.038603,0.961397,0
192916,0.037374,0.962626,0
193023,0.010584,0.989416,0
193101,0.044607,0.955393,0
193114,0.099996,0.900004,1
193215,0.04433,0.95567,0
193218,0.019782,0.980218,0
193276,0.034015,0.965985,0
193361,0.042704,0.957296,0
193429,0.094473,0.905527,0
193456,0.04088,0.95912,0
193748,0.236516,0.763484,0
193811,0.015073,0.984927,0
193818,0.037024,0.962976,0
193830,0.087218,0.912782,0
193865,0.040668,0.959332,0
193986,0.00618,0.99382,0
194162,0.044792,0.955208,0
194226,0.018519,0.981481,0
194263,0.161938,0.838062,0
194287,0.021265,0.978735,1
194354,0.454015,0.545985,0
194396,0.019325,0.980675,0
194398,0.063961,0.936039,0
194404,0.013342,0.986658,0
194411,0.232233,0.767767,0
194444,0.01071,0.98929,0
194458,0.176735,0.823265,0
194495,0.152312,0.847688,0
194562,0.022023,0.977977,0
194592,0.0132,0.9868,0
194672,0.052134,0.947866,0
194778,0.286702,0.713298,0
194780,0.011264,0.988736,0
194825,0.049111,0.950889,0
194873,0.017652,0.982348,1
194924,0.169284,0.830716,0
195027,0.061162,0.938838,0
195153,0.093182,0.906818,0
195256,0.06908,0.93092,0
195299,0.017115,0.982885,0
195385,0.193757,0.806243,0
195387,0.034662,0.965338,1
195500,0.01477,0.98523,0
195513,0.048556,0.951444,0
195608,0.0293,0.9707,0
195700,0.047514,0.952486,0
195733,0.008319,0.991681,0
195894,0.056769,0.943231,0
195916,0.009145,0.990855,0
195926,0.166856,0.833144,0
195960,0.000849,0.999151,0
196022,0.036716,0.963284,0
196096,0.208394,0.791606,0
196170,0.076546,0.923454,0
196257,0.187397,0.812603,0
196288,0.151195,0.848805,0
196315,0.013689,0.986311,0
196454,0.031839,0.968161,0
196540,0.056363,0.943637,0
196596,0.025924,0.974076,1
196630,0.01177,0.98823,0
196638,0.018897,0.981103,0
196694,0.073904,0.926096,0
196722,0.058957,0.941043,0
196786,0.018897,0.981103,0
196812,0.184931,0.815069,0
196949,0.087737,0.912263,0
196998,0.029054,0.970946,0
197062,0.068732,0.931268,0
197066,0.006041,0.993959,0
197124,0.026901,0.973099,0
197233,0.011252,0.988748,0
197271,0.033135,0.966865,1
197285,0.047662,0.952338,0
197317,0.034991,0.965009,0
197343,0.072432,0.927568,0
197417,0.034229,0.965771,0
197457,0.241251,0.758749,0
197474,0.015781,0.984219,0
197543,0.149946,0.850054,0
197545,0.023198,0.976802,0
197550,0.007438,0.992562,0
197615,0.085845,0.914155,0
197769,0.048456,0.951544,0
197843,0.050497,0.949503,0
197846,0.034771,0.965229,0
197900,0.162528,0.837472,0
197955,0.092724,0.907276,0
197962,0.085931,0.914069,0
197975,0.035918,0.964082,1
197977,0.121755,0.878245,0
198021,0.154001,0.845999,0
198086,0.032651,0.967349,0
198139,0.014273,0.985727,0
198170,0.069851,0.930149,0
198174,0.108714,0.891286,0
198203,0.08949,0.91051,0
198235,0.016036,0.983964,0
198240,0.029766,0.970234,0
198252,0.016019,0.983981,0
198267,0.044101,0.955899,0
198274,0.016243,0.983757,0
198297,0.010085,0.989915,0
198316,0.036562,0.963438,0
198397,0.030018,0.969982,0
198442,0.05505,0.94495,0
198555,0.248068,0.751932,0
198563,0.144095,0.855905,0
198648,0.020358,0.979642,0
198735,0.287146,0.712854,1
198750,0.0902,0.9098,0
198818,0.03687,0.96313,0
198880,0.033379,0.966621,0
198920,0.044376,0.955624,0
198960,0.024772,0.975228,0
198971,0.035582,0.964418,0
199034,0.019803,0.980197,0
199054,0.061977,0.938023,0
199106,0.02587,0.97413,0
199113,0.028689,0.971311,0
199134,0.013214,0.986786,0
199219,0.008713,0.991287,0
199225,0.074053,0.925947,0
199383,0.076469,0.923531,0
199392,0.056479,0.943521,0
199399,0.079512,0.920488,0
199501,0.005675,0.994325,0
199569,0.024772,0.975228,0
199639,0.032209,0.967791,0
199730,0.007649,0.992351,0
199745,0.033309,0.966691,0
199796,0.006861,0.993139,0
199814,0.030818,0.969182,1
199929,0.035656,0.964344,0
199989,0.099412,0.900588,0
200072,0.135486,0.864514,0
200143,0.077239,0.922761,0
200212,0.08055,0.91945,0
200280,0.195117,0.804883,0
200307,0.180877,0.819123,0
200360,0.164755,0.835245,0
200362,0.057764,0.942236,0
200388,0.02878,0.97122,0
200566,0.030464,0.969536,0
200626,0.014628,0.985372,0
200667,0.004827,0.995173,0
200673,0.185095,0.814905,0
200696,0.050237,0.949763,0
200783,0.003908,0.996092,0
200807,0.013837,0.986163,0
200855,0.143694,0.856306,0
200858,0.029641,0.970359,0
200866,0.037296,0.962704,0
200956,0.024824,0.975176,0
200961,0.102066,0.897934,0
200973,0.082254,0.917746,0
200988,0.013689,0.986311,0
201069,0.050341,0.949659,0
201071,0.1449,0.8551,0
201111,0.104681,0.895319,0
201134,0.13234,0.86766,0
201168,0.055618,0.944382,0
201180,0.00897,0.99103,0
201193,0.10924,0.89076,0
201205,0.054545,0.945455,0
201213,0.040752,0.959248,0
201217,0.06943,0.93057,0
201438,0.032927,0.967073,0
201533,0.009786,0.990214,0
201578,0.127798,0.872202,0
201584,0.304317,0.695683,0
201585,0.012769,0.987231,0
201632,0.020796,0.979204,0
201633,0.027158,0.972842,0
201697,0.018558,0.981442,0
201707,0.103466,0.896534,0
201759,0.076776,0.923224,1
201790,0.010573,0.989427,0
201854,0.015121,0.984879,0
201999,0.114853,0.885147,0
202030,0.091094,0.908906,0
202031,0.039581,0.960419,0
202052,0.067629,0.932371,0
202082,0.005285,0.994715,0
202122,0.014613,0.985387,0
202143,0.052673,0.947327,0
202266,0.044101,0.955899,0
202291,0.013228,0.986772,0
202330,0.0745,0.9255,0
202361,0.028962,0.971038,0
202413,0.082829,0.917171,0
202428,0.008125,0.991875,0
202536,0.024983,0.975017,0
202553,0.036448,0.963552,0
202588,0.060789,0.939211,1
202596,0.077782,0.922218,0
202598,0.017936,0.982064,0
202714,0.379787,0.620213,1
202757,0.068801,0.931199,0
202766,0.006995,0.993005,0
202788,0.12083,0.87917,0
202808,0.019888,0.980112,0
202873,0.007918,0.992082,1
202901,0.017316,0.982684,0
202948,0.122337,0.877663,0
202995,0.060665,0.939335,0
203024,0.012512,0.987488,0
203151,0.209829,0.790171,0
203184,0.092269,0.907731,0
203303,0.061725,0.938275,0
203342,0.023272,0.976728,0
203386,0.077549,0.922451,0
203404,0.278344,0.721656,1
203491,0.060418,0.939582,0
203494,0.010607,0.989393,0
203501,0.01809,0.98191,0
203526,0.036486,0.963514,0
203593,0.026034,0.973966,0
203690,0.147883,0.852117,0
203733,0.172048,0.827952,0
203748,0.217855,0.782145,0
203792,0.243642,0.756358,0
203812,0.109875,0.890125,0
203817,0.01167,0.98833,0
203855,0.109029,0.890971,0
203891,0.017614,0.982386,0
203901,0.001887,0.998113,0
203985,0.159887,0.840113,0
204053,0.153719,0.846281,1
204110,0.033135,0.966865,0
204146,0.148294,0.851706,0
204184,0.069289,0.930711,0
204300,0.02733,0.97267,0
204302,0.005881,0.994119,0
204308,0.205544,0.794456,0
204328,0.031772,0.968228,0
204368,0.031144,0.968856,0
204395,0.048157,0.951843,0
204400,0.123507,0.876493,0
204479,0.024125,0.975875,0
204517,0.04688,0.95312,0
204582,0.27617,0.72383,1
204652,0.007295,0.992705,0
204787,0.262926,0.737074,1
204792,0.00743,0.99257,0
204810,0.103466,0.896534,1
204838,0.124331,0.875669,1
204947,0.437396,0.562604,1
204968,0.05176,0.94824,1
204982,0.083991,0.916009,0
204990,0.004895,0.995105,0
205046,0.106113,0.893887,0
205105,0.060172,0.939828,0
205108,0.012893,0.987107,0
205200,0.052511,0.947489,0
205205,0.038162,0.961838,0
205267,0.022567,0.977433,0
205280,0.104579,0.895421,0
205288,0.03547,0.96453,0
205318,0.016789,0.983211,0
205416,0.063896,0.936104,0
205462,0.075706,0.924294,1
205465,0.083991,0.916009,0
205592,0.086272,0.913728,0
205632,0.042044,0.957956,0
205676,0.020358,0.979642,0
205772,0.063767,0.936233,0
205794,0.027244,0.972756,0
205816,0.081764,0.918236,0
205874,0.09401,0.90599,0
205876,0.039457,0.960543,0
205911,0.106422,0.893578,0
205920,0.077394,0.922606,0
205944,0.125279,0.874721,0
206000,0.096725,0.903275,0
206055,0.041566,0.958434,0
206085,0.063058,0.936942,0
206104,0.014442,0.985558,1
206118,0.012378,0.987622,0
206128,0.110194,0.889806,0
206161,0.139344,0.860656,0
206189,0.03366,0.96634,0
206219,0.11585,0.88415,0
206222,0.005681,0.994319,0
206337,0.033414,0.966586,0
206352,0.03085,0.96915,0
206385,0.019615,0.980385,0
206445,0.045025,0.954975,0
206457,0.003335,0.996665,0
206515,0.143427,0.856573,1
206572,0.012633,0.987367,0
206591,0.057529,0.942471,0
206613,0.127556,0.872444,0
206646,0.052565,0.947435,1
206678,0.13234,0.86766,0
206732,0.027972,0.972028,0
206733,0.052781,0.947219,1
206737,0.022904,0.977096,0
206754,0.058298,0.941702,0
206761,0.033766,0.966234,0
206796,0.034445,0.965555,0
206800,0.147883,0.852117,0
206808,0.085251,0.914749,0
206816,0.0201,0.9799,0
206826,0.034699,0.965301,0
206857,0.004842,0.995158,0
206899,0.027186,0.972814,0
206971,0.161791,0.838209,0
206976,0.001838,0.998162,0
207067,0.074276,0.925724,0
207068,0.01846,0.98154,0
207106,0.16837,0.83163,0
207121,0.003239,0.996761,0
207137,0.007816,0.992184,0
207152,0.049722,0.950278,0
207160,0.004708,0.995292,0
207190,0.012865,0.987135,0
207196,0.048206,0.951794,0
207206,0.013631,0.986369,0
207226,0.094288,0.905712,0
207239,0.046254,0.953746,0
207346,0.050134,0.949866,0
207400,0.140258,0.859742,1
207465,0.047318,0.952682,0
207508,0.0049,0.9951,0
207521,0.008951,0.991049,0
207585,0.196141,0.803859,1
207611,0.018697,0.981303,0
207668,0.255426,0.744574,1
207716,0.105395,0.894605,0
207763,0.055732,0.944268,0
207764,0.148705,0.851295,0
207788,0.016593,0.983407,0
207851,0.005342,0.994658,0
207900,0.007858,0.992142,0
207920,0.051601,0.948399,0
207980,0.01262,0.98738,0
207986,0.052619,0.947381,0
208010,0.019202,0.980798,0
208084,0.041008,0.958992,0
208085,0.016036,0.983964,0
208152,0.092542,0.907458,0
208367,0.237301,0.762699,1
208442,0.024304,0.975696,0
208445,0.043555,0.956445,0
208456,0.005736,0.994264,0
208525,0.057001,0.942999,1
208536,0.022258,0.977742,0
208537,0.056537,0.943463,0
208539,0.099218,0.900782,1
208564,0.025598,0.974402,0
208617,0.061412,0.938588,0
208621,0.129501,0.870499,0
208634,0.036754,0.963246,0
208671,0.02113,0.97887,0
208731,0.01046,0.98954,0
208752,0.011657,0.988343,0
208770,0.059259,0.940741,0
208862,0.073312,0.926688,0
209017,0.014258,0.985742,0
209020,0.113864,0.886136,0
209023,0.026844,0.973156,0
209029,0.086187,0.913813,0
209066,0.044468,0.955532,0
209070,0.011974,0.988026,1
209099,0.024433,0.975567,0
209185,0.062103,0.937897,0
209217,0.048456,0.951544,0
209261,0.068871,0.931129,0
209310,0.007414,0.992586,0
209380,0.028209,0.971791,0
209397,0.109029,0.890971,1
209545,0.034409,0.965591,0
209650,0.079591,0.920409,0
209663,0.142895,0.857105,0
209693,0.021652,0.978348,0
209745,0.161203,0.838797,0
209836,0.03024,0.96976,0
209876,0.022471,0.977529,0
209890,0.027158,0.972842,0
209925,0.14625,0.85375,0
209946,0.024641,0.975359,0
210024,0.054489,0.945511,0
210057,0.056075,0.943925,0
210126,0.043465,0.956535,0
210193,0.114743,0.885257,0
210298,0.130605,0.869395,0
210311,0.224962,0.775038,0
210319,0.02377,0.97623,0
210336,0.05806,0.94194,1
210339,0.057764,0.942236,0
210343,0.095781,0.904219,0
210389,0.035881,0.964119,0
210392,0.031839,0.968161,0
210424,0.09663,0.90337,0
210434,0.061851,0.938149,0
210539,0.006973,0.993027,0
210546,0.027884,0.972116,0
210548,0.033414,0.966586,0
210557,0.103567,0.896433,0
210563,0.010031,0.989969,0
210822,0.031407,0.968593,0
210865,0.017298,0.982702,0
210878,0.009765,0.990235,0
210899,0.014865,0.985135,0
211022,0.021333,0.978667,0
211063,0.048008,0.951992,0
211069,0.192067,0.807933,1
211075,0.094288,0.905712,0
211087,0.12014,0.87986,1
211093,0.076853,0.923147,0
211100,0.156706,0.843294,0
211121,0.01633,0.98367,0
211151,0.011657,0.988343,0
211159,0.060913,0.939087,0
211197,0.010978,0.989022,0
211221,0.022258,0.977742,0
211237,0.009404,0.990596,0
211250,0.127194,0.872806,0
211277,0.112124,0.887876,0
211426,0.156276,0.843724,1
211458,0.0825,0.9175,0
211503,0.04781,0.95219,0
211535,0.12804,0.87196,0
211620,0.052944,0.947056,0
211644,0.124449,0.875551,0
211677,0.009214,0.990786,0
211789,0.07465,0.92535,0
211814,0.010227,0.989773,0
211836,0.049928,0.950072,0
211989,0.023321,0.976679,0
212006,0.010641,0.989359,1
212020,0.028871,0.971129,0
212056,0.083242,0.916758,1
212060,0.014597,0.985403,0
212063,0.026646,0.973354,0
212115,0.017898,0.982102,0
212117,0.186408,0.813592,0
212125,0.039499,0.960501,0
212205,0.052457,0.947543,0
212212,0.003859,0.996141,0
212216,0.142895,0.857105,0
212268,0.011192,0.988808,0
212286,0.092998,0.907002,0
212306,0.183952,0.816048,0
212399,0.012948,0.987052,0
212412,0.152312,0.847688,0
212418,0.057177,0.942823,0
212452,0.101867,0.898133,1
212504,0.017151,0.982849,0
212558,0.048256,0.951744,0
212564,0.15829,0.84171,0
212567,0.094752,0.905248,0
212593,0.111048,0.888952,0
212627,0.130852,0.869148,1
212630,0.004932,0.995068,0
212665,0.050653,0.949347,1
212890,0.014349,0.985651,0
212975,0.093733,0.906267,1
213056,0.037806,0.962194,0
213092,0.234173,0.765827,1
213099,0.054377,0.945623,0
213163,0.041696,0.958304,0
213218,0.058957,0.941043,0
213296,0.129868,0.870132,0
213326,0.089402,0.910598,0
213345,0.092269,0.907731,0
213346,0.043285,0.956715,0
213355,0.053436,0.946564,0
213398,0.061851,0.938149,0
213426,0.1449,0.8551,1
213437,0.029829,0.970171,0
213484,0.071131,0.928869,1
213732,0.116742,0.883258,0
213748,0.011471,0.988529,0
213820,0.090111,0.909889,0
213841,0.005681,0.994319,0
213909,0.009274,0.990726,0
213952,0.034409,0.965591,0
213985,0.053327,0.946673,0
214024,0.231074,0.768926,0
214091,0.011595,0.988405,0
214183,0.138307,0.861693,0
214248,0.015186,0.984814,0
214341,0.056075,0.943925,0
214362,0.06223,0.93777,0
214450,0.010205,0.989795,0
214461,0.018777,0.981223,1
214511,0.368103,0.631897,0
214522,0.003866,0.996134,0
214573,0.017115,0.982885,0
214698,0.164457,0.835543,0
214712,0.049364,0.950636,0
214817,0.003255,0.996745,0
214829,0.014242,0.985758,0
214872,0.002626,0.997374,0
214880,0.070063,0.929937,0
214900,0.026478,0.973522,0
214911,0.019698,0.980302,0
214987,0.125279,0.874721,0
215002,0.036754,0.963246,0
215047,0.022759,0.977241,0
215168,0.037805,0.962195,0
215180,0.031078,0.968922,0
215183,0.131099,0.868901,0
215237,0.098831,0.901169,0
215238,0.021062,0.978938,0
215240,0.038083,0.961917,0
215284,0.066408,0.933592,0
215325,0.057352,0.942648,0
215340,0.037257,0.962743,0
215355,0.010989,0.989011,0
215391,0.057646,0.942354,0
215411,0.03248,0.96752,0
215441,0.060665,0.939335,0
215478,0.078016,0.921984,0
215480,0.007124,0.992876,0
215493,0.065738,0.934262,0
215497,0.016382,0.983618,0
215533,0.014519,0.985481,0
215578,0.020973,0.979027,0
215620,0.12257,0.87743,0
215654,0.119797,0.880203,0
215673,0.036486,0.963514,0
215690,0.292057,0.707943,1
215701,0.071203,0.928797,0
215709,0.049671,0.950329,0
215747,0.056421,0.943579,0
215758,0.163861,0.836139,0
215852,0.061788,0.938212,0
215879,0.103065,0.896935,0
215983,0.067492,0.932508,0
216040,0.00796,0.99204,0
216091,0.011037,0.988963,0
216102,0.004858,0.995142,0
216109,0.034015,0.965985,0
216206,0.05505,0.94495,0
216352,0.004959,0.995041,0
216371,0.064745,0.935255,0
216497,0.006061,0.993939,0
216513,0.038643,0.961357,0
216540,0.107146,0.892854,0
216588,0.05671,0.94329,0
216652,0.228004,0.771996,1
216661,0.102165,0.897835,0
216665,0.078564,0.921436,0
216675,0.273574,0.726426,0
216678,0.034626,0.965374,0
216727,0.290712,0.709288,0
216754,0.009506,0.990494,0
216791,0.007995,0.992005,0
216906,0.051654,0.948346,0
216913,0.136634,0.863366,0
216970,0.011796,0.988204,0
217187,0.066273,0.933727,0
217206,0.026117,0.973883,1
217265,0.022093,0.977907,0
217296,0.108399,0.891601,0
217324,0.009818,0.990182,0
217346,0.031739,0.968261,0
217392,0.086101,0.913899,0
217420,0.12083,0.87917,0
217443,0.006233,0.993767,0
217490,0.018677,0.981323,0
217498,0.034229,0.965771,1
217528,0.015714,0.984286,0
217606,0.031705,0.968295,0
217611,0.037687,0.962313,0
217665,0.095593,0.904407,0
217726,0.014849,0.985151,1
217831,0.114963,0.885037,0
217866,0.21418,0.78582,0
217869,0.007264,0.992736,0
217878,0.006621,0.993379,0
217884,0.182167,0.817833,0
217939,0.069359,0.930641,0
218028,0.02659,0.97341,0
218076,0.058957,0.941043,0
218171,0.086787,0.913213,0
218190,0.011961,0.988039,0
218206,0.099606,0.900394,0
218228,0.077161,0.922839,0
218264,0.064877,0.935123,0
218306,0.033204,0.966796,0
218335,0.090022,0.909978,0
218405,0.036677,0.963323,0
218417,0.022329,0.977671,0
218438,0.044839,0.955161,0
218509,0.063767,0.936233,0
218549,0.022591,0.977409,0
218557,0.030818,0.969182,0
218606,0.059319,0.940681,0
218613,0.002026,0.997974,0
218689,0.096252,0.903748,0
218745,0.119226,0.880774,0
218761,0.022376,0.977624,0
218878,0.061412,0.938588,0
218917,0.030786,0.969214,0
219093,0.0972,0.9028,0
219100,0.004519,0.995481,0
219104,0.025088,0.974912,0
219133,0.035433,0.964567,0
219142,0.028418,0.971582,0
219244,0.024253,0.975747,0
219334,0.143962,0.856038,1
219335,0.007883,0.992117,0
219354,0.139996,0.860004,0
219419,0.047172,0.952828,0
219427,0.013471,0.986529,1
219429,0.045494,0.954506,0
219471,0.020906,0.979094,0
219603,0.032344,0.967656,0
219652,0.011385,0.988615,0
219669,0.243642,0.756358,0
219696,0.0135,0.9865,0
219759,0.059259,0.940741,0
219763,0.186902,0.813098,0
219790,0.057352,0.942648,0
219881,0.095687,0.904313,0
219896,0.092907,0.907093,0
220154,0.117865,0.882135,0
220162,0.015547,0.984453,0
220235,0.418274,0.581726,1
220295,0.040414,0.959586,0
220330,0.293404,0.706596,0
220346,0.012715,0.987285,0
220414,0.008864,0.991136,0
220460,0.352103,0.647897,1
220491,0.213815,0.786185,0
220531,0.014197,0.985803,0
220581,0.021446,0.978554,0
220712,0.223829,0.776171,1
220757,0.040121,0.959879,0
220831,0.005887,0.994113,0
220838,0.020707,0.979293,0
220845,0.149669,0.850331,0
220864,0.007649,0.992351,0
220941,0.110407,0.889593,0
220961,0.006397,0.993603,0
221010,0.081927,0.918073,0
221018,0.070063,0.929937,0
221028,0.187067,0.812933,0
221060,0.07383,0.92617,1
221113,0.013088,0.986912,0
221188,0.128525,0.871475,0
221192,0.02961,0.97039,0
221201,0.111263,0.888737,0
221243,0.177367,0.822633,0
221281,0.100094,0.899906,1
221294,0.167158,0.832842,1
221304,0.02156,0.97844,0
221330,0.082254,0.917746,0
221352,0.079512,0.920488,0
221409,0.032961,0.967039,0
221434,0.042088,0.957912,0
221569,0.04135,0.95865,0
221599,0.123272,0.876728,0
221602,0.040837,0.959163,0
221664,0.024151,0.975849,0
221695,0.073533,0.926467,0
221761,0.12516,0.87484,0
221765,0.1421,0.8579,0
221786,0.102864,0.897136,0
221800,0.068316,0.931684,0
221830,0.02193,0.97807,0
221854,0.042263,0.957737,0
221934,0.125994,0.874006,0
221970,0.179594,0.820406,1
221983,0.021814,0.978186,0
222018,0.023519,0.976481,0
222113,0.073533,0.926467,0
222124,0.024956,0.975044,0
222184,0.023002,0.976998,0
222331,0.017994,0.982006,0
222410,0.013896,0.986104,0
222434,0.052836,0.947164,0
222529,0.023075,0.976925,0
222539,0.143561,0.856439,0
222559,0.197857,0.802143,0
222600,0.040246,0.959754,0
222601,0.032617,0.967383,0
222628,0.077704,0.922296,0
222652,0.061349,0.938651,0
222722,0.017727,0.982273,1
222772,0.023222,0.976778,0
222803,0.011987,0.988013,0
222807,0.014738,0.985262,0
222870,0.049364,0.950636,0
222874,0.041307,0.958693,0
222908,0.030176,0.969824,0
222929,0.033414,0.966586,0
223004,0.020293,0.979707,0
223010,0.086443,0.913557,0
223022,0.023222,0.976778,0
223034,0.04088,0.95912,0
223107,0.08374,0.91626,0
223192,0.006958,0.993042,0
223217,0.055675,0.944325,0
223232,0.032378,0.967622,0
223351,0.281406,0.718594,0
223576,0.15829,0.84171,0
223660,0.031605,0.968395,0
223766,0.077161,0.922839,1
223884,0.002787,0.997213,0
223958,0.25791,0.74209,0
224000,0.215644,0.784356,1
224012,0.074276,0.925724,0
224118,0.066812,0.933188,0
224150,0.041523,0.958477,0
224178,0.053767,0.946233,0
224264,0.023247,0.976753,0
224280,0.155848,0.844152,0
224284,0.03359,0.96641,0
224335,0.010618,0.989382,0
224360,0.011745,0.988255,0
224366,0.021698,0.978302,0
224419,0.01313,0.98687,0
224458,0.009425,0.990575,0
224460,0.1449,0.8551,0
224475,0.0611,0.9389,0
224484,0.021107,0.978893,0
224498,0.050341,0.949659,0
224531,0.007791,0.992209,0
224555,0.130359,0.869641,0
224569,0.059501,0.940499,0
224571,0.124923,0.875077,0
224574,0.085336,0.914664,0
224681,0.039375,0.960625,0
224693,0.007086,0.992914,0
224803,0.106422,0.893578,0
224817,0.020036,0.979964,0
224872,0.009274,0.990726,0
224908,0.004149,0.995851,0
224932,0.040163,0.959837,0
224969,0.029517,0.970483,0
225076,0.03547,0.96453,0
225091,0.083242,0.916758,0
225137,0.062547,0.937453,0
225188,0.132964,0.867036,0
225239,0.029455,0.970545,1
225257,0.113209,0.886791,0
225310,0.060665,0.939335,0
225354,0.04776,0.95224,0
225359,0.036716,0.963284,0
225438,0.010698,0.989302,0
225559,0.029362,0.970638,0
225598,0.045165,0.954835,0
225670,0.036716,0.963284,0
225708,0.077782,0.922218,0
225857,0.016122,0.983878,0
225926,0.07693,0.92307,0
225943,0.026145,0.973855,0
225951,0.054938,0.945062,0
225955,0.030018,0.969982,0
225981,0.048506,0.951494,0
226019,0.045494,0.954506,0
226028,0.100682,0.899318,0
226043,0.021606,0.978394,0
226055,0.174692,0.825308,0
226136,0.1505,0.8495,0
226148,0.04592,0.95408,0
226209,0.025897,0.974103,0
226281,0.086443,0.913557,0
226293,0.020015,0.979985,0
226341,0.034662,0.965338,0
226379,0.005051,0.994949,0
226381,0.034626,0.965374,0
226419,0.111908,0.888092,1
226429,0.107146,0.892854,0
226486,0.019656,0.980344,0
226488,0.057646,0.942354,0
226525,0.005996,0.994004,0
226577,0.293855,0.706145,1
226583,0.05123,0.94877,1
226601,0.014395,0.985605,1
226667,0.017879,0.982121,0
226717,0.245246,0.754754,0
226755,0.288926,0.711074,1
226819,0.009828,0.990172,0
226858,0.162528,0.837472,1
226919,0.010304,0.989696,0
226992,0.08374,0.91626,0
227034,0.027043,0.972957,0
227038,0.03248,0.96752,0
227043,0.008064,0.991936,0
227096,0.057823,0.942177,0
227119,0.016753,0.983247,0
227121,0.073978,0.926022,0
227127,0.015597,0.984403,0
227172,0.018401,0.981599,0
227187,0.02051,0.97949,0
227238,0.018013,0.981987,0
227256,0.064549,0.935451,0
227263,0.138954,0.861046,0
227266,0.011558,0.988442,0
227276,0.053711,0.946289,0
227359,0.008177,0.991823,0
227362,0.025598,0.974402,0
227396,0.014817,0.985183,0
227403,0.020315,0.979685,0
227430,0.187067,0.812933,1
227476,0.010584,0.989416,0
227498,0.038603,0.961397,0
227509,0.036524,0.963476,1
227527,0.041566,0.958434,0
227558,0.126234,0.873766,0
227588,0.109029,0.890971,0
227593,0.031046,0.968954,0
227628,0.039211,0.960789,0
227652,0.104681,0.895319,0
227661,0.176262,0.823738,0
227673,0.142497,0.857503,0
227718,0.038724,0.961276,0
227791,0.024253,0.975747,0
227841,0.029517,0.970483,0
227878,0.043964,0.956036,0
227921,0.01455,0.98545,0
227937,0.031639,0.968361,1
227955,0.117078,0.882922,0
227974,0.146928,0.853072,0
228009,0.011695,0.988305,0
228016,0.00169,0.99831,0
228030,0.108294,0.891706,0
228167,0.208394,0.791606,0
228173,0.036144,0.963856,0
228200,0.021469,0.978531,0
228235,0.122803,0.877197,0
228263,0.01093,0.98907,0
228343,0.070773,0.929227,0
228401,0.224584,0.775416,0
228474,0.02815,0.97185,0
228498,0.050031,0.949969,0
228524,0.033239,0.966761,0
228532,0.230304,0.769696,0
228545,0.098734,0.901266,0
228554,0.021265,0.978735,0
228560,0.068385,0.931615,1
228766,0.017024,0.982976,0
228771,0.187728,0.812272,0
228780,0.041826,0.958174,0
228818,0.140258,0.859742,0
228896,0.172978,0.827022,0
228913,0.018918,0.981082,0
228938,0.046158,0.953842,0
228949,0.109346,0.890654,0
228986,0.01281,0.98719,0
229142,0.06894,0.93106,0
229189,0.021446,0.978554,0
229264,0.223452,0.776548,0
229270,0.250505,0.749495,0
229288,0.019366,0.980634,0
229372,0.078879,0.921121,0
229376,0.074425,0.925575,0
229394,0.098445,0.901555,0
229421,0.051601,0.948399,0
229474,0.12257,0.87743,0
229495,0.022234,0.977766,0
229511,0.080872,0.919128,0
229526,0.04401,0.95599,0
229528,0.045072,0.954928,0
229539,0.082418,0.917582,0
229608,0.046062,0.953938,0
229780,0.295659,0.704341,0
229867,0.046783,0.953217,1
229871,0.094288,0.905712,0
229915,0.015105,0.984895,0
229932,0.012566,0.987434,1
230112,0.037101,0.962899,0
230138,0.005542,0.994458,0
230175,0.010966,0.989034,0
230230,0.05102,0.94898,0
230255,0.044561,0.955439,0
230387,0.080229,0.919771,0
230399,0.096063,0.903937,0
230479,0.390063,0.609937,1
230509,0.02878,0.97122,0
230556,0.050082,0.949918,0
230557,0.099899,0.900101,0
230562,0.099899,0.900101,0
230626,0.041652,0.958348,1
230680,0.036754,0.963246,0
230718,0.05806,0.94194,0
230751,0.04033,0.95967,0
230757,0.292955,0.707045,0
230845,0.038845,0.961155,0
230846,0.007186,0.992814,0
230901,0.02881,0.97119,0
230902,0.004304,0.995696,0
230904,0.13574,0.86426,0
230980,0.081114,0.918886,0
230997,0.046158,0.953842,0
231045,0.093365,0.906635,0
231057,0.043465,0.956535,0
231165,0.018757,0.981243,0
231176,0.211996,0.788004,0
231233,0.030948,0.969052,0
231256,0.08861,0.91139,0
231335,0.010031,0.989969,1
231347,0.034301,0.965699,0
231470,0.250505,0.749495,0
231476,0.180395,0.819605,0
231518,0.050862,0.949138,0
231521,0.036985,0.963015,0
231621,0.103065,0.896935,0
231655,0.048807,0.951193,0
231683,0.063832,0.936168,0
231746,0.014785,0.985215,0
231836,0.049466,0.950534,0
231922,0.109029,0.890971,0
231949,0.077007,0.922993,1
232021,0.087564,0.912436,0
232062,0.191395,0.808605,1
232146,0.027158,0.972842,0
232197,0.059319,0.940681,0
232222,0.261247,0.738753,1
232283,0.03687,0.96313,0
232286,0.176419,0.823581,1
232292,0.016611,0.983389,0
232304,0.077316,0.922684,0
232316,0.05176,0.94824,0
232407,0.147746,0.852254,0
232490,0.075403,0.924597,0
232521,0.023148,0.976852,0
232529,0.049773,0.950227,0
232563,0.167158,0.832842,0
232599,0.00597,0.99403,0
232641,0.156706,0.843294,0
232645,0.15829,0.84171,0
232700,0.039954,0.960046,0
232705,0.053053,0.946947,0
232713,0.030081,0.969919,0
232726,0.119568,0.880432,1
232745,0.094659,0.905341,0
232768,0.023519,0.976481,0
232787,0.054601,0.945399,0
232792,0.11585,0.88415,0
232809,0.169742,0.830258,0
232832,0.14052,0.85948,0
232882,0.026986,0.973014,0
232892,0.055107,0.944893,0
232938,0.038886,0.961114,0
232960,0.047958,0.952042,1
233009,0.007543,0.992457,0
233019,0.140651,0.859349,0
233044,0.118998,0.881002,0
233116,0.100094,0.899906,0
233169,0.108924,0.891076,0
233244,0.004565,0.995435,0
233285,0.099315,0.900685,0
233288,0.021242,0.978758,0
233345,0.148431,0.851569,0
233516,0.119911,0.880089,0
233546,0.017446,0.982554,0
233581,0.020164,0.979836,0
233586,0.156563,0.843437,0
233622,0.017879,0.982121,0
233678,0.03622,0.96378,1
233681,0.010337,0.989663,0
233696,0.187067,0.812933,0
233726,0.057294,0.942706,0
233861,0.125875,0.874125,0
233886,0.029517,0.970483,0
233915,0.011821,0.988179,0
233992,0.019448,0.980552,0
234125,0.086959,0.913041,0
234176,0.152312,0.847688,0
234209,0.075554,0.924446,0
234211,0.05619,0.94381,0
234253,0.086101,0.913899,0
234259,0.021175,0.978825,0
234266,0.070845,0.929155,0
234369,0.240854,0.759146,0
234370,0.117865,0.882135,0
234374,0.186079,0.813921,0
234477,0.01306,0.98694,0
234526,0.046831,0.953169,0
234546,0.164755,0.835245,0
234606,0.06242,0.93758,0
234675,0.039457,0.960543,0
234724,0.021629,0.978371,0
234826,0.056075,0.943925,0
234844,0.150639,0.849361,0
234867,0.026958,0.973042,0
234909,0.091815,0.908185,0
234985,0.02587,0.97413,0
235059,0.028749,0.971251,0
235191,0.051072,0.948928,0
235195,0.008455,0.991545,0
235232,0.038845,0.961155,0
235296,0.093549,0.906451,0
235367,0.07056,0.92944,0
235429,0.050705,0.949295,0
235440,0.083491,0.916509,0
235443,0.02645,0.97355,0
235444,0.005855,0.994145,0
235446,0.156133,0.843867,0
235571,0.041393,0.958607,0
235690,0.116072,0.883928,0
235696,0.065207,0.934793,0
235710,0.125756,0.874244,0
235715,0.037491,0.962509,0
235719,0.089049,0.910951,0
235728,0.039622,0.960378,0
235758,0.022519,0.977481,0
235807,0.077161,0.922839,0
235871,0.008657,0.991343,0
235945,0.060975,0.939025,0
235964,0.22195,0.77805,0
236044,0.092542,0.907458,0
236063,0.012742,0.987258,0
236264,0.057177,0.942823,0
236354,0.009619,0.990381,0
236385,0.015951,0.984049,0
236389,0.033484,0.966516,0
236498,0.004117,0.995883,0
236537,0.080953,0.919047,0
236538,0.032412,0.967588,0
236578,0.004548,0.995452,0
236612,0.132964,0.867036,0
236705,0.039788,0.960212,0
236795,0.133842,0.866158,0
236955,0.069922,0.930078,0
236991,0.297924,0.702076,1
237009,0.008038,0.991962,0
237043,0.040121,0.959879,0
237067,0.003944,0.996056,0
237129,0.059562,0.940438,0
237315,0.089313,0.910687,0
237327,0.114193,0.885807,0
237382,0.043964,0.956036,1
237384,0.157137,0.842863,1
237405,0.011682,0.988318,0
237637,0.063122,0.936878,0
237658,0.046063,0.953937,0
237695,0.072141,0.927859,0
237707,0.010779,0.989221,0
237811,0.267578,0.732422,0
237886,0.12804,0.87196,1
237910,0.018697,0.981303,0
237987,0.042439,0.957561,0
237991,0.024983,0.975017,0
238016,0.021583,0.978417,0
238071,0.037687,0.962313,0
238099,0.07991,0.92009,0
238212,0.013971,0.986029,0
238341,0.011935,0.988065,0
238410,0.029486,0.970514,0
238430,0.20947,0.79053,0
238435,0.020143,0.979857,0
238503,0.007018,0.992982,0
238506,0.063186,0.936814,0
238547,0.016365,0.983635,0
238556,0.250505,0.749495,0
238571,0.030304,0.969696,0
238730,0.186079,0.813921,0
238770,0.128282,0.871718,1
238837,0.037101,0.962899,0
238885,0.005578,0.994422,0
238916,0.003252,0.996748,0
238917,0.088697,0.911303,0
238934,0.013328,0.986672,0
238950,0.025463,0.974537,0
238959,0.008629,0.991371,0
238960,0.01809,0.98191,0
238966,0.027913,0.972087,0
239035,0.080792,0.919208,0
239103,0.029023,0.970977,0
239114,0.113973,0.886027,0
239278,0.22572,0.77428,0
239294,0.226479,0.773521,0
239320,0.092451,0.907549,0
239360,0.007584,0.992416,0
239369,0.02156,0.97844,0
239372,0.078172,0.921828,0
239432,0.053381,0.946619,0
239442,0.07975,0.92025,0
239468,0.114963,0.885037,1
239476,0.191731,0.808269,0
239478,0.07346,0.92654,0
239529,0.036144,0.963856,0
239652,0.091815,0.908185,0
239668,0.116183,0.883817,0
239745,0.02038,0.97962,1
239763,0.043465,0.956535,0
239768,0.024151,0.975849,0
239844,0.012851,0.987149,0
239860,0.16135,0.83865,0
239936,0.124449,0.875551,0
239976,0.04266,0.95734,0
239994,0.06005,0.93995,1
239997,0.062483,0.937517,0
240061,0.150084,0.849916,0
240077,0.025706,0.974294,0
240242,0.008565,0.991435,0
240246,0.031572,0.968428,0
240294,0.052511,0.947489,0
240471,0.015008,0.984992,0
240474,0.130359,0.869641,0
240546,0.003404,0.996596,0
240567,0.076239,0.923761,0
240569,0.012273,0.987727,0
240592,0.084074,0.915926,0
240737,0.129134,0.870866,0
240855,0.210911,0.789089,0
240858,0.230304,0.769696,0
240895,0.014319,0.985681,0
240958,0.016347,0.983653,0
240961,0.116854,0.883146,1
241077,0.154851,0.845149,0
241079,0.064418,0.935582,0
241129,0.06901,0.93099,0
241167,0.118771,0.881229,0
241227,0.042749,0.957251,0
241240,0.153719,0.846281,0
241288,0.0436,0.9564,0
241304,0.011324,0.988676,0
241309,0.059805,0.940195,0
241388,0.023846,0.976154,0
241452,0.118544,0.881456,0
241539,0.206965,0.793035,0
241541,0.160324,0.839676,0
241580,0.076239,0.923761,1
241583,0.047269,0.952731,0
241585,0.024903,0.975097,0
241632,0.069781,0.930219,0
241636,0.008732,0.991268,0
241666,0.16091,0.83909,0
241758,0.031111,0.968889,0
241812,0.042749,0.957251,0
241840,0.124449,0.875551,0
241915,0.040037,0.959963,0
241966,0.054713,0.945287,0
242097,0.002744,0.997256,0
242153,0.054433,0.945567,0
242243,0.072432,0.927568,0
242278,0.020796,0.979204,0
242339,0.026646,0.973354,0
242395,0.104782,0.895218,0
242449,0.009425,0.990575,0
242454,0.010919,0.989081,0
242462,0.035956,0.964044,0
242495,0.299742,0.700258,0
242562,0.068109,0.931891,0
242663,0.062611,0.937389,0
242783,0.159741,0.840259,0
242802,0.182814,0.817186,0
242854,0.061977,0.938023,0
242933,0.035285,0.964715,0
242976,0.05812,0.94188,0
243024,0.062483,0.937517,0
243074,0.0293,0.9707,0
243107,0.011264,0.988736,0
243116,0.004231,0.995769,0
243239,0.108503,0.891497,0
243308,0.107354,0.892646,0
243317,0.051442,0.948558,0
243343,0.034554,0.965446,1
243370,0.172978,0.827022,0
243415,0.007732,0.992268,0
243422,0.020774,0.979226,0
243553,0.039008,0.960992,0
243563,0.041093,0.958907,0
243630,0.019428,0.980572,0
243690,0.01993,0.98007,0
243752,0.04315,0.95685,0
243755,0.016825,0.983175,0
243853,0.179594,0.820406,0
243880,0.015664,0.984336,0
243912,0.049979,0.950021,0
243961,0.014442,0.985558,0
244036,0.02733,0.97267,0
244197,0.212178,0.787822,0
244274,0.014166,0.985834,0
244328,0.017115,0.982885,0
244334,0.010825,0.989175,0
244400,0.027273,0.972727,0
244427,0.040583,0.959417,1
244511,0.014944,0.985056,0
244554,0.063832,0.936168,0
244563,0.066139,0.933861,0
244568,0.035248,0.964752,1
244584,0.036372,0.963628,0
244620,0.106629,0.893371,0
244621,0.009314,0.990686,0
244637,0.035993,0.964007,0
244691,0.009881,0.990119,0
244694,0.082912,0.917088,0
244758,0.037296,0.962704,0
244768,0.021606,0.978394,0
244951,0.014976,0.985024,0
245093,0.08047,0.91953,0
245100,0.063767,0.936233,0
245246,0.069429,0.930571,0
245252,0.04187,0.95813,0
245271,0.028179,0.971821,0
245320,0.110514,0.889486,1
245324,0.106732,0.893268,0
245334,0.032276,0.967724,0
245407,0.032412,0.967588,0
245458,0.158579,0.841421,0
245540,0.036793,0.963207,0
245571,0.05522,0.94478,0
245691,0.261666,0.738334,0
245790,0.037924,0.962076,0
245837,0.072944,0.927056,0
245886,0.012593,0.987407,0
245965,0.139605,0.860395,0
245973,0.056363,0.943637,0
246067,0.005482,0.994518,1
246086,0.021107,0.978893,1
246130,0.019202,0.980798,0
246150,0.141703,0.858297,0
246189,0.019039,0.980961,0
246198,0.059198,0.940802,0
246257,0.089137,0.910863,0
246342,0.352598,0.647402,1
246370,0.049263,0.950737,0
246393,0.002182,0.997818,0
246450,0.044607,0.955393,0
246553,0.139866,0.860134,0
246584,0.017633,0.982367,0
246616,0.067083,0.932917,0
246648,0.125398,0.874602,0
246767,0.028719,0.971281,0
246782,0.017483,0.982517,0
246834,0.01191,0.98809,0
246838,0.085931,0.914069,0
246932,0.117527,0.882473,0
246940,0.183789,0.816211,0
246961,0.117302,0.882698,0
246968,0.037101,0.962899,0
247016,0.004588,0.995412,0
247034,0.06908,0.93092,0
247037,0.007478,0.992522,0
247056,0.188556,0.811444,0
247060,0.148431,0.851569,0
247216,0.028598,0.971402,0
247258,0.033908,0.966092,0
247326,0.12083,0.87917,0
247346,0.003754,0.996246,0
247399,0.012552,0.987448,0
247407,0.004351,0.995649,0
247416,0.027737,0.972263,0
247418,0.063573,0.936427,0
247493,0.208394,0.791606,0
247499,0.022759,0.977241,0
247507,0.034662,0.965338,0
247514,0.048908,0.951092,0
247568,0.07346,0.92654,0
247637,0.079671,0.920329,0
247722,0.049263,0.950737,0
247745,0.091725,0.908275,0
247756,0.043873,0.956127,0
247819,0.129868,0.870132,0
247962,0.172978,0.827022,0
247986,0.126473,0.873527,0
248047,0.029955,0.970045,0
248066,0.069781,0.930219,0
248164,0.160617,0.839383,0
248197,0.086873,0.913127,0
248234,0.007543,0.992457,0
248252,0.110941,0.889059,0
248281,0.027475,0.972525,0
248371,0.039581,0.960419,0
248407,0.328242,0.671758,0
248428,0.039705,0.960295,0
248492,0.060665,0.939335,0
248609,0.053381,0.946619,0
248660,0.017115,0.982885,0
248668,0.011204,0.988796,0
248692,0.002717,0.997283,0
248711,0.037924,0.962076,0
248788,0.041566,0.958434,0
248790,0.302483,0.697517,0
248808,0.092724,0.907276,0
248823,0.015121,0.984879,0
248878,0.031308,0.968692,0
248897,0.130729,0.869271,0
248917,0.077704,0.922296,1
248943,0.06204,0.93796,0
249023,0.056421,0.943579,0
249102,0.012647,0.987353,0
249156,0.061474,0.938526,0
249170,0.053601,0.946399,1
249192,0.022495,0.977505,0
249232,0.051974,0.948026,0
249274,0.017169,0.982831,0
249275,0.034699,0.965301,0
249356,0.027708,0.972292,1
249362,0.014785,0.985215,0
249402,0.070988,0.929012,0
249425,0.148705,0.851295,0
249446,0.207322,0.792678,0
249549,0.018381,0.981619,0
249585,0.058298,0.941702,0
249606,0.009999,0.990001,0
249613,0.073165,0.926835,0
249706,0.099801,0.900199,0
249786,0.073238,0.926762,0
249850,0.005638,0.994362,0
249877,0.067629,0.932371,0
249901,0.031672,0.968328,0
249902,0.182167,0.817833,0
249910,0.011558,0.988442,0
249940,0.02337,0.97663,0
250011,0.028932,0.971068,0
250041,0.041913,0.958087,0
250052,0.197169,0.802831,0
250132,0.037845,0.962155,0
250152,0.008912,0.991088,0
250190,0.002062,0.997938,0
250203,0.031046,0.968954,0
250292,0.010238,0.989762,0
250328,0.041136,0.958864,0
250335,0.072069,0.927931,0
250395,0.028002,0.971998,0
250686,0.02288,0.97712,1
250699,0.124449,0.875551,0
250720,0.040288,0.959712,0
250729,0.160617,0.839383,1
250788,0.017765,0.982235,0
250792,0.096063,0.903937,0
250800,0.214545,0.785455,0
250822,0.173288,0.826712,1
250832,0.263768,0.736232,0
250930,0.05619,0.94381,0
251040,0.077938,0.922062,0
251090,0.162971,0.837029,0
251132,0.080069,0.919931,0
251186,0.013602,0.986398,0
251193,0.003847,0.996153,0
251222,0.039008,0.960992,0
251236,0.054489,0.945511,0
251293,0.166103,0.833897,0
251334,0.04333,0.95667,0
251390,0.07825,0.92175,0
251431,0.006846,0.993154,0
251459,0.002481,0.997519,0
251477,0.110941,0.889059,0
251523,0.049314,0.950686,0
251539,0.045494,0.954506,0
251545,0.18575,0.81425,0
251553,0.300198,0.699802,0
251564,0.200976,0.799024,1
251571,0.042,0.958,0
251592,0.01647,0.98353,0
251603,0.091997,0.908003,0
251634,0.043105,0.956895,0
251692,0.026958,0.973042,0
251710,0.008355,0.991645,0
251757,0.004401,0.995599,0
251829,0.044699,0.955301,0
251834,0.015731,0.984269,0
251836,0.017446,0.982554,0
251841,0.062356,0.937644,0
251875,0.00785,0.99215,0
251925,0.050862,0.949138,1
251968,0.152452,0.847548,0
251993,0.061788,0.938212,0
252067,0.252958,0.747042,1
252076,0.007952,0.992048,0
252109,0.0159,0.9841,0
252131,0.006226,0.993774,0
252138,0.042616,0.957384,0
252172,0.129745,0.870255,0
252202,0.067151,0.932849,0
252226,0.003154,0.996846,0
252237,0.076469,0.923531,0
252259,0.001636,0.998364,0
252267,0.047318,0.952682,0
252307,0.111908,0.888092,0
252324,0.008409,0.991591,0
252353,0.066005,0.933995,0
252393,0.049415,0.950585,0
252505,0.030753,0.969247,0
252512,0.025788,0.974212,0
252648,0.07825,0.92175,0
252654,0.041957,0.958043,0
252688,0.006487,0.993513,0
252756,0.092633,0.907367,0
252804,0.009204,0.990796,0
252872,0.07465,0.92535,1
252943,0.078721,0.921279,0
252962,0.035359,0.964641,0
253035,0.27617,0.72383,0
253071,0.079591,0.920409,0
253095,0.051177,0.948823,0
253103,0.138436,0.861564,0
253126,0.042395,0.957605,0
253152,0.018918,0.981082,0
253223,0.025409,0.974591,0
253269,0.031078,0.968922,0
253283,0.012233,0.987767,0
253289,0.159305,0.840695,0
253305,0.107562,0.892438,0
253411,0.105395,0.894605,0
253438,0.005459,0.994541,0
253513,0.032789,0.967211,0
253553,0.066812,0.933188,0
253632,0.01046,0.98954,0
253637,0.029672,0.970328,0
253737,0.213086,0.786914,0
253865,0.054377,0.945623,0
253928,0.077704,0.922296,0
253988,0.045872,0.954128,0
254059,0.111908,0.888092,0
254140,0.129623,0.870377,0
254146,0.043691,0.956309,1
254152,0.053327,0.946673,0
254164,0.100584,0.899416,0
254198,0.02214,0.97786,0
254240,0.025897,0.974103,0
254264,0.013314,0.986686,0
254336,0.14802,0.85198,0
254571,0.051442,0.948558,0
254606,0.163861,0.836139,0
254619,0.00809,0.99191,0
254644,0.017652,0.982348,0
254675,0.034086,0.965914,0
254725,0.044147,0.955853,0
254768,0.036601,0.963399,0
254818,0.052403,0.947597,0
254826,0.097677,0.902323,0
254836,0.010966,0.989034,0
254954,0.075782,0.924218,0
254975,0.018857,0.981143,0
255002,0.008482,0.991518,0
255087,0.092907,0.907093,0
255122,0.009175,0.990825,0
255153,0.051654,0.948346,0
255268,0.006028,0.993972,0
255295,0.012,0.988,0
255330,0.16401,0.83599,0
255358,0.118657,0.881343,0
255384,0.088347,0.911653,0
255395,0.018129,0.981871,0
255473,0.010271,0.989729,0
255529,0.023099,0.976901,0
255555,0.075858,0.924142,1
255614,0.036831,0.963169,0
255627,0.014365,0.985635,0
255702,0.005359,0.994641,0
255827,0.044792,0.955208,0
255892,0.196655,0.803345,0
256005,0.004082,0.995918,0
256090,0.063379,0.936621,0
256097,0.049111,0.950889,0
256176,0.005512,0.994488,0
256253,0.006186,0.993814,0
256265,0.019222,0.980778,0
256344,0.094103,0.905897,0
256382,0.006529,0.993471,0
256402,0.146793,0.853207,0
256446,0.048356,0.951644,0
256463,0.001665,0.998335,0
256477,0.122687,0.877313,0
256478,0.085082,0.914918,0
256550,0.056421,0.943579,0
256612,0.06915,0.93085,0
256662,0.016174,0.983826,0
256710,0.009999,0.990001,0
256737,0.019951,0.980049,0
256779,0.009681,0.990319,0
256886,0.021175,0.978825,0
256891,0.067151,0.932849,0
256905,0.167158,0.832842,0
256986,0.022211,0.977789,0
257011,0.051813,0.948187,0
257058,0.177051,0.822949,0
257092,0.035806,0.964194,0
257111,0.056421,0.943579,0
257133,0.170815,0.829185,0
257134,0.006274,0.993726,0
257167,0.044561,0.955439,0
257209,0.048757,0.951243,0
257235,0.035211,0.964789,0
257314,0.024099,0.975901,1
257350,0.235733,0.764267,1
257373,0.122104,0.877896,0
257458,0.026873,0.973127,0
257475,0.076699,0.923301,0
257481,0.07563,0.92437,0
257519,0.09739,0.90261,0
257708,0.027015,0.972985,0
257784,0.156706,0.843294,0
257804,0.020973,0.979027,0
257886,0.057177,0.942823,0
257911,0.054601,0.945399,0
258011,0.024667,0.975333,0
258021,0.06908,0.93092,1
258167,0.31265,0.68735,0
258300,0.006586,0.993414,0
258308,0.14761,0.85239,0
258357,0.218595,0.781405,0
258373,0.028448,0.971552,0
258436,0.145979,0.854021,0
258619,0.021242,0.978758,0
258749,0.152032,0.847968,0
258774,0.153436,0.846564,1
258783,0.003055,0.996945,0
258959,0.025652,0.974348,0
259085,0.086358,0.913642,0
259094,0.032651,0.967349,0
259127,0.023544,0.976456,0
259138,0.04401,0.95599,0
259176,0.064877,0.935123,0
259334,0.018998,0.981002,0
259337,0.071203,0.928797,0
259380,0.089756,0.910244,0
259417,0.142497,0.857503,1
259433,0.04401,0.95599,0
259442,0.002406,0.997594,0
259474,0.004304,0.995696,1
259516,0.09663,0.90337,0
259517,0.036182,0.963818,0
259643,0.076163,0.923837,0
259651,0.140913,0.859087,1
259676,0.102564,0.897436,1
259689,0.034481,0.965519,0
259711,0.014365,0.985635,0
259732,0.093733,0.906267,0
259763,0.029955,0.970045,1
259767,0.004853,0.995147,0
259787,0.22686,0.77314,0
259801,0.093457,0.906543,0
259809,0.026228,0.973772,0
259824,0.009435,0.990565,0
259877,0.070417,0.929583,0
259893,0.032686,0.967314,0
259949,0.024433,0.975567,0
259967,0.032412,0.967588,0
260047,0.019782,0.980218,0
260057,0.002577,0.997423,0
260073,0.017936,0.982064,0
260138,0.049263,0.950737,1
260170,0.074426,0.925574,0
260253,0.015481,0.984519,0
260323,0.008836,0.991164,0
260365,0.011252,0.988748,0
260463,0.139084,0.860916,0
260552,0.023272,0.976728,0
260604,0.015664,0.984336,0
260698,0.115961,0.884039,1
260699,0.032789,0.967211,0
260857,0.108399,0.891601,0
260873,0.058417,0.941583,0
261193,0.008836,0.991164,0
261278,0.059623,0.940377,0
261417,0.006958,0.993042,0
261443,0.086615,0.913385,0
261483,0.014442,0.985558,0
261496,0.216012,0.783988,0
261515,0.036754,0.963246,0
261560,0.008364,0.991636,0
261584,0.091997,0.908003,0
261611,0.02084,0.97916,0
261633,0.075706,0.924294,0
261643,0.053327,0.946673,1
261644,0.00419,0.99581,0
261698,0.01106,0.98894,0
261709,0.033979,0.966021,0
261730,0.103265,0.896735,0
261809,0.046254,0.953746,0
261832,0.03272,0.96728,0
261844,0.035322,0.964678,0
261900,0.024641,0.975359,0
261928,0.005548,0.994452,0
262020,0.041957,0.958043,0
262137,0.133215,0.866785,0
262215,0.049773,0.950227,0
262274,0.021287,0.978713,0
262299,0.006671,0.993329,0
262319,0.023395,0.976605,0
262381,0.047026,0.952974,0
262441,0.08055,0.91945,0
262544,0.118091,0.881909,0
262545,0.079036,0.920964,0
262605,0.007724,0.992276,0
262627,0.117978,0.882022,1
262691,0.058837,0.941163,0
262750,0.02762,0.97238,0
262789,0.016987,0.983013,0
262790,0.026478,0.973522,0
262807,0.017671,0.982329,0
262882,0.118091,0.881909,0
262912,0.057118,0.942882,0
262953,0.28493,0.71507,1
262974,0.010393,0.989607,0
262977,0.022519,0.977481,0
263176,0.078642,0.921358,0
263259,0.031144,0.968856,0
263360,0.034735,0.965265,0
263405,0.118091,0.881909,0
263512,0.137919,0.862081,0
263543,0.005285,0.994715,0
263599,0.012273,0.987727,0
263623,0.121755,0.878245,1
263699,0.220641,0.779359,0
263739,0.010128,0.989872,0
263761,0.038322,0.961678,0
263772,0.167158,0.832842,0
263809,0.046494,0.953506,0
263811,0.08209,0.91791,0
263814,0.057705,0.942295,0
263891,0.014865,0.985135,0
263923,0.003081,0.996919,0
263935,0.068801,0.931199,0
263983,0.052836,0.947164,0
264019,0.005644,0.994356,0
264073,0.113318,0.886682,0
264158,0.037885,0.962115,0
264186,0.005051,0.994949,0
264210,0.031839,0.968161,0
264216,0.006571,0.993429,0
264225,0.033414,0.966586,0
264233,0.016789,0.983211,0
264304,0.026228,0.973772,0
264342,0.053988,0.946012,0
264353,0.079591,0.920409,1
264355,0.130482,0.869518,0
264432,0.223452,0.776548,0
264468,0.011948,0.988052,0
264521,0.004017,0.995983,0
264570,0.086787,0.913213,0
264649,0.211996,0.788004,0
264682,0.015137,0.984863,0
264723,0.103769,0.896231,0
264743,0.054938,0.945062,0
264781,0.008999,0.991001,1
264798,0.018245,0.981755,0
264850,0.012797,0.987203,0
264883,0.006133,0.993867,0
264972,0.006905,0.993095,0
264994,0.009578,0.990422,0
265073,0.088173,0.911827,0
265313,0.131346,0.868654,1
265316,0.139214,0.860786,0
265352,0.06804,0.93196,0
265411,0.023871,0.976129,0
265451,0.110514,0.889486,0
265472,0.248068,0.751932,0
265500,0.018677,0.981323,0
265592,0.075479,0.924521,0
265605,0.045306,0.954694,0
265656,0.016208,0.983792,0
265711,0.022663,0.977337,0
265735,0.091815,0.908185,0
265756,0.082747,0.917253,0
265764,0.010426,0.989574,0
265769,0.018421,0.981579,0
265842,0.112774,0.887226,0
265859,0.003303,0.996697,0
265919,0.234173,0.765827,1
265946,0.020315,0.979685,0
266038,0.086187,0.913813,0
266104,0.28759,0.71241,0
266116,0.025544,0.974456,0
266205,0.123272,0.876728,0
266207,0.070063,0.929937,0
266236,0.035396,0.964604,0
266278,0.018187,0.981813,0
266282,0.277038,0.722962,1
266314,0.007699,0.992301,0
266318,0.01914,0.98086,0
266348,0.026958,0.973042,0
266353,0.02372,0.97628,0
266371,0.005245,0.994755,0
266431,0.019386,0.980614,0
266505,0.024048,0.975952,0
266541,0.211272,0.788728,0
266600,0.166706,0.833294,0
266662,0.175475,0.824525,0
266683,0.039788,0.960212,0
266705,0.274006,0.725994,0
266720,0.013144,0.986856,0
266785,0.053436,0.946564,0
266800,0.26419,0.73581,0
266818,0.026089,0.973911,0
266894,0.073681,0.926319,1
266911,0.112124,0.887876,0
266928,0.043555,0.956445,0
266975,0.065472,0.934528,0
267039,0.037845,0.962155,0
267063,0.071924,0.928076,0
267142,0.057118,0.942882,0
267170,0.071634,0.928366,0
267177,0.220827,0.779173,1
267426,0.06901,0.93099,0
267428,0.039211,0.960789,0
267481,0.152873,0.847127,1
267503,0.028239,0.971761,0
267538,0.084745,0.915255,0
267551,0.018757,0.981243,0
267583,0.009214,0.990786,0
267605,0.107771,0.892229,0
267646,0.044101,0.955899,0
267719,0.018323,0.981677,0
267737,0.05192,0.94808,0
267740,0.036258,0.963742,0
267883,0.205544,0.794456,0
267951,0.031242,0.968758,0
267958,0.063058,0.936942,0
268002,0.039252,0.960748,0
268005,0.096346,0.903654,0
268016,0.01912,0.98088,0
268021,0.038724,0.961276,0
268067,0.041652,0.958348,0
268103,0.033344,0.966656,0
268124,0.013558,0.986442,0
268134,0.296564,0.703436,1
268144,0.022567,0.977433,0
268204,0.011013,0.988987,0
268236,0.042088,0.957912,0
268297,0.101471,0.898529,0
268369,0.026034,0.973966,0
268456,0.10924,0.89076,0
268478,0.026534,0.973466,0
268516,0.011373,0.988627,0
268551,0.041913,0.958087,0
268564,0.033344,0.966656,0
268595,0.057411,0.942589,0
268632,0.018757,0.981243,0
268686,0.010989,0.989011,0
268702,0.016987,0.983013,0
268710,0.055846,0.944154,0
268755,0.082009,0.917991,0
268805,0.077316,0.922684,1
268966,0.066677,0.933323,1
268977,0.048456,0.951544,0
268988,0.056537,0.943463,0
269116,0.123155,0.876845,0
269127,0.090557,0.909443,0
269131,0.288035,0.711965,0
269161,0.074875,0.925125,0
269198,0.018071,0.981929,0
269243,0.006905,0.993095,0
269311,0.01162,0.98838,0
269326,0.025706,0.974294,0
269331,0.046062,0.953938,0
269354,0.034735,0.965265,0
269385,0.085675,0.914325,0
269418,0.196312,0.803688,1
269502,0.258326,0.741674,0
269519,0.014166,0.985834,0
269548,0.009234,0.990766,0
269557,0.27487,0.72513,0
269560,0.011156,0.988844,0
269662,0.166856,0.833144,0
269689,0.183464,0.816536,1
269713,0.015008,0.984992,0
269745,0.127919,0.872081,1
269754,0.156276,0.843724,0
269788,0.055277,0.944723,0
269824,0.064091,0.935909,0
269854,0.032074,0.967926,0
269882,0.126473,0.873527,0
269962,0.074725,0.925275,0
270025,0.009354,0.990646,0
270063,0.043782,0.956218,0
270092,0.072069,0.927931,0
270215,0.055789,0.944211,0
270239,0.054713,0.945287,1
270260,0.079432,0.920568,0
270267,0.054321,0.945679,0
270342,0.047465,0.952535,0
270500,0.276604,0.723396,0
270547,0.125875,0.874125,0
270590,0.085505,0.914495,0
270642,0.124923,0.875077,0
270649,0.109769,0.890231,0
270657,0.008931,0.991069,0
270697,0.010449,0.989551,0
270708,0.077626,0.922374,0
270714,0.129991,0.870009,0
270731,0.038482,0.961518,0
270752,0.005957,0.994043,0
270757,0.099704,0.900296,0
270819,0.20947,0.79053,0
270832,0.05938,0.94062,0
270878,0.010337,0.989663,0
270884,0.048556,0.951444,0
270899,0.014411,0.985589,0
270907,0.066072,0.933928,0
270933,0.048506,0.951494,0
270999,0.029455,0.970545,0
271012,0.04688,0.95312,0
271073,0.075101,0.924899,0
271089,0.186737,0.813263,1
271101,0.341778,0.658222,0
271198,0.047563,0.952437,0
271238,0.091364,0.908636,0
271266,0.008003,0.991997,0
271272,0.009988,0.990012,0
271273,0.01626,0.98374,0
271274,0.009364,0.990636,0
271344,0.034699,0.965301,0
271360,0.087131,0.912869,0
271388,0.008491,0.991509,0
271520,0.049212,0.950788,0
271574,0.169589,0.830411,0
271640,0.062866,0.937134,0
271659,0.064287,0.935713,0
271666,0.005273,0.994727,0
271689,0.114633,0.885367,0
271714,0.007791,0.992209,0
271740,0.072651,0.927349,1
271828,0.095032,0.904968,0
271898,0.097773,0.902227,0
271900,0.008473,0.991527,0
271937,0.139344,0.860656,0
272022,0.377745,0.622255,0
272042,0.006943,0.993057,0
272065,0.183301,0.816699,0
272106,0.049569,0.950431,0
272126,0.07465,0.92535,0
272153,0.046301,0.953699,0
272251,0.01266,0.98734,0
272281,0.119911,0.880089,0
272282,0.085167,0.914833,1
272322,0.045588,0.954412,0
272324,0.109452,0.890548,0
272382,0.12222,0.87778,1
272384,0.127919,0.872081,0
272386,0.286258,0.713742,0
272504,0.023998,0.976002,0
272541,0.021583,0.978417,0
272549,0.06908,0.93092,0
272552,0.106732,0.893268,1
272559,0.02472,0.97528,0
272600,0.064287,0.935713,0
272671,0.00403,0.99597,0
272678,0.181199,0.818801,0
272679,0.064745,0.935255,0
272690,0.012797,0.987203,0
272704,0.061977,0.938023,0
272711,0.007217,0.992783,0
272749,0.012525,0.987475,0
272780,0.070063,0.929937,1
272794,0.035993,0.964007,0
272798,0.013778,0.986222,0
272832,0.018167,0.981833,0
272842,0.0113,0.9887,0
272904,0.015153,0.984847,0
272919,0.024099,0.975901,0
272980,0.13147,0.86853,0
273025,0.034158,0.965842,0
273088,0.165353,0.834647,0
273096,0.077239,0.922761,0
273120,0.056075,0.943925,1
273184,0.04401,0.95599,0
273201,0.118204,0.881796,0
273233,0.076699,0.923301,0
273273,0.036448,0.963552,1
273328,0.010348,0.989652,0
273339,0.019079,0.980921,0
273344,0.048157,0.951843,0
273404,0.01951,0.98049,0
273481,0.072578,0.927422,0
273658,0.003057,0.996943,0
273703,0.031705,0.968295,0
273821,0.066677,0.933323,0
273838,0.027301,0.972699,0
273888,0.023271,0.976729,0
273919,0.012103,0.987897,0
273931,0.243243,0.756757,0
273950,0.194776,0.805224,0
273963,0.054657,0.945343,0
273991,0.196141,0.803859,1
273993,0.094473,0.905527,0
274069,0.062293,0.937707,0
274127,0.025195,0.974805,0
274261,0.017841,0.982159,0
274276,0.094288,0.905712,0
274315,0.056421,0.943579,0
274317,0.072359,0.927641,0
274329,0.092998,0.907002,0
274375,0.055163,0.944837,1
274411,0.068801,0.931199,0
274527,0.009786,0.990214,0
274554,0.042219,0.957781,0
274578,0.099024,0.900976,0
274621,0.00203,0.99797,0
274647,0.04776,0.95224,0
274663,0.047909,0.952091,0
274730,0.162085,0.837915,0
274868,0.01093,0.98907,0
274899,0.189388,0.810612,0
274904,0.005029,0.994971,0
274936,0.034881,0.965119,0
274973,0.05102,0.94898,0
275058,0.05176,0.94824,0
275106,0.017298,0.982702,0
275113,0.017746,0.982254,0
275163,0.068732,0.931268,0
275196,0.090736,0.909264,0
275264,0.098252,0.901748,0
275380,0.089049,0.910951,0
275399,0.146793,0.853207,0
275403,0.061977,0.938023,0
275418,0.008855,0.991145,0
275421,0.037218,0.962782,0
275432,0.005045,0.994955,0
275599,0.031473,0.968527,0
275674,0.035396,0.964604,0
275687,0.016277,0.983723,0
275764,0.040414,0.959586,0
275781,0.008275,0.991725,0
275807,0.014227,0.985773,0
275830,0.336428,0.663572,1
275853,0.005985,0.994015,0
275904,0.036793,0.963207,0
276002,0.022543,0.977457,0
276042,0.049009,0.950991,0
276058,0.20519,0.79481,0
276062,0.04105,0.95895,0
276076,0.006973,0.993027,0
276094,0.071275,0.928725,0
276152,0.026172,0.973828,0
276165,0.08055,0.91945,0
276225,0.026255,0.973745,0
276236,0.059198,0.940802,0
276259,0.018978,0.981022,0
276417,0.064418,0.935582,0
276461,0.013271,0.986729,0
276481,0.033625,0.966375,0
276496,0.090289,0.909711,0
276505,0.036372,0.963628,0
276535,0.01191,0.98809,0
276553,0.002153,0.997847,0
276580,0.062611,0.937389,0
276595,0.044192,0.955808,0
276662,0.072798,0.927202,0
276706,0.029829,0.970171,0
276891,0.046397,0.953603,0
276914,0.214911,0.785089,1
276979,0.006301,0.993699,0
277050,0.002339,0.997661,0
277171,0.115738,0.884262,0
277353,0.032378,0.967622,0
277475,0.045494,0.954506,0
277479,0.030176,0.969824,0
277617,0.083242,0.916758,0
277626,0.012339,0.987661,0
277682,0.007406,0.992594,0
277684,0.097486,0.902514,0
277709,0.029455,0.970545,0
277751,0.016664,0.983336,0
277773,0.034844,0.965156,1
277815,0.038643,0.961357,0
277877,0.07056,0.92944,0
277878,0.042351,0.957649,0
277891,0.036144,0.963856,0
277903,0.026703,0.973297,0
277916,0.006973,0.993027,0
277993,0.136762,0.863238,1
278009,0.063251,0.936749,1
278058,0.033766,0.966234,0
278104,0.05176,0.94824,0
278146,0.015866,0.984134,0
278200,0.037063,0.962937,0
278203,0.008922,0.991078,0
278294,0.237301,0.762699,0
278399,0.098541,0.901459,0
278457,0.004178,0.995822,0
278551,0.085082,0.914918,0
278557,0.024176,0.975824,0
278558,0.019202,0.980798,0
278565,0.02809,0.97191,0
278650,0.004603,0.995397,0
278710,0.020058,0.979942,0
278780,0.085336,0.914664,0
278808,0.005799,0.994201,0
278870,0.218966,0.781034,0
278999,0.052999,0.947001,1
279019,0.030753,0.969247,0
279184,0.046301,0.953699,0
279347,0.195458,0.804542,0
279485,0.11764,0.88236,0
279503,0.088522,0.911478,0
279518,0.147337,0.852663,0
279534,0.015597,0.984403,0
279640,0.006314,0.993686,0
279717,0.018598,0.981402,0
279729,0.023694,0.976306,0
279785,0.02659,0.97341,0
279789,0.158724,0.841276,1
279836,0.042749,0.957251,0
279868,0.034373,0.965627,0
279946,0.114303,0.885697,0
279950,0.068454,0.931546,0
279978,0.231074,0.768926,1
280037,0.072798,0.927202,0
280049,0.115627,0.884373,0
280127,0.111048,0.888952,0
280154,0.018206,0.981794,0
280161,0.16135,0.83865,0
280240,0.113427,0.886573,0
280269,0.052081,0.947919,0
280396,0.040668,0.959332,0
280492,0.075858,0.924142,1
280521,0.00809,0.99191,1
280581,0.056537,0.943463,0
280680,0.023846,0.976154,0
280692,0.033414,0.966586,0
280764,0.168979,0.831021,0
280809,0.058001,0.941999,1
280894,0.11234,0.88766,0
280930,0.016558,0.983442,0
280978,0.054433,0.945567,0
281013,0.048206,0.951794,0
281015,0.062611,0.937389,0
281105,0.078172,0.921828,0
281173,0.087391,0.912609,1
281231,0.018978,0.981022,0
281241,0.035956,0.964044,0
281333,0.020402,0.979598,0
281343,0.03231,0.96769,0
281381,0.083491,0.916509,0
281395,0.015415,0.984585,0
281409,0.116854,0.883146,0
281510,0.034301,0.965699,1
281588,0.031308,0.968692,0
281608,0.06901,0.93099,0
281665,0.027796,0.972204,0
281694,0.141967,0.858033,0
281753,0.040752,0.959248,0
281807,0.052457,0.947543,0
281858,0.073533,0.926467,0
281902,0.081764,0.918236,0
281961,0.01769,0.98231,0
281994,0.002191,0.997809,0
282111,0.013529,0.986471,0
282117,0.023099,0.976901,0
282266,0.014707,0.985293,0
282276,0.054825,0.945175,0
282280,0.015547,0.984453,0
282296,0.020036,0.979964,0
282327,0.049111,0.950889,0
282348,0.16238,0.83762,0
282546,0.060173,0.939827,0
282564,0.01626,0.98374,0
282574,0.094195,0.905805,0
282720,0.102864,0.897136,0
282722,0.012606,0.987394,0
282730,0.154851,0.845149,0
282755,0.007833,0.992167,0
282770,0.006508,0.993492,0
282796,0.030883,0.969117,0
282866,0.083077,0.916923,0
282875,0.05812,0.94188,0
282921,0.067903,0.932097,0
282970,0.059928,0.940072,0
282980,0.017784,0.982216,0
283028,0.053988,0.946012,0
283085,0.06468,0.93532,0
283092,0.015008,0.984992,0
283209,0.028568,0.971432,0
283249,0.033944,0.966056,0
283402,0.009977,0.990023,0
283422,0.205899,0.794101,0
283434,0.194096,0.805904,0
283449,0.12889,0.87111,0
283460,0.156993,0.843007,0
283599,0.03366,0.96634,0
283622,0.10519,0.89481,0
283652,0.066677,0.933323,0
283676,0.068871,0.931129,1
283724,0.014136,0.985864,0
283762,0.202724,0.797276,0
283778,0.173288,0.826712,0
283804,0.124331,0.875669,0
283826,0.010698,0.989302,0
283903,0.018148,0.981852,0
283910,0.12037,0.87963,0
283993,0.035322,0.964678,0
284010,0.015105,0.984895,0
284019,0.005288,0.994712,0
284119,0.070702,0.929298,0
284122,0.137661,0.862339,0
284198,0.046638,0.953362,0
284250,0.018187,0.981813,0
284354,0.054265,0.945735,0
284379,0.022711,0.977289,0
284394,0.122104,0.877896,0
284474,0.055504,0.944496,0
284475,0.102764,0.897236,0
284556,0.107562,0.892438,1
284582,0.353589,0.646411,1
284612,0.059501,0.940499,0
284740,0.199412,0.800588,0
284793,0.022519,0.977481,0
284831,0.004837,0.995163,0
284896,0.394719,0.605281,0
284905,0.022471,0.977529,0
284909,0.113209,0.886791,1
284948,0.010516,0.989484,0
284956,0.042971,0.957029,0
284998,0.045494,0.954506,0
285045,0.10078,0.89922,0
285150,0.071059,0.928941,0
285280,0.043691,0.956309,0
285317,0.051283,0.948717,0
285328,0.013733,0.986267,0
285351,0.01226,0.98774,0
285357,0.019677,0.980323,0
285387,0.033065,0.966935,0
285488,0.166555,0.833445,1
285520,0.052619,0.947381,0
285534,0.087737,0.912263,0
285573,0.05192,0.94808,0
285579,0.008473,0.991527,0
285618,0.017151,0.982849,0
285637,0.05176,0.94824,0
285641,0.010482,0.989518,0
285693,0.081195,0.918805,1
285726,0.128647,0.871353,0
285770,0.053656,0.946344,0
285805,0.043061,0.956939,1
285913,0.049212,0.950788,0
286008,0.025009,0.974991,0
286134,0.068662,0.931338,0
286151,0.119797,0.880203,0
286189,0.062611,0.937389,0
286199,0.004693,0.995307,0
286204,0.023669,0.976331,0
286233,0.108294,0.891706,0
286291,0.167461,0.832539,1
286301,0.069781,0.930219,1
286319,0.053217,0.946783,0
286337,0.00553,0.99447,0
286365,0.13574,0.86426,0
286366,0.067972,0.932028,0
286393,0.381834,0.618166,0
286469,0.002408,0.997592,0
286523,0.066005,0.933995,0
286673,0.067151,0.932849,0
286700,0.04688,0.95312,0
286923,0.021515,0.978485,0
286934,0.119112,0.880888,0
286944,0.024382,0.975618,0
286956,0.066745,0.933255,0
287067,0.03714,0.96286,0
287087,0.14052,0.85948,0
287110,0.03641,0.96359,0
287120,0.063767,0.936233,0
287183,0.055846,0.944154,0
287219,0.081195,0.918805,0
287232,0.084998,0.915002,1
287295,0.110941,0.889059,0
287367,0.238876,0.761124,1
287391,0.020402,0.979598,0
287414,0.054265,0.945735,0
287415,0.007649,0.992351,0
287470,0.185422,0.814578,1
287475,0.016843,0.983157,0
287489,0.009324,0.990676,0
287541,0.052999,0.947001,0
287582,0.077161,0.922839,0
287667,0.059744,0.940256,0
287670,0.227241,0.772759,0
287674,0.090111,0.909889,0
287730,0.126114,0.873886,1
287739,0.035993,0.964007,0
287749,0.110941,0.889059,0
287801,0.01949,0.98051,0
287806,0.064549,0.935451,0
287947,0.019552,0.980448,0
287971,0.083408,0.916592,0
288025,0.071203,0.928797,0
288049,0.172667,0.827333,0
288089,0.264612,0.735388,0
288099,0.006206,0.993794,0
288126,0.143161,0.856839,0
288144,0.032175,0.967825,0
288162,0.016575,0.983425,0
288235,0.292505,0.707495,0
288267,0.108819,0.891181,0
288409,0.01191,0.98809,1
288413,0.010664,0.989336,0
288435,0.013299,0.986701,0
288455,0.023519,0.976481,0
288471,0.101471,0.898529,0
288474,0.004953,0.995047,1
288623,0.031046,0.968954,1
288652,0.086443,0.913557,0
288654,0.062356,0.937644,0
288732,0.058001,0.941999,1
288748,0.008107,0.991893,0
288774,0.037296,0.962704,0
288800,0.050289,0.949711,1
288869,0.07825,0.92175,0
288958,0.093641,0.906359,0
288985,0.052619,0.947381,1
289011,0.028061,0.971939,0
289037,0.04659,0.95341,0
289128,0.090557,0.909443,0
289157,0.074053,0.925947,0
289206,0.058358,0.941642,0
289348,0.112232,0.887768,0
289363,0.162675,0.837325,1
289420,0.017133,0.982867,0
289461,0.043555,0.956445,0
289470,0.06005,0.93995,0
289493,0.014817,0.985183,0
289502,0.017115,0.982885,0
289550,0.06204,0.93796,0
289557,0.097295,0.902705,0
289722,0.15685,0.84315,1
289799,0.015849,0.984151,0
289876,0.143694,0.856306,0
289879,0.030786,0.969214,1
289928,0.139866,0.860134,0
289992,0.010607,0.989393,0
290008,0.024304,0.975696,0
290042,0.058477,0.941523,0
290161,0.021469,0.978531,0
290267,0.102764,0.897236,0
290323,0.059077,0.940923,0
290358,0.038845,0.961155,0
290372,0.202373,0.797627,0
290423,0.01654,0.98346,0
290459,0.113973,0.886027,0
290499,0.039788,0.960212,0
290519,0.035211,0.964789,0
290585,0.164755,0.835245,0
290677,0.037885,0.962115,0
290741,0.012755,0.987245,0
290853,0.180235,0.819765,0
290878,0.025115,0.974885,0
290882,0.064091,0.935909,0
291004,0.200627,0.799373,0
291026,0.107146,0.892854,1
291179,0.128282,0.871718,0
291197,0.020796,0.979204,0
291215,0.213086,0.786914,0
291244,0.010675,0.989325,0
291332,0.051442,0.948558,0
291415,0.00612,0.99388,0
291441,0.0972,0.9028,0
291532,0.064418,0.935582,0
291562,0.016002,0.983998,0
291567,0.073756,0.926244,0
291682,0.054938,0.945062,0
291780,0.082747,0.917253,0
291998,0.018284,0.981716,0
292027,0.014121,0.985879,0
292063,0.010733,0.989267,0
292065,0.030208,0.969792,0
292075,0.044284,0.955716,0
292108,0.067219,0.932781,0
292136,0.021423,0.978577,0
292172,0.102464,0.897536,0
292195,0.02179,0.97821,0
292228,0.191059,0.808941,0
292369,0.10387,0.89613,0
292399,0.020402,0.979598,0
292447,0.075403,0.924597,0
292494,0.030336,0.969664,0
292556,0.008464,0.991536,0
292648,0.008391,0.991609,0
292712,0.037335,0.962665,0
292738,0.041093,0.958907,0
292884,0.016191,0.983809,0
292955,0.031242,0.968758,0
293007,0.280967,0.719033,1
293014,0.054825,0.945175,0
293035,0.042749,0.957251,0
293076,0.092269,0.907731,0
293077,0.034699,0.965301,0
293092,0.078879,0.921121,0
293174,0.02433,0.97567,0
293229,0.286258,0.713742,0
293329,0.01366,0.98634,0
293331,0.045118,0.954882,0
293428,0.032651,0.967349,0
293517,0.008798,0.991202,0
293540,0.029766,0.970234,0
293564,0.026007,0.973993,0
293581,0.027158,0.972842,0
293632,0.056537,0.943463,0
293665,0.05938,0.94062,0
293690,0.007033,0.992967,0
293714,0.013956,0.986044,0
293737,0.026646,0.973354,0
293769,0.078564,0.921436,0
293892,0.036372,0.963628,0
294009,0.02878,0.97122,0
294049,0.012647,0.987353,0
294072,0.094659,0.905341,0
294120,0.011961,0.988039,0
294137,0.032961,0.967039,0
294166,0.021107,0.978893,0
294285,0.068524,0.931476,0
294297,0.060111,0.939889,0
294327,0.053988,0.946012,0
294371,0.009344,0.990656,0
294480,0.087391,0.912609,0
294491,0.026339,0.973661,0
294569,0.01191,0.98809,0
294672,0.042793,0.957207,0
294711,0.096441,0.903559,0
294735,0.030081,0.969919,0
294748,0.007446,0.992554,0
294778,0.02193,0.97807,0
294887,0.179914,0.820086,0
294917,0.049263,0.950737,0
295082,0.022977,0.977023,0
295126,0.063379,0.936621,0
295139,0.014031,0.985969,0
295153,0.033837,0.966163,0
295220,0.011872,0.988128,0
295225,0.100584,0.899416,0
295379,0.012525,0.987475,0
295391,0.014944,0.985056,0
295433,0.04401,0.95599,0
295439,0.017596,0.982404,0
295441,0.023495,0.976505,0
295461,0.022735,0.977265,0
295487,0.023099,0.976901,0
295492,0.032823,0.967177,0
295617,0.047367,0.952633,0
295627,0.010106,0.989894,0
295700,0.009945,0.990055,0
295704,0.100584,0.899416,0
295803,0.015951,0.984049,0
295805,0.133215,0.866785,0
295828,0.01769,0.98231,0
295829,0.007163,0.992837,0
295920,0.226479,0.773521,0
295965,0.071634,0.928366,0
295989,0.003481,0.996519,0
295994,0.04401,0.95599,0
296011,0.217855,0.782145,0
296026,0.028478,0.971522,0
296078,0.02549,0.97451,0
296255,0.219337,0.780663,0
296277,0.04187,0.95813,1
296314,0.040456,0.959544,0
296318,0.035211,0.964789,0
296358,0.021606,0.978394,1
296370,0.008798,0.991202,0
296408,0.03303,0.96697,0
296412,0.029331,0.970669,1
296510,0.009702,0.990298,0
296558,0.041783,0.958217,0
296563,0.033554,0.966446,0
296590,0.110514,0.889486,0
296704,0.1118,0.8882,0
296707,0.217116,0.782884,1
296742,0.033239,0.966761,0
296783,0.003706,0.996294,0
296786,0.004382,0.995618,0
296978,0.080309,0.919691,0
297001,0.08039,0.91961,0
297079,0.088085,0.911915,0
297102,0.192573,0.807427,0
297137,0.114522,0.885478,1
297143,0.045118,0.954882,0
297154,0.058897,0.941103,1
297185,0.023395,0.976605,0
297248,0.030304,0.969696,0
297251,0.011228,0.988772,0
297334,0.012907,0.987093,0
297386,0.019845,0.980155,0
297401,0.064352,0.935648,0
297512,0.022711,0.977289,0
297537,0.015798,0.984202,0
297546,0.044238,0.955762,0
297557,0.067219,0.932781,0
297599,0.024459,0.975541,0
297682,0.049466,0.950534,0
297719,0.019407,0.980593,0
297750,0.048157,0.951843,0
297808,0.009165,0.990835,0
297850,0.036716,0.963284,0
297861,0.042882,0.957118,0
297863,0.322526,0.677474,0
297916,0.021355,0.978645,0
297921,0.044746,0.955254,0
297947,0.440068,0.559932,0
298069,0.090022,0.909978,0
298081,0.016243,0.983757,0
298090,0.005105,0.994895,0
298103,0.077316,0.922684,0
298197,0.04324,0.95676,0
298262,0.009828,0.990172,0
298362,0.035248,0.964752,0
298389,0.436328,0.563672,0
298422,0.005608,0.994392,0
298424,0.086701,0.913299,0
298454,0.078016,0.921984,0
298522,0.026172,0.973828,0
298634,0.042219,0.957781,0
298691,0.070063,0.929937,0
298696,0.054377,0.945623,0
298701,0.435261,0.564739,1
298788,0.13574,0.86426,0
298888,0.009028,0.990972,0
298923,0.036754,0.963246,1
298951,0.109346,0.890654,0
298961,0.012824,0.987176,0
298999,0.024176,0.975824,0
299001,0.175632,0.824368,0
299015,0.045259,0.954741,0
299147,0.073681,0.926319,0
299153,0.006965,0.993035,0
299155,0.271853,0.728147,0
299170,0.052403,0.947597,1
299173,0.102066,0.897934,0
299186,0.032617,0.967383,0
299189,0.001849,0.998151,0
299227,0.104884,0.895116,0
299297,0.026172,0.973828,0
299304,0.071924,0.928076,0
299318,0.028689,0.971311,0
299338,0.138825,0.861175,1
299620,0.004437,0.995563,0
299776,0.220082,0.779918,0
299890,0.042616,0.957384,0
299967,0.032141,0.967859,0
299989,0.12222,0.87778,0
300006,0.005687,0.994313,0
300091,0.033135,0.966865,0
300093,0.032686,0.967314,0
300154,0.018918,0.981082,0
300160,0.029331,0.970669,0
300223,0.004628,0.995372,0
300225,0.055561,0.944439,0
300292,0.032515,0.967485,0
300316,0.062356,0.937644,0
300345,0.093918,0.906082,0
300391,0.031275,0.968725,0
300498,0.004328,0.995672,0
300534,0.024074,0.975926,0
300591,0.296111,0.703889,1
300606,0.060665,0.939335,1
300620,0.115295,0.884705,0
300681,0.009619,0.990381,0
300885,0.118998,0.881002,0
300899,0.112124,0.887876,0
300927,0.118091,0.881909,0
300929,0.129868,0.870132,0
300945,0.104072,0.895928,1
300946,0.021953,0.978047,0
300978,0.022258,0.977742,0
301063,0.037805,0.962195,0
301082,0.015564,0.984436,0
301161,0.099315,0.900685,0
301255,0.043555,0.956445,0
301305,0.177051,0.822949,0
301314,0.016807,0.983193,0
301368,0.016191,0.983809,0
301430,0.046493,0.953507,0
301499,0.025009,0.974991,1
301536,0.005183,0.994817,0
301642,0.074202,0.925798,0
301702,0.059866,0.940134,0
301709,0.051548,0.948452,0
301721,0.070631,0.929369,0
301752,0.051072,0.948928,1
301759,0.029955,0.970045,0
301906,0.076239,0.923761,0
301930,0.136123,0.863877,0
302022,0.020036,0.979964,0
302049,0.021629,0.978371,0
302107,0.016225,0.983775,0
302203,0.079989,0.920011,0
302212,0.07601,0.92399,0
302234,0.093457,0.906543,1
302320,0.043016,0.956984,0
302486,0.108608,0.891392,0
302514,0.061599,0.938401,0
302637,0.069359,0.930641,0
302726,0.027796,0.972204,0
303022,0.023272,0.976728,0
303025,0.186079,0.813921,1
303026,0.019366,0.980634,0
303137,0.018737,0.981263,0
303158,0.028659,0.971341,0
303204,0.055107,0.944893,0
303260,0.044101,0.955899,0
303265,0.042219,0.957781,1
303289,0.023296,0.976704,0
303324,0.006287,0.993713,0
303338,0.114083,0.885917,0
303359,0.050289,0.949711,0
303514,0.068593,0.931407,1
303616,0.051495,0.948505,0
303661,0.009224,0.990776,0
303674,0.036831,0.963169,0
303729,0.005435,0.994565,0
303736,0.008003,0.991997,0
303739,0.042175,0.957825,0
303763,0.004821,0.995179,0
303855,0.008284,0.991716,0
303882,0.041826,0.958174,0
303911,0.003617,0.996383,0
303985,0.073018,0.926982,0
303992,0.019263,0.980737,0
304036,0.020143,0.979857,0
304037,0.051707,0.948293,0
304075,0.072798,0.927202,0
304099,0.0304,0.9696,0
304161,0.147746,0.852254,0
304230,0.130482,0.869518,0
304246,0.021814,0.978186,0
304297,0.038362,0.961638,0
304300,0.060603,0.939397,0
304402,0.065273,0.934727,0
304477,0.151474,0.848526,0
304611,0.04911,0.95089,0
304672,0.014566,0.985434,0
304678,0.133717,0.866283,0
304689,0.11843,0.88157,0
304709,0.084241,0.915759,0
304845,0.039664,0.960336,0
304869,0.026283,0.973717,0
304937,0.119911,0.880089,0
304981,0.019552,0.980448,0
305010,0.223264,0.776736,0
305095,0.152312,0.847688,0
305102,0.119568,0.880432,1
305120,0.128525,0.871475,0
305143,0.012339,0.987661,0
305171,0.07495,0.92505,0
305213,0.107771,0.892229,0
305249,0.014411,0.985589,0
305255,0.008704,0.991296,0
305277,0.138436,0.861564,0
305297,0.003075,0.996925,0
305363,0.145439,0.854561,1
305432,0.03687,0.96313,0
305514,0.023445,0.976555,0
305533,0.117978,0.882022,0
305576,0.115406,0.884594,0
305625,0.045353,0.954647,0
305639,0.01093,0.98907,0
305652,0.024408,0.975592,0
305694,0.299742,0.700258,0
305724,0.008418,0.991582,0
305804,0.053767,0.946233,0
305805,0.072651,0.927349,0
305897,0.255014,0.744986,0
305926,0.017936,0.982064,0
305995,0.035993,0.964007,0
306000,0.009588,0.990412,0
306039,0.009977,0.990023,0
306082,0.257081,0.742919,0
306122,0.013172,0.986828,0
306132,0.011252,0.988748,0
306152,0.093273,0.906727,0
306157,0.024641,0.975359,0
306290,0.016139,0.983861,0
306295,0.240457,0.759543,0
306329,0.019181,0.980819,0
306351,0.040163,0.959837,0
306369,0.268004,0.731996,0
306392,0.0271,0.9729,0
306405,0.027708,0.972292,0
306417,0.174379,0.825621,0
306548,0.06661,0.93339,0
306571,0.04105,0.95895,0
306700,0.054938,0.945062,0
306759,0.027796,0.972204,0
306761,0.09806,0.90194,1
306773,0.016629,0.983371,0
306858,0.097868,0.902132,0
306885,0.110727,0.889273,1
306890,0.059744,0.940256,0
306955,0.065141,0.934859,0
306991,0.106835,0.893165,0
307007,0.041826,0.958174,0
307116,0.013314,0.986686,0
307234,0.078094,0.921906,0
307268,0.130482,0.869518,0
307290,0.003116,0.996884,0
307296,0.069922,0.930078,0
307300,0.045777,0.954223,0
307375,0.142232,0.857768,0
307411,0.010607,0.989393,0
307535,0.118091,0.881909,0
307557,0.11764,0.88236,0
307595,0.017746,0.982254,0
307650,0.015057,0.984943,0
307696,0.050967,0.949033,0
307700,0.018401,0.981599,1
307727,0.015073,0.984927,0
307734,0.02815,0.97185,0
307876,0.091725,0.908275,0
308049,0.024253,0.975747,0
308109,0.009527,0.990473,0
308157,0.315924,0.684076,0
308214,0.007883,0.992117,0
308242,0.194096,0.805904,0
308268,0.017633,0.982367,0
308321,0.114083,0.885917,0
308607,0.022093,0.977907,0
308622,0.029798,0.970202,0
308676,0.0159,0.9841,0
308733,0.087911,0.912089,0
308774,0.151474,0.848526,0
308939,0.031639,0.968361,0
308970,0.029861,0.970139,0
308975,0.035806,0.964194,0
308989,0.100486,0.899514,0
309020,0.204836,0.795164,1
309171,0.028031,0.971969,0
309188,0.004775,0.995225,0
309190,0.058358,0.941642,0
309290,0.015105,0.984895,0
309412,0.047662,0.952338,0
309503,0.145844,0.854156,0
309514,0.111477,0.888523,0
309528,0.214545,0.785455,0
309595,0.02025,0.97975,0
309691,0.0113,0.9887,0
309700,0.144766,0.855234,0
309708,0.005774,0.994226,0
309862,0.017483,0.982517,0
310060,0.007535,0.992465,0
310122,0.020995,0.979005,0
310151,0.017372,0.982628,0
310308,0.005786,0.994214,0
310315,0.114963,0.885037,0
310325,0.106422,0.893578,0
310336,0.017936,0.982064,0
310367,0.004811,0.995189,0
310435,0.059744,0.940256,0
310442,0.072798,0.927202,0
310468,0.18575,0.81425,0
310478,0.01222,0.98778,0
310666,0.013602,0.986398,0
310671,0.143828,0.856172,0
310723,0.035544,0.964456,0
310727,0.16091,0.83909,0
311009,0.006087,0.993913,0
311076,0.085167,0.914833,1
311141,0.106113,0.893887,0
311151,0.164457,0.835543,0
311196,0.050601,0.949399,0
311198,0.105804,0.894196,0
311231,0.028328,0.971672,0
311297,0.103466,0.896534,0
311305,0.029987,0.970013,0
311328,0.04333,0.95667,0
311340,0.005989,0.994011,0
311390,0.066745,0.933255,0
311419,0.083574,0.916426,0
311431,0.126593,0.873407,0
311586,0.072724,0.927276,0
311674,0.048057,0.951943,0
311686,0.052027,0.947973,0
311925,0.103971,0.896029,1
311981,0.118657,0.881343,0
312038,0.114633,0.885367,0
312081,0.021446,0.978554,0
312094,0.014046,0.985954,0
312116,0.020164,0.979836,0
312136,0.087651,0.912349,0
312155,0.253368,0.746632,1
312207,0.018918,0.981082,0
312258,0.112124,0.887876,0
312356,0.007757,0.992243,0
312379,0.082664,0.917336,0
312387,0.072141,0.927859,0
312405,0.161938,0.838062,0
312418,0.003944,0.996056,0
312444,0.101273,0.898727,0
312463,0.044746,0.955254,0
312537,0.048908,0.951092,0
312610,0.118884,0.881116,0
312641,0.153718,0.846282,0
312779,0.011732,0.988268,0
312780,0.020862,0.979138,0
312854,0.068593,0.931407,0
312875,0.007486,0.992514,0
312882,0.037452,0.962548,0
312989,0.061725,0.938275,0
313010,0.012129,0.987871,0
313073,0.022929,0.977071,0
313150,0.130729,0.869271,0
313154,0.089137,0.910863,0
313177,0.011312,0.988688,0
313211,0.054266,0.945734,1
313274,0.191731,0.808269,0
313277,0.12083,0.87917,0
313303,0.0695,0.9305,0
313371,0.06894,0.93106,0
313378,0.011821,0.988179,1
313443,0.101867,0.898133,0
313453,0.071851,0.928149,0
313477,0.024824,0.975176,0
313509,0.019909,0.980091,0
313522,0.03005,0.96995,0
313535,0.056075,0.943925,1
313580,0.031407,0.968593,0
313629,0.061851,0.938149,0
313664,0.029517,0.970483,0
313739,0.013088,0.986912,0
313764,0.07693,0.92307,0
313812,0.016735,0.983265,0
314042,0.124331,0.875669,0
314048,0.065871,0.934129,0
314058,0.113754,0.886246,0
314189,0.194606,0.805394,1
314233,0.016629,0.983371,0
314265,0.071851,0.928149,0
314345,0.040163,0.959837,0
314347,0.033944,0.966056,0
314358,0.103366,0.896634,0
314563,0.007256,0.992744,0
314578,0.04722,0.95278,0
314703,0.016087,0.983913,0
314715,0.289372,0.710628,1
314801,0.069851,0.930149,0
314835,0.005166,0.994834,0
314845,0.074425,0.925575,0
314866,0.054994,0.945006,0
314881,0.064549,0.935451,0
314895,0.024202,0.975798,0
314946,0.033908,0.966092,0
315012,0.061224,0.938776,0
315028,0.083907,0.916093,0
315029,0.009775,0.990225,0
315031,0.054099,0.945901,0
315041,0.066812,0.933188,0
315072,0.020774,0.979226,0
315082,0.005718,0.994282,0
315085,0.037296,0.962704,0
315138,0.022953,0.977047,0
315165,0.018697,0.981303,0
315320,0.006459,0.993541,0
315465,0.108189,0.891811,0
315521,0.085845,0.914155,0
315548,0.332563,0.667437,1
315594,0.102464,0.897536,0
315736,0.014121,0.985879,1
315762,0.036144,0.963856,0
315848,0.028478,0.971522,0
315896,0.065805,0.934195,0
315946,0.065406,0.934594,0
315982,0.020707,0.979293,0
315999,0.050549,0.949451,0
316004,0.031078,0.968922,0
316020,0.04611,0.95389,1
316029,0.010884,0.989116,0
316046,0.024956,0.975044,0
316073,0.013018,0.986982,0
316079,0.009661,0.990339,0
316084,0.028239,0.971761,0
316123,0.024667,0.975333,0
316177,0.123859,0.876141,0
316181,0.145574,0.854426,0
316202,0.099996,0.900004,0
316208,0.010989,0.989011,0
316232,0.049569,0.950431,0
316257,0.063251,0.936749,0
316273,0.037648,0.962352,0
316309,0.042219,0.957781,0
316393,0.060234,0.939766,0
316460,0.180556,0.819444,0
316545,0.027186,0.972814,0
316573,0.026366,0.973634,0
316588,0.016753,0.983247,1
316604,0.099024,0.900976,0
316614,0.018837,0.981163,0
316707,0.015008,0.984992,0
316735,0.085251,0.914749,0
316745,0.030208,0.969792,0
316839,0.017261,0.982739,0
316921,0.041008,0.958992,0
316931,0.034881,0.965119,0
317002,0.072214,0.927786,0
317153,0.141176,0.858824,1
317163,0.01292,0.98708,0
317232,0.066677,0.933323,0
317262,0.009145,0.990855,0
317286,0.292955,0.707045,0
317350,0.200627,0.799373,1
317359,0.053601,0.946399,0
317407,0.066812,0.933188,0
317441,0.00624,0.99376,0
317447,0.078094,0.921906,0
317452,0.161203,0.838797,0
317613,0.037179,0.962821,0
317654,0.026703,0.973297,0
317660,0.016575,0.983425,0
317678,0.02809,0.97191,0
317683,0.003359,0.996641,0
317733,0.022953,0.977047,0
317755,0.03303,0.96697,0
317791,0.025463,0.974537,0
317821,0.139735,0.860265,0
317837,0.011595,0.988405,0
317901,0.033872,0.966128,0
317903,0.007943,0.992057,0
318069,0.121755,0.878245,0
318141,0.089756,0.910244,0
318316,0.061162,0.938838,0
318329,0.005996,0.994004,0
318355,0.023896,0.976104,0
318366,0.051442,0.948558,0
318376,0.010814,0.989186,0
318394,0.149118,0.850882,0
318472,0.049773,0.950227,0
318521,0.068247,0.931753,0
318537,0.075101,0.924899,0
318567,0.045165,0.954835,0
318623,0.021721,0.978279,0
318650,0.008951,0.991049,0
318697,0.013102,0.986898,0
318745,0.099509,0.900491,0
318804,0.025328,0.974672,0
318902,0.002509,0.997491,0
318962,0.043061,0.956939,0
318974,0.120946,0.879054,0
319016,0.004004,0.995996,0
319028,0.065738,0.934262,1
319112,0.019656,0.980344,0
319115,0.006564,0.993436,0
319153,0.071996,0.928004,0
319173,0.061412,0.938588,1
319282,0.027533,0.972467,0
319283,0.061914,0.938086,0
319299,0.100584,0.899416,0
319317,0.029362,0.970638,0
319388,0.02372,0.97628,0
319447,0.039954,0.960046,1
319456,0.185422,0.814578,1
319503,0.1421,0.8579,0
319535,0.006294,0.993706,0
319607,0.076087,0.923913,0
319654,0.02193,0.97807,0
319703,0.029115,0.970885,0
319715,0.036486,0.963514,0
319735,0.018697,0.981303,0
319812,0.079353,0.920647,0
319851,0.014106,0.985894,0
319888,0.081195,0.918805,1
319918,0.011048,0.988952,0
319924,0.059319,0.940681,0
319930,0.047416,0.952584,0
319987,0.022519,0.977481,0
319995,0.099996,0.900004,0
320032,0.195117,0.804883,0
320073,0.103366,0.896634,0
320103,0.0695,0.9305,0
320107,0.015647,0.984353,0
320111,0.065141,0.934859,0
320145,0.067629,0.932371,0
320197,0.09663,0.90337,0
320243,0.072505,0.927495,0
320304,0.038123,0.961877,1
320407,0.108714,0.891286,0
320483,0.124095,0.875905,0
320489,0.025009,0.974991,0
320525,0.011072,0.988928,0
320535,0.049314,0.950686,0
320542,0.048506,0.951494,0
320560,0.154001,0.845999,0
320610,0.074202,0.925798,0
320618,0.01162,0.98838,0
320702,0.044284,0.955716,0
320809,0.013587,0.986413,0
320885,0.059017,0.940983,0
320971,0.129378,0.870622,0
321005,0.063637,0.936363,0
321072,0.039746,0.960254,1
321088,0.354086,0.645914,0
321095,0.017746,0.982254,0
321103,0.026366,0.973634,0
321104,0.070417,0.929583,0
321177,0.090378,0.909622,0
321191,0.007699,0.992301,0
321278,0.155705,0.844295,0
321279,0.009096,0.990904,0
321305,0.220828,0.779172,0
321333,0.06688,0.93312,0
321337,0.016019,0.983981,0
321454,0.013271,0.986729,0
321590,0.213086,0.786914,0
321635,0.005774,0.994226,0
321647,0.003465,0.996535,0
321705,0.015647,0.984353,0
321721,0.008639,0.991361,0
321735,0.044422,0.955578,0
321773,0.006865,0.993135,0
321855,0.02062,0.97938,0
321856,0.027158,0.972842,0
321948,0.006213,0.993787,0
321971,0.016735,0.983265,0
322016,0.120946,0.879054,0
322027,0.016452,0.983548,0
322035,0.050186,0.949814,0
322114,0.042616,0.957384,0
322128,0.038603,0.961397,0
322148,0.003486,0.996514,0
322162,0.002385,0.997615,0
322208,0.090646,0.909354,0
322361,0.016789,0.983211,0
322403,0.006362,0.993638,0
322428,0.004538,0.995462,0
322453,0.023198,0.976802,0
322487,0.028568,0.971432,0
322517,0.056075,0.943925,0
322616,0.014896,0.985104,0
322667,0.092269,0.907731,0
322670,0.062166,0.937834,0
322700,0.008845,0.991155,0
322706,0.008446,0.991554,0
322813,0.03622,0.96378,0
322848,0.190055,0.809945,0
322865,0.051177,0.948823,0
322910,0.076546,0.923454,0
322921,0.006751,0.993249,0
322932,0.168979,0.831021,0
322939,0.00964,0.99036,0
322972,0.02809,0.97191,0
323046,0.005755,0.994245,0
323074,0.049009,0.950991,0
323102,0.076087,0.923913,0
323110,0.05289,0.94711,0
323163,0.137147,0.862853,0
323412,0.121871,0.878129,0
323511,0.128404,0.871596,0
323564,0.07346,0.92654,0
323577,0.089225,0.910775,0
323664,0.025815,0.974185,0
323745,0.050031,0.949969,0
323750,0.018421,0.981579,0
323782,0.041307,0.958693,0
323794,0.030948,0.969052,0
323819,0.037964,0.962036,0
323864,0.041566,0.958434,0
323865,0.014928,0.985072,0
323867,0.105088,0.894912,0
323958,0.054881,0.945119,0
323993,0.026731,0.973269,0
324012,0.09401,0.90599,0
324034,0.110621,0.889379,0
324077,0.206965,0.793035,0
324083,0.019283,0.980717,0
324102,0.007699,0.992301,0
324151,0.026506,0.973494,0
324173,0.008779,0.991221,0
324186,0.109029,0.890971,0
324292,0.061725,0.938275,0
324391,0.004811,0.995189,0
324425,0.031973,0.968027,1
324431,0.0132,0.9868,0
324441,0.220828,0.779172,0
324576,0.057823,0.942177,0
324578,0.014817,0.985183,0
324618,0.021953,0.978047,0
324637,0.305237,0.694763,0
324660,0.198202,0.801798,1
324672,0.309858,0.690142,1
324691,0.004105,0.995895,0
324723,0.025088,0.974912,0
324730,0.047563,0.952437,0
324737,0.027649,0.972351,0
324763,0.0201,0.9799,0
324768,0.019994,0.980006,0
324784,0.115295,0.884705,0
324800,0.007511,0.992489,0
324806,0.017879,0.982121,0
324832,0.021152,0.978848,1
324945,0.165653,0.834347,0
324982,0.047172,0.952828,0
325011,0.010096,0.989904,0
325015,0.063896,0.936104,0
325023,0.003656,0.996344,0
325177,0.137147,0.862853,0
325225,0.027943,0.972057,0
325248,0.029269,0.970731,0
325263,0.032074,0.967926,0
325279,0.133465,0.866535,0
325350,0.044101,0.955899,0
325461,0.149946,0.850054,0
325480,0.005371,0.994629,0
325526,0.121871,0.878129,0
325604,0.084409,0.915591,0
325626,0.252138,0.747862,0
325682,0.037924,0.962076,0
325750,0.071779,0.928221,0
325754,0.139605,0.860395,1
325775,0.013186,0.986814,0
325860,0.022211,0.977789,0
325862,0.025168,0.974832,0
325964,0.006913,0.993087,0
326022,0.006946,0.993054,0
326080,0.017483,0.982517,0
326130,0.093273,0.906727,0
326161,0.117865,0.882135,0
326322,0.032549,0.967451,0
326424,0.0224,0.9776,0
326491,0.088347,0.911653,0
326498,0.035507,0.964493,0
326536,0.067972,0.932028,0
326537,0.194096,0.805904,0
326578,0.033944,0.966056,0
326745,0.028538,0.971462,0
326886,0.049876,0.950124,0
326907,0.011084,0.988916,0
326946,0.064418,0.935582,0
326974,0.025035,0.974965,0
327059,0.028689,0.971311,0
327157,0.09401,0.90599,0
327191,0.028061,0.971939,0
327197,0.004408,0.995592,0
327200,0.084998,0.915002,0
327308,0.037924,0.962076,0
327369,0.037101,0.962899,0
327412,0.044653,0.955347,0
327441,0.236516,0.763484,1
327583,0.046015,0.953985,0
327588,0.229919,0.770081,0
327634,0.010814,0.989186,0
327652,0.167158,0.832842,0
327709,0.005423,0.994577,0
327740,0.01313,0.98687,0
327755,0.034086,0.965914,0
327831,0.004199,0.995801,0
327976,0.145844,0.854156,0
328004,0.036831,0.963169,0
328014,0.023644,0.976356,0
328024,0.041913,0.958087,0
328032,0.101867,0.898133,0
328112,0.086615,0.913385,0
328143,0.075176,0.924824,0
328189,0.067903,0.932097,0
328230,0.031872,0.968128,0
328237,0.134978,0.865022,0
328289,0.123155,0.876845,0
328355,0.009096,0.990904,0
328364,0.059501,0.940499,0
328405,0.134094,0.865906,0
328430,0.092451,0.907549,0
328507,0.048306,0.951694,0
328565,0.062103,0.937897,0
328607,0.040246,0.959754,0
328676,0.087477,0.912523,0
328696,0.023247,0.976753,0
328706,0.108819,0.891181,0
328726,0.018697,0.981303,0
328747,0.056769,0.943231,0
328908,0.075176,0.924824,0
329115,0.042044,0.957956,0
329154,0.02051,0.97949,0
329255,0.002785,0.997215,0
329316,0.085251,0.914749,0
329395,0.023075,0.976925,0
329405,0.078721,0.921279,0
329437,0.199932,0.800068,1
329465,0.123037,0.876963,0
329493,0.045072,0.954928,0
329496,0.006657,0.993343,0
329502,0.017652,0.982348,0
329550,0.097105,0.902895,0
329600,0.062166,0.937834,0
329620,0.157857,0.842143,0
329722,0.048356,0.951644,0
329769,0.082829,0.917171,0
329780,0.148568,0.851432,0
329795,0.179914,0.820086,0
329796,0.021197,0.978803,0
329820,0.050758,0.949242,1
329852,0.066677,0.933323,0
329857,0.08559,0.91441,0
329911,0.014151,0.985849,0
329928,0.009734,0.990266,0
329959,0.017596,0.982404,0
329995,0.112016,0.887984,0
330073,0.131718,0.868282,0
330099,0.099606,0.900394,0
330114,0.198893,0.801107,0
330126,0.002203,0.997797,0
330159,0.078094,0.921906,1
330203,0.070845,0.929155,0
330210,0.168218,0.831782,0
330230,0.091094,0.908906,0
330298,0.083491,0.916509,0
330306,0.109875,0.890125,0
330331,0.044792,0.955208,0
330377,0.083991,0.916009,0
330412,0.056305,0.943695,0
330416,0.034517,0.965483,0
330482,0.049517,0.950483,0
330563,0.119112,0.880888,0
330601,0.008565,0.991435,0
330641,0.076239,0.923761,0
330663,0.069219,0.930781,0
330710,0.058477,0.941523,0
330768,0.125398,0.874602,0
330817,0.005548,0.994452,0
330819,0.110407,0.889593,0
330832,0.033239,0.966761,0
330842,0.244844,0.755156,0
330843,0.040752,0.959248,0
330869,0.061977,0.938023,0
330879,0.0611,0.9389,0
330920,0.055961,0.944039,0
330992,0.06242,0.93758,0
331028,0.009945,0.990055,0
331098,0.111155,0.888845,0
331238,0.006913,0.993087,0
331263,0.06688,0.93312,0
331333,0.060357,0.939643,0
331356,0.003036,0.996964,0
331601,0.136762,0.863238,1
331617,0.014442,0.985558,0
331705,0.053877,0.946123,0
331747,0.052081,0.947919,0
331787,0.120945,0.879055,0
331894,0.055846,0.944154,0
331931,0.007086,0.992914,0
332030,0.026646,0.973354,0
332032,0.014136,0.985864,0
332102,0.048556,0.951444,1
332109,0.020164,0.979836,0
332154,0.00876,0.99124,0
332246,0.059683,0.940317,0
332251,0.014597,0.985403,0
332254,0.016225,0.983775,0
332365,0.008437,0.991563,0
332372,0.023569,0.976431,0
332388,0.03231,0.96769,0
332393,0.034409,0.965591,0
332408,0.06223,0.93777,0
332506,0.059198,0.940802,0
332557,0.160617,0.839383,0
332587,0.132215,0.867785,0
332593,0.031605,0.968395,1
332643,0.021976,0.978024,0
332659,0.036334,0.963666,0
332717,0.011072,0.988928,0
332719,0.01633,0.98367,0
332989,0.233784,0.766216,0
333075,0.00393,0.99607,0
333131,0.004206,0.995794,0
333161,0.056769,0.943231,0
333272,0.125875,0.874125,0
333294,0.073165,0.926835,1
333307,0.24605,0.75395,0
333514,0.031939,0.968061,0
333515,0.065871,0.934129,0
333526,0.035693,0.964307,0
333586,0.13422,0.86578,0
333616,0.052081,0.947919,1
333632,0.052944,0.947056,0
333643,0.138307,0.861693,0
333652,0.06957,0.93043,0
333723,0.020423,0.979577,0
333743,0.027884,0.972116,0
333792,0.110407,0.889593,0
333823,0.063508,0.936492,0
333838,0.201324,0.798676,0
333878,0.078879,0.921121,0
333880,0.016277,0.983723,0
333944,0.015985,0.984015,0
333996,0.057705,0.942295,0
334047,0.011349,0.988651,0
334079,0.105599,0.894401,1
334112,0.034554,0.965446,0
334145,0.039746,0.960254,0
334159,0.05806,0.94194,0
334213,0.020207,0.979793,0
334242,0.023321,0.976679,0
334304,0.09401,0.90599,0
334329,0.034699,0.965301,0
334384,0.115074,0.884926,0
334531,0.154993,0.845007,0
334560,0.0167,0.9833,0
334601,0.012769,0.987231,0
334677,0.081764,0.918236,0
334752,0.142364,0.857636,0
334789,0.043691,0.956309,0
334849,0.010989,0.989011,0
334859,0.033944,0.966056,0
334905,0.097105,0.902895,0
334942,0.04659,0.95341,0
334980,0.013004,0.986996,0
335059,0.11137,0.88863,0
335118,0.001063,0.998937,0
335175,0.022904,0.977096,0
335297,0.094659,0.905341,0
335386,0.130359,0.869641,0
335442,0.156563,0.843437,1
335502,0.040204,0.959796,0
335510,0.063058,0.936942,1
335522,0.008989,0.991011,0
335535,0.085845,0.914155,1
335606,0.11934,0.88066,0
335701,0.0134,0.9866,0
335745,0.039829,0.960171,0
335801,0.048306,0.951694,0
335830,0.213086,0.786914,0
335882,0.111585,0.888415,0
335886,0.063186,0.936814,0
336047,0.054769,0.945231,0
336074,0.028358,0.971642,1
336105,0.018032,0.981968,0
336162,0.033944,0.966056,0
336164,0.047514,0.952486,0
336198,0.075858,0.924142,0
336333,0.069992,0.930008,0
336334,0.138307,0.861693,1
336342,0.065339,0.934661,0
336439,0.11663,0.88337,0
336546,0.026089,0.973911,0
336557,0.189888,0.810112,1
336576,0.04033,0.95967,0
336587,0.013243,0.986757,0
336647,0.012458,0.987542,0
336753,0.018757,0.981243,0
336755,0.035881,0.964119,0
336790,0.26041,0.73959,0
336853,0.211634,0.788366,0
336864,0.004975,0.995025,0
337026,0.103366,0.896634,1
337086,0.013172,0.986828,0
337195,0.182005,0.817995,0
337334,0.01739,0.98261,0
337358,0.017577,0.982423,0
337453,0.019079,0.980921,0
337502,0.170508,0.829492,0
337544,0.103165,0.896835,0
337575,0.025463,0.974537,0
337587,0.007986,0.992014,0
337662,0.02288,0.97712,0
337696,0.015057,0.984943,0
337728,0.061162,0.938838,0
337762,0.216563,0.783437,0
337770,0.005012,0.994988,0
337773,0.021515,0.978485,0
337797,0.105907,0.894093,0
337798,0.041093,0.958907,0
337829,0.187067,0.812933,0
337853,0.005245,0.994755,0
337897,0.019635,0.980365,0
338048,0.106216,0.893784,1
338182,0.033908,0.966092,0
338186,0.030464,0.969536,0
338251,0.146657,0.853343,0
338282,0.065406,0.934594,0
338296,0.02549,0.97451,0
338334,0.132465,0.867535,0
338359,0.058358,0.941642,0
338376,0.145844,0.854156,0
338392,0.075479,0.924521,1
338396,0.036031,0.963969,0
338402,0.136123,0.863877,0
338511,0.078642,0.921358,0
338611,0.006369,0.993631,1
338617,0.047269,0.952731,0
338635,0.051177,0.948823,0
338643,0.079591,0.920409,0
338655,0.001616,0.998384,0
338667,0.02025,0.97975,0
338744,0.288926,0.711074,0
338827,0.057529,0.942471,0
338853,0.005412,0.994588,0
338894,0.039954,0.960046,0
338987,0.023124,0.976876,0
339001,0.223829,0.776171,0
339012,0.075101,0.924899,0
339051,0.048206,0.951794,0
339093,0.132839,0.867161,0
339108,0.12804,0.87196,0
339115,0.034517,0.965483,0
339131,0.077782,0.922218,0
339140,0.11719,0.88281,0
339278,0.136123,0.863877,0
339316,0.024537,0.975463,0
339467,0.108714,0.891286,0
339510,0.095032,0.904968,0
339574,0.028478,0.971522,1
339626,0.025355,0.974645,0
339753,0.115738,0.884262,0
339765,0.166555,0.833445,0
339866,0.013018,0.986982,0
339869,0.005183,0.994817,0
340135,0.259993,0.740007,0
340148,0.022856,0.977144,0
340156,0.048858,0.951142,0
340199,0.005951,0.994049,0
340201,0.013748,0.986252,0
340226,0.143028,0.856972,0
340227,0.008418,0.991582,0
340241,0.116518,0.883482,0
340244,0.041179,0.958821,0
340371,0.014488,0.985512,0
340386,0.030981,0.969019,0
340419,0.011385,0.988615,0
340501,0.013414,0.986586,0
340608,0.027417,0.972583,0
340617,0.046686,0.953314,0
340656,0.032141,0.967859,0
340668,0.03144,0.96856,0
340748,0.017652,0.982348,0
340756,0.017614,0.982386,0
340803,0.009775,0.990225,0
340893,0.036563,0.963437,0
341022,0.030818,0.969182,0
341051,0.08949,0.91051,0
341137,0.039089,0.960911,0
341169,0.033204,0.966796,0
341193,0.004113,0.995887,0
341204,0.102265,0.897735,0
341306,0.028508,0.971492,0
341311,0.004034,0.995966,0
341395,0.052944,0.947056,0
341411,0.145304,0.854696,0
341569,0.015514,0.984486,0
341654,0.037491,0.962509,0
341664,0.152452,0.847548,0
341693,0.023346,0.976654,1
341699,0.04135,0.95865,1
341715,0.035993,0.964007,0
341744,0.046977,0.953023,0
341763,0.064157,0.935843,0
341821,0.001641,0.998359,0
341954,0.144095,0.855905,0
341996,0.006515,0.993485,0
342015,0.035656,0.964344,0
342018,0.032996,0.967004,0
342024,0.00622,0.99378,1
342044,0.218595,0.781405,0
342190,0.077471,0.922529,0
342211,0.125875,0.874125,0
342241,0.088961,0.911039,0
342375,0.090557,0.909443,0
342389,0.055732,0.944268,0
342444,0.077782,0.922218,0
342504,0.016002,0.983998,0
342622,0.009175,0.990825,0
342658,0.077007,0.922993,0
342751,0.017298,0.982702,0
342853,0.073386,0.926614,0
342974,0.004573,0.995427,0
343012,0.025275,0.974725,0
343077,0.039334,0.960666,0
343083,0.039416,0.960584,0
343084,0.119682,0.880318,1
343099,0.019594,0.980406,0
343111,0.13147,0.86853,0
343115,0.018013,0.981987,0
343145,0.010527,0.989473,0
343275,0.109452,0.890548,0
343281,0.061224,0.938776,0
343287,0.042131,0.957869,0
343394,0.014197,0.985803,0
343403,0.004608,0.995392,0
343408,0.027533,0.972467,0
343444,0.034481,0.965519,0
343498,0.047269,0.952731,0
343506,0.034373,0.965627,0
343511,0.005211,0.994789,0
343599,0.011204,0.988796,0
343606,0.007617,0.992383,0
343612,0.0061,0.9939,0
343660,0.176262,0.823738,0
343761,0.00351,0.99649,0
343779,0.113864,0.886136,0
343860,0.024982,0.975018,0
343913,0.058837,0.941163,0
343924,0.125756,0.874244,0
343995,0.051283,0.948717,0
344003,0.108084,0.891916,0
344033,0.012728,0.987272,1
344122,0.075252,0.924748,0
344137,0.011108,0.988892,0
344156,0.058597,0.941403,0
344223,0.026506,0.973494,0
344246,0.04071,0.95929,0
344486,0.022567,0.977433,0
344518,0.064418,0.935582,0
344567,0.014227,0.985773,0
344639,0.065671,0.934329,0
344652,0.096441,0.903559,0
344653,0.049722,0.950278,0
344711,0.010837,0.989163,0
344786,0.177526,0.822474,0
344872,0.174223,0.825777,1
344966,0.040121,0.959879,0
345076,0.072651,0.927349,0
345115,0.004021,0.995979,0
345175,0.084493,0.915507,0
345186,0.099412,0.900588,0
345290,0.010919,0.989081,0
345316,0.032344,0.967656,0
345334,0.004853,0.995147,0
345356,0.006758,0.993242,0
345361,0.061725,0.938275,0
345363,0.100584,0.899416,0
345384,0.04342,0.95658,0
345577,0.059198,0.940802,0
345579,0.053932,0.946068,0
345661,0.034229,0.965771,0
345693,0.041008,0.958992,0
345698,0.0085,0.9915,0
345736,0.053546,0.946454,0
345768,0.038083,0.961917,0
345829,0.010895,0.989105,0
345850,0.032107,0.967893,0
345873,0.04071,0.95929,0
345926,0.035433,0.964567,0
345992,0.032006,0.967994,0
346005,0.063186,0.936814,0
346008,0.115517,0.884483,1
346089,0.052619,0.947381,0
346195,0.163267,0.836733,0
346254,0.045118,0.954882,1
346277,0.065738,0.934262,0
346282,0.140651,0.859349,0
346310,0.054938,0.945062,0
346335,0.250913,0.749087,0
346374,0.013719,0.986281,0
346376,0.009334,0.990666,0
346427,0.360064,0.639936,0
346495,0.013214,0.986786,0
346505,0.187728,0.812272,0
346514,0.108084,0.891916,0
346572,0.037648,0.962352,0
346758,0.035285,0.964715,1
346819,0.01306,0.98694,0
346955,0.00284,0.99716,0
346959,0.011264,0.988736,0
346978,0.034808,0.965192,0
347086,0.437396,0.562604,0
347113,0.017353,0.982647,0
347164,0.103065,0.896935,0
347341,0.062356,0.937644,0
347352,0.015186,0.984814,0
347372,0.084241,0.915759,0
347407,0.033695,0.966305,0
347412,0.160617,0.839383,1
347495,0.023495,0.976505,1
347537,0.009496,0.990504,0
347587,0.273574,0.726426,0
347594,0.049517,0.950483,0
347601,0.343733,0.656267,0
347645,0.153155,0.846845,1
347668,0.124331,0.875669,0
347694,0.004688,0.995312,0
347740,0.092816,0.907184,0
347772,0.013822,0.986178,0
347791,0.227241,0.772759,0
347885,0.082912,0.917088,0
347961,0.126353,0.873647,1
348052,0.011935,0.988065,0
348097,0.031308,0.968692,0
348137,0.052081,0.947919,0
348152,0.067492,0.932508,0
348299,0.014442,0.985558,0
348373,0.029207,0.970793,0
348440,0.025409,0.974591,0
348452,0.030176,0.969824,0
348506,0.08559,0.91441,0
348673,0.015153,0.984847,0
348676,0.023896,0.976104,0
348685,0.027884,0.972116,0
348705,0.108084,0.891916,0
348710,0.15642,0.84358,0
348739,0.008437,0.991563,0
348765,0.006607,0.993393,0
348869,0.013471,0.986529,0
348927,0.014091,0.985909,0
348929,0.059866,0.940134,0
348951,0.035806,0.964194,0
348957,0.061037,0.938963,0
348986,0.036793,0.963207,0
348988,0.078957,0.921043,0
349039,0.018578,0.981422,0
349118,0.054545,0.945455,0
349232,0.045588,0.954412,0
349240,0.167007,0.832993,1
349255,0.094845,0.905155,0
349284,0.023972,0.976028,0
349378,0.066072,0.933928,0
349443,0.109452,0.890548,0
349478,0.113209,0.886791,0
349493,0.136506,0.863494,0
349499,0.018284,0.981716,0
349554,0.069289,0.930711,0
349564,0.009086,0.990914,0
349585,0.087045,0.912955,1
349640,0.052781,0.947219,0
349663,0.06048,0.93952,0
349680,0.013004,0.986996,0
349780,0.15542,0.84458,0
349794,0.081439,0.918561,0
349818,0.043016,0.956984,0
349891,0.099218,0.900782,0
349898,0.038083,0.961917,0
349949,0.134473,0.865527,1
349959,0.016087,0.983913,0
349987,0.004718,0.995282,0
350007,0.009547,0.990453,0
350041,0.047612,0.952388,0
350046,0.158001,0.841999,0
350057,0.040795,0.959205,0
350101,0.02587,0.97413,0
350104,0.040541,0.959459,0
350116,0.010107,0.989893,0
350141,0.008257,0.991743,0
350142,0.11843,0.88157,0
350195,0.026703,0.973297,0
350227,0.025897,0.974103,0
350251,0.170201,0.829799,0
350271,0.07991,0.92009,0
350332,0.023544,0.976456,0
350383,0.028269,0.971731,0
350526,0.099606,0.900394,0
350594,0.161791,0.838209,0
350637,0.067287,0.932713,0
350686,0.077626,0.922374,0
350767,0.146928,0.853072,0
350798,0.070702,0.929298,0
350887,0.310787,0.689213,0
350914,0.124095,0.875905,1
350930,0.049212,0.950788,0
350951,0.02762,0.97238,0
351031,0.015697,0.984303,0
351060,0.024304,0.975696,0
351123,0.05192,0.94808,0
351168,0.033204,0.966796,0
351236,0.101273,0.898727,0
351268,0.021629,0.978371,0
351379,0.267153,0.732847,0
351402,0.003828,0.996172,0
351406,0.058597,0.941403,0
351434,0.031605,0.968395,0
351441,0.031078,0.968922,0
351510,0.012865,0.987135,0
351529,0.025652,0.974348,0
351549,0.06688,0.93312,0
351568,0.09438,0.90562,0
351575,0.028932,0.971068,0
351773,0.005855,0.994145,0
351925,0.068385,0.931615,0
351926,0.192067,0.807933,0
351935,0.097105,0.902895,0
351955,0.006335,0.993665,0
351969,0.077471,0.922529,1
352218,0.020164,0.979836,0
352224,0.024304,0.975696,0
352257,0.004921,0.995079,0
352271,0.017879,0.982121,0
352362,0.077626,0.922374,0
352369,0.01209,0.98791,0
352466,0.043105,0.956895,0
352480,0.068662,0.931338,0
352483,0.116406,0.883594,0
352504,0.036182,0.963818,0
352532,0.075252,0.924748,0
352537,0.103366,0.896634,0
352547,0.157424,0.842576,0
352628,0.08039,0.91961,0
352633,0.131346,0.868654,0
352727,0.026646,0.973354,0
352787,0.028388,0.971612,0
352852,0.025897,0.974103,0
352888,0.054377,0.945623,0
353083,0.004361,0.995639,0
353086,0.003599,0.996401,0
353135,0.042,0.958,0
353168,0.030208,0.969792,0
353180,0.06634,0.93366,0
353295,0.039089,0.960911,0
353343,0.098156,0.901844,0
353381,0.023972,0.976028,0
353422,0.120026,0.879974,1
353463,0.05176,0.94824,0
353466,0.077549,0.922451,1
353473,0.055618,0.944382,1
353487,0.029987,0.970013,0
353541,0.033239,0.966761,0
353663,0.06661,0.93339,0
353674,0.177684,0.822316,0
353714,0.304317,0.695683,1
353722,0.078642,0.921358,0
353780,0.072798,0.927202,0
353800,0.203778,0.796222,0
353838,0.292955,0.707045,1
353900,0.007511,0.992489,0
353903,0.10387,0.89613,0
353933,0.061788,0.938212,0
353956,0.007617,0.992383,0
354048,0.029269,0.970731,0
354088,0.026901,0.973099,0
354132,0.038202,0.961798,0
354201,0.144095,0.855905,0
354330,0.131346,0.868654,0
354395,0.02377,0.97623,0
354404,0.016522,0.983478,0
354415,0.167915,0.832085,0
354418,0.059562,0.940438,0
354527,0.033204,0.966796,0
354569,0.004226,0.995774,0
354590,0.243642,0.756358,1
354653,0.090735,0.909265,1
354683,0.071634,0.928366,0
354688,0.011707,0.988293,0
354748,0.013911,0.986089,0
354819,0.087651,0.912349,0
354852,0.029115,0.970885,0
355040,0.091635,0.908365,0
355191,0.019283,0.980717,0
355265,0.228769,0.771231,0
355392,0.060234,0.939766,0
355421,0.208394,0.791606,0
355500,0.049671,0.950329,0
355559,0.055277,0.944723,0
355567,0.07383,0.92617,0
355598,0.009807,0.990193,0
355615,0.22572,0.77428,0
355637,0.117865,0.882135,0
355662,0.009881,0.990119,0
355684,0.035956,0.964044,0
355690,0.056075,0.943925,0
355722,0.448641,0.551359,0
355802,0.054377,0.945623,0
355815,0.027972,0.972028,0
355822,0.045635,0.954365,0
355829,0.041696,0.958304,0
355907,0.164606,0.835394,0
355926,0.259993,0.740007,1
356022,0.081276,0.918724,0
356130,0.188059,0.811941,0
356145,0.00747,0.99253,0
356149,0.024382,0.975618,0
356181,0.031939,0.968061,0
356204,0.133842,0.866158,0
356212,0.00597,0.99403,0
356263,0.051654,0.948346,0
356275,0.0191,0.9809,0
356284,0.026255,0.973745,0
356310,0.026986,0.973014,1
356458,0.024279,0.975721,0
356472,0.008116,0.991884,0
356564,0.057118,0.942882,0
356623,0.003109,0.996891,0
356645,0.069851,0.930149,0
356661,0.081764,0.918236,0
356840,0.0788,0.9212,0
356860,0.304317,0.695683,1
356866,0.011923,0.988077,0
356919,0.006074,0.993926,0
356945,0.033135,0.966865,1
356969,0.049263,0.950737,0
357055,0.194266,0.805734,1
357121,0.013271,0.986729,0
357129,0.245246,0.754754,0
357160,0.009956,0.990044,0
357189,0.026034,0.973966,0
357211,0.023745,0.976255,0
357233,0.002998,0.997002,0
357260,0.044147,0.955853,0
357267,0.037024,0.962976,0
357300,0.063122,0.936878,0
357323,0.013285,0.986715,0
357375,0.029393,0.970607,0
357404,0.020272,0.979728,0
357436,0.171277,0.828723,0
357448,0.257081,0.742919,1
357528,0.013573,0.986427,0
357643,0.018362,0.981638,0
357693,0.054713,0.945287,0
357721,0.04906,0.95094,0
357738,0.347168,0.652832,0
357778,0.009214,0.990786,0
357784,0.070346,0.929654,0
357792,0.08576,0.91424,0
357894,0.148294,0.851706,0
357966,0.194096,0.805904,0
358100,0.020906,0.979094,0
358131,0.219709,0.780291,0
358181,0.030721,0.969279,0
358280,0.115074,0.884926,0
358324,0.033135,0.966865,0
358335,0.017879,0.982121,0
358360,0.005007,0.994993,1
358366,0.177051,0.822949,0
358407,0.039829,0.960171,0
358485,0.087824,0.912176,0
358492,0.097105,0.902895,0
358581,0.03641,0.96359,0
358707,0.033239,0.966761,0
358711,0.034881,0.965119,0
358765,0.108503,0.891497,0
358795,0.160324,0.839676,0
358811,0.133465,0.866535,0
358822,0.01366,0.98634,0
358830,0.027649,0.972351,0
358903,0.026117,0.973883,0
358927,0.011758,0.988242,0
358993,0.007741,0.992259,1
359005,0.062293,0.937707,0
359045,0.054377,0.945623,0
359061,0.014785,0.985215,0
359065,0.055333,0.944667,0
359150,0.06964,0.93036,0
359328,0.011961,0.988039,0
359332,0.106422,0.893578,0
359514,0.012458,0.987542,0
359521,0.062674,0.937326,0
359585,0.091454,0.908546,0
359604,0.020315,0.979685,0
359646,0.044376,0.955624,0
359647,0.08374,0.91626,0
359746,0.091544,0.908456,0
359843,0.013704,0.986296,0
359854,0.019018,0.980982,0
359899,0.170355,0.829645,0
359960,0.06048,0.93952,0
359978,0.045025,0.954975,0
359995,0.067151,0.932849,0
360038,0.037413,0.962587,0
360180,0.035693,0.964307,0
360270,0.038967,0.961033,0
360297,0.028689,0.971311,0
360309,0.020337,0.979663,0
360363,0.004281,0.995719,0
360401,0.016789,0.983211,0
360431,0.031308,0.968692,0
360450,0.065805,0.934195,0
360464,0.056018,0.943982,0
360476,0.037452,0.962548,0
360522,0.051867,0.948133,0
360589,0.126114,0.873886,0
360771,0.057294,0.942706,0
360806,0.011897,0.988103,0
360818,0.121755,0.878245,0
360895,0.013956,0.986044,0
360897,0.050393,0.949607,0
361009,0.015398,0.984602,0
361087,0.006247,0.993753,0
361116,0.026366,0.973634,0
361253,0.006596,0.993404,0
361294,0.052673,0.947327,0
361307,0.084409,0.915591,0
361317,0.038886,0.961114,0
361319,0.01568,0.98432,0
361462,0.148843,0.851157,0
361556,0.019635,0.980365,0
361598,0.043285,0.956715,0
361760,0.006054,0.993946,0
361845,0.103366,0.896634,0
361847,0.073018,0.926982,0
361876,0.064943,0.935057,0
361900,0.059928,0.940072,0
361936,0.019573,0.980427,0
361944,0.136506,0.863494,1
361970,0.051974,0.948026,1
361979,0.020973,0.979027,0
361980,0.011013,0.988987,0
361999,0.126833,0.873167,0
362022,0.006715,0.993285,0
362050,0.119797,0.880203,0
362083,0.007462,0.992538,0
362122,0.070702,0.929298,0
362171,0.053656,0.946344,0
362266,0.075858,0.924142,0
362323,0.328721,0.671279,1
362345,0.009671,0.990329,0
362370,0.03622,0.96378,0
362438,0.001831,0.998169,0
362582,0.098252,0.901748,0
362585,0.194776,0.805224,0
362602,0.013587,0.986413,0
362624,0.081114,0.918886,0
362765,0.085336,0.914664,0
362840,0.115184,0.884816,0
362853,0.133591,0.866409,0
362878,0.139605,0.860395,0
362888,0.022759,0.977241,0
362911,0.108608,0.891392,0
362985,0.185095,0.814905,0
363042,0.050082,0.949918,0
363109,0.020036,0.979964,0
363177,0.042793,0.957207,0
363237,0.005441,0.994559,0
363250,0.054938,0.945062,0
363272,0.267153,0.732847,1
363619,0.018109,0.981891,0
363640,0.016861,0.983139,0
363669,0.015057,0.984943,0
363682,0.05619,0.94381,0
363765,0.084913,0.915087,0
363773,0.004618,0.995382,0
363775,0.251321,0.748679,0
363786,0.027301,0.972699,0
363826,0.003601,0.996399,0
363894,0.042131,0.957869,0
363900,0.084577,0.915423,0
363917,0.004444,0.995556,0
363920,0.004698,0.995302,0
363934,0.066677,0.933323,0
363978,0.071418,0.928582,0
364025,0.168979,0.831021,0
364080,0.026117,0.973883,0
364127,0.047123,0.952877,0
364138,0.007303,0.992697,0
364157,0.149256,0.850744,0
364159,0.027129,0.972871,0
364179,0.125517,0.874483,0
364195,0.027388,0.972612,0
364216,0.027043,0.972957,0
364218,0.047662,0.952338,0
364241,0.003789,0.996211,0
364297,0.042704,0.957296,0
364322,0.028629,0.971371,0
364388,0.007018,0.992982,0
364444,0.115517,0.884483,0
364515,0.214545,0.785455,0
364530,0.053053,0.946947,0
364560,0.006557,0.993443,0
364672,0.156563,0.843437,1
364680,0.019824,0.980176,0
364688,0.022639,0.977361,0
364696,0.016295,0.983705,0
364717,0.028508,0.971492,0
364772,0.100977,0.899023,0
364956,0.028239,0.971761,0
364968,0.051442,0.948558,0
364998,0.007699,0.992301,0
365209,0.125517,0.874483,0
365215,0.15642,0.84358,0
365248,0.022759,0.977241,0
365258,0.082664,0.917336,0
365277,0.197857,0.802143,1
365302,0.008257,0.991743,0
365311,0.067424,0.932576,0
365384,0.056133,0.943867,0
365433,0.009135,0.990865,0
365449,0.00739,0.99261,0
365525,0.008704,0.991296,0
365622,0.018539,0.981461,0
365674,0.027972,0.972028,0
365698,0.155278,0.844722,0
365708,0.125756,0.874244,0
365710,0.031973,0.968027,0
365749,0.36307,0.63693,0
365752,0.08861,0.91139,1
365839,0.050915,0.949085,0
365899,0.118544,0.881456,0
365912,0.021583,0.978417,0
365936,0.019366,0.980634,1
366023,0.02186,0.97814,0
366051,0.127435,0.872565,0
366085,0.036793,0.963207,0
366086,0.109452,0.890548,0
366141,0.034554,0.965446,0
366176,0.045541,0.954459,0
366200,0.046686,0.953314,0
366470,0.017803,0.982197,0
366488,0.0049,0.9951,0
366547,0.009374,0.990626,0
366563,0.034735,0.965265,0
366567,0.047859,0.952141,0
366635,0.012312,0.987688,0
366682,0.015316,0.984684,0
366697,0.113318,0.886682,0
366734,0.052134,0.947866,0
366810,0.074575,0.925425,0
366861,0.112991,0.887009,0
366868,0.019845,0.980155,1
366878,0.050186,0.949814,0
366923,0.033519,0.966481,0
366949,0.025679,0.974321,0
366969,0.007124,0.992876,0
367010,0.112016,0.887984,0
367085,0.079194,0.920806,0
367146,0.036908,0.963092,0
367147,0.004863,0.995137,0
367213,0.186902,0.813098,1
367234,0.1505,0.8495,0
367260,0.149946,0.850054,0
367281,0.009415,0.990585,0
367293,0.01563,0.98437,0
367306,0.003714,0.996286,0
367309,0.13574,0.86426,0
367354,0.183464,0.816536,0
367389,0.029207,0.970793,1
367409,0.013704,0.986296,0
367410,0.036831,0.963169,0
367445,0.058957,0.941043,0
367575,0.053381,0.946619,0
367694,0.041008,0.958992,0
367826,0.028478,0.971522,0
367866,0.051177,0.948823,0
367909,0.027417,0.972583,0
368073,0.037648,0.962352,0
368148,0.008629,0.991371,0
368160,0.014488,0.985512,0
368183,0.072432,0.927568,0
368209,0.008046,0.991954,0
368213,0.007674,0.992326,0
368225,0.231846,0.768154,0
368317,0.045825,0.954175,0
368396,0.12037,0.87963,0
368412,0.026478,0.973522,0
368476,0.003695,0.996305,1
368533,0.075554,0.924446,0
368720,0.067697,0.932303,1
368880,0.031572,0.968428,0
368900,0.026844,0.973156,0
368939,0.009849,0.990151,0
368943,0.045825,0.954175,0
368980,0.009384,0.990616,0
368995,0.050186,0.949814,1
369007,0.070205,0.929795,1
369037,0.041093,0.958907,0
369162,0.011216,0.988784,0
369227,0.005325,0.994675,0
369257,0.013689,0.986311,0
369299,0.06915,0.93085,0
369459,0.012715,0.987285,0
369483,0.193418,0.806582,0
369507,0.216747,0.783253,0
369561,0.050031,0.949969,1
369580,0.025979,0.974021,0
369600,0.02433,0.97567,0
369642,0.095687,0.904313,0
369705,0.016156,0.983844,0
369711,0.013046,0.986954,0
369773,0.032858,0.967142,0
369800,0.006935,0.993065,0
370004,0.004764,0.995236,0
370036,0.008373,0.991627,0
370059,0.015832,0.984168,0
370201,0.04033,0.95967,0
370253,0.0084,0.9916,0
370303,0.082009,0.917991,0
370368,0.016435,0.983565,0
370385,0.028901,0.971099,0
370395,0.077782,0.922218,0
370444,0.031308,0.968692,0
370469,0.02372,0.97628,0
370486,0.03248,0.96752,0
370507,0.016646,0.983354,0
370515,0.010139,0.989861,0
370537,0.130852,0.869148,0
370541,0.135486,0.864514,0
370557,0.052565,0.947435,0
370662,0.022234,0.977766,0
370677,0.017521,0.982479,0
370717,0.014349,0.985651,0
370723,0.030624,0.969376,0
370764,0.037648,0.962352,0
370823,0.094103,0.905897,0
370836,0.020337,0.979663,0
370864,0.017521,0.982479,0
370890,0.092907,0.907093,0
370892,0.005868,0.994132,0
370966,0.098927,0.901073,0
371058,0.128404,0.871596,1
371070,0.004109,0.995891,0
371130,0.220082,0.779918,1
371135,0.04776,0.95224,0
371186,0.023871,0.976129,0
371220,0.301568,0.698432,1
371256,0.014566,0.985434,0
371281,0.019039,0.980961,0
371325,0.118091,0.881909,0
371339,0.029207,0.970793,0
371343,0.175632,0.824368,0
371348,0.013896,0.986104,0
371352,0.032515,0.967485,0
371388,0.05619,0.94381,0
371481,0.060111,0.939889,0
371528,0.025897,0.974103,0
371596,0.010884,0.989116,0
371604,0.020554,0.979446,0
371628,0.067356,0.932644,1
371629,0.029548,0.970452,0
371630,0.106422,0.893578,0
371717,0.010315,0.989685,0
371743,0.012893,0.987107,0
371761,0.187067,0.812933,0
371777,0.022352,0.977648,0
371877,0.072287,0.927713,0
371887,0.011595,0.988405,0
371892,0.025142,0.974858,0
371900,0.256666,0.743334,0
371969,0.060234,0.939766,0
371993,0.01262,0.98738,0
372017,0.095218,0.904782,0
372077,0.015218,0.984782,0
372079,0.010074,0.989926,0
372202,0.005251,0.994749,0
372204,0.082582,0.917418,0
372216,0.070417,0.929583,0
372224,0.270566,0.729434,0
372253,0.020951,0.979049,0
372357,0.049161,0.950839,1
372434,0.004996,0.995004,0
372458,0.014519,0.985481,0
372492,0.029269,0.970731,0
372500,0.009999,0.990001,0
372530,0.136123,0.863877,0
372569,0.008142,0.991858,0
372598,0.146928,0.853072,0
372604,0.068871,0.931129,0
372698,0.014581,0.985419,0
372822,0.056363,0.943637,0
372826,0.034917,0.965083,0
372855,0.028478,0.971522,0
372918,0.131099,0.868901,0
372941,0.086016,0.913984,0
373013,0.141176,0.858824,0
373033,0.235733,0.764267,0
373059,0.345694,0.654306,0
373069,0.364576,0.635424,0
373092,0.183139,0.816861,1
373201,0.008836,0.991164,0
373220,0.022093,0.977907,0
373237,0.045072,0.954928,0
373300,0.004172,0.995828,0
373359,0.024356,0.975644,0
373374,0.039664,0.960336,0
373417,0.110194,0.889806,0
373423,0.037648,0.962352,0
373552,0.060789,0.939211,0
373569,0.078957,0.921043,0
373695,0.073904,0.926096,0
373733,0.036334,0.963666,0
373765,0.083824,0.916176,0
373800,0.08152,0.91848,0
373802,0.029517,0.970483,0
373814,0.143962,0.856038,0
373835,0.047172,0.952828,0
373845,0.006973,0.993027,0
373929,0.047612,0.952388,0
373951,0.0788,0.9212,0
373960,0.020663,0.979337,0
374004,0.044932,0.955068,0
374050,0.010426,0.989574,0
374100,0.030528,0.969472,1
374264,0.037845,0.962155,0
374372,0.007875,0.992125,0
374412,0.020122,0.979878,0
374467,0.040121,0.959879,0
374524,0.015497,0.984503,0
374528,0.041179,0.958821,0
374577,0.169742,0.830258,1
374594,0.022281,0.977719,0
374722,0.009476,0.990524,0
374726,0.003165,0.996835,0
374752,0.034954,0.965046,0
374768,0.038123,0.961877,0
374782,0.004975,0.995025,0
374787,0.097486,0.902514,0
374843,0.010437,0.989563,0
374858,0.035806,0.964194,0
374901,0.049825,0.950175,0
374922,0.024048,0.975952,0
374932,0.167763,0.832237,0
374983,0.134346,0.865654,0
374988,0.038202,0.961798,0
375009,0.089844,0.910156,0
375081,0.102564,0.897436,0
375095,0.002033,0.997967,0
375119,0.037687,0.962313,0
375129,0.052727,0.947273,0
375196,0.018578,0.981422,0
375210,0.073165,0.926835,0
375262,0.055846,0.944154,0
375303,0.183139,0.816861,0
375346,0.018071,0.981929,0
375347,0.022663,0.977337,0
375359,0.074875,0.925125,0
375391,0.052027,0.947973,0
375427,0.038043,0.961957,0
375447,0.024511,0.975489,0
375535,0.028448,0.971552,0
375560,0.024798,0.975202,1
375657,0.060234,0.939766,0
375734,0.072871,0.927129,0
375751,0.044839,0.955161,0
375754,0.184441,0.815559,0
375776,0.059077,0.940923,0
375781,0.026901,0.973099,0
375835,0.093641,0.906359,0
375903,0.113973,0.886027,0
375933,0.017879,0.982121,0
375946,0.245648,0.754352,0
376057,0.006035,0.993965,0
376069,0.011471,0.988529,0
376112,0.106319,0.893681,0
376137,0.052081,0.947919,0
376159,0.026422,0.973578,0
376227,0.0159,0.9841,0
376254,0.058298,0.941702,0
376300,0.003706,0.996294,0
376694,0.014349,0.985651,0
376695,0.015547,0.984453,0
376744,0.041008,0.958992,0
376845,0.062994,0.937006,0
376866,0.126114,0.873886,1
376890,0.155135,0.844865,0
376895,0.129501,0.870499,1
376919,0.007109,0.992891,0
377084,0.0113,0.9887,0
377105,0.119797,0.880203,0
377128,0.168674,0.831326,1
377232,0.060727,0.939273,0
377321,0.05192,0.94808,0
377359,0.176104,0.823896,1
377377,0.056363,0.943637,0
377400,0.025355,0.974645,0
377418,0.003812,0.996188,0
377480,0.024253,0.975747,0
377493,0.032651,0.967349,0
377507,0.032961,0.967039,0
377577,0.015748,0.984252,0
377861,0.035396,0.964604,0
377869,0.085931,0.914069,0
377872,0.06005,0.93995,0
377888,0.082254,0.917746,0
378064,0.159305,0.840695,0
378101,0.017652,0.982348,0
378230,0.064811,0.935189,0
378260,0.243642,0.756358,0
378271,0.182167,0.817833,0
378496,0.006308,0.993692,0
378598,0.029146,0.970854,0
378633,0.01055,0.98945,0
378677,0.038683,0.961317,0
378685,0.030656,0.969344,0
378779,0.019263,0.980737,0
378798,0.036947,0.963053,0
378831,0.021378,0.978622,0
378899,0.115074,0.884926,0
378941,0.002789,0.997211,0
379018,0.004203,0.995797,0
379020,0.082912,0.917088,0
379041,0.01974,0.98026,0
379216,0.045259,0.954741,0
379245,0.21418,0.78582,1
379262,0.004534,0.995466,0
379307,0.089667,0.910333,0
379384,0.020774,0.979226,0
379433,0.039048,0.960952,0
379445,0.059017,0.940983,0
379568,0.009765,0.990235,0
379611,0.008732,0.991268,0
379619,0.253779,0.746221,0
379701,0.021197,0.978803,0
379729,0.034301,0.965699,0
379740,0.113536,0.886464,0
379750,0.032754,0.967246,0
379794,0.092178,0.907822,0
379833,0.05619,0.94381,0
379836,0.032858,0.967142,0
379862,0.018245,0.981755,0
379999,0.045683,0.954317,0
380000,0.037569,0.962431,0
380024,0.086443,0.913557,0
380072,0.103065,0.896935,0
380091,0.207322,0.792678,0
380104,0.008125,0.991875,0
380120,0.060418,0.939582,0
380143,0.042307,0.957693,0
380263,0.177843,0.822157,0
380294,0.171431,0.828569,0
380353,0.006839,0.993161,0
380361,0.024227,0.975773,0
380383,0.035137,0.964863,0
380395,0.023694,0.976306,0
380440,0.006802,0.993198,0
380446,0.013675,0.986325,0
380469,0.044238,0.955762,1
380513,0.219709,0.780291,0
380530,0.077471,0.922529,0
380564,0.273143,0.726857,1
380581,0.075026,0.924974,0
380642,0.01846,0.98154,0
380666,0.041307,0.958693,0
380677,0.305697,0.694303,0
380692,0.041696,0.958304,0
380713,0.061037,0.938963,0
380750,0.026034,0.973966,0
380851,0.020058,0.979942,0
380898,0.189388,0.810612,0
380902,0.005116,0.994884,0
380919,0.054881,0.945119,1
380976,0.141703,0.858297,0
381029,0.094752,0.905248,0
381062,0.027825,0.972175,0
381095,0.034086,0.965914,0
381110,0.026703,0.973297,0
381120,0.025328,0.974672,0
381125,0.165953,0.834047,0
381216,0.007209,0.992791,0
381223,0.050497,0.949503,0
381245,0.177367,0.822633,0
381261,0.031407,0.968593,0
381271,0.018148,0.981852,0
381317,0.038563,0.961437,0
381361,0.035064,0.964936,0
381377,0.005989,0.994011,0
381672,0.053822,0.946178,0
381678,0.039746,0.960254,0
381688,0.086272,0.913728,0
381705,0.192236,0.807764,0
381725,0.001854,0.998146,0
381784,0.08559,0.91441,0
381787,0.067151,0.932849,1
381904,0.075026,0.924974,0
381926,0.235343,0.764657,0
381935,0.126713,0.873287,1
381951,0.03913,0.96087,0
381997,0.104782,0.895218,0
382020,0.013102,0.986898,0
382039,0.024746,0.975254,1
382048,0.073756,0.926244,0
382082,0.02493,0.97507,0
382125,0.098541,0.901459,1
382267,0.007311,0.992689,0
382311,0.030592,0.969408,0
382388,0.055504,0.944496,0
382411,0.1505,0.8495,0
382419,0.015316,0.984684,0
382458,0.034481,0.965519,0
382465,0.028962,0.971038,0
382489,0.004948,0.995052,0
382554,0.04071,0.95929,0
382593,0.00412,0.99588,0
382595,0.125875,0.874125,0
382637,0.016951,0.983049,0
382693,0.033837,0.966163,0
382695,0.123624,0.876376,0
382727,0.027972,0.972028,0
382801,0.012,0.988,0
382838,0.046638,0.953362,0
382844,0.044284,0.955716,0
382891,0.077239,0.922761,0
382905,0.060603,0.939397,0
382932,0.034158,0.965842,0
382995,0.064483,0.935517,0
382996,0.011108,0.988892,0
383028,0.028209,0.971791,1
383030,0.09739,0.90261,0
383083,0.025517,0.974483,0
383098,0.054489,0.945511,0
383156,0.039416,0.960584,0
383164,0.030592,0.969408,0
383257,0.005855,0.994145,0
383287,0.062356,0.937644,0
383484,0.172978,0.827022,0
383575,0.237301,0.762699,0
383600,0.024589,0.975411,0
383654,0.024798,0.975202,0
383727,0.01626,0.98374,0
383773,0.010194,0.989806,0
383778,0.012701,0.987299,0
383798,0.047514,0.952486,0
383811,0.026759,0.973241,0
383829,0.131346,0.868654,0
383949,0.028568,0.971432,0
383951,0.129012,0.870988,1
384063,0.04592,0.95408,0
384082,0.080711,0.919289,0
384090,0.048908,0.951092,0
384097,0.038603,0.961397,0
384120,0.195458,0.804542,1
384166,0.078016,0.921984,0
384179,0.047074,0.952926,0
384233,0.065406,0.934594,0
384306,0.029798,0.970202,0
384322,0.039416,0.960584,0
384455,0.095593,0.904407,0
384513,0.157137,0.842863,0
384526,0.02104,0.97896,0
384576,0.01568,0.98432,0
384580,0.098927,0.901073,0
384674,0.029798,0.970202,0
384917,0.006186,0.993814,0
384929,0.059562,0.940438,0
384946,0.009713,0.990287,0
384976,0.090022,0.909978,0
385080,0.042793,0.957207,0
385088,0.020774,0.979226,0
385090,0.032378,0.967622,0
385096,0.007909,0.992091,0
385234,0.036754,0.963246,0
385274,0.004002,0.995998,0
385298,0.041393,0.958607,0
385324,0.082336,0.917664,0
385347,0.042088,0.957912,0
385375,0.109875,0.890125,0
385383,0.099218,0.900782,0
385454,0.114963,0.885037,0
385496,0.050601,0.949399,0
385502,0.02342,0.97658,0
385541,0.001938,0.998062,0
385655,0.115295,0.884705,0
385669,0.096725,0.903275,0
385708,0.042616,0.957384,0
385740,0.012025,0.987975,0
385755,0.042131,0.957869,0
385767,0.079115,0.920885,0
385798,0.005194,0.994806,0
385996,0.014273,0.985727,0
386042,0.036601,0.963399,0
386218,0.167309,0.832691,1
386227,0.292057,0.707943,1
386239,0.017042,0.982958,0
386314,0.008874,0.991126,0
386323,0.006571,0.993429,0
386387,0.146114,0.853886,0
386443,0.040625,0.959375,0
386482,0.288035,0.711965,0
386502,0.116406,0.883594,0
386580,0.0191,0.9809,0
386592,0.084409,0.915591,0
386661,0.186737,0.813263,0
386673,0.121061,0.878939,0
386685,0.157424,0.842576,0
386717,0.004948,0.995052,0
386783,0.226099,0.773901,0
386842,0.021333,0.978667,0
386873,0.18249,0.81751,1
386894,0.024772,0.975228,0
386902,0.055561,0.944439,0
386944,0.090646,0.909354,0
386997,0.047563,0.952437,0
387011,0.014817,0.985183,0
387036,0.006383,0.993617,0
387047,0.026311,0.973689,0
387063,0.029672,0.970328,1
387074,0.031473,0.968527,0
387097,0.259993,0.740007,1
387098,0.157424,0.842576,0
387101,0.057764,0.942236,0
387112,0.06242,0.93758,0
387191,0.020293,0.979707,0
387221,0.024253,0.975747,0
387241,0.045777,0.954223,0
387299,0.053546,0.946454,0
387319,0.007003,0.992997,0
387340,0.045635,0.954365,0
387385,0.060357,0.939643,0
387470,0.045967,0.954033,0
387555,0.033344,0.966656,0
387667,0.062994,0.937006,0
387698,0.142232,0.857768,0
387704,0.011288,0.988712,0
387706,0.071779,0.928221,0
387717,0.035956,0.964044,0
387721,0.054657,0.945343,0
387732,0.063637,0.936363,0
387738,0.028179,0.971821,0
387743,0.038123,0.961877,0
387764,0.020186,0.979814,0
387801,0.015514,0.984486,0
387810,0.022759,0.977241,0
387911,0.029579,0.970421,0
387913,0.045683,0.954317,0
387914,0.020358,0.979642,0
387946,0.07825,0.92175,0
388027,0.194606,0.805394,0
388050,0.121061,0.878939,0
388058,0.059077,0.940923,0
388128,0.096441,0.903559,0
388161,0.091906,0.908094,0
388200,0.11764,0.88236,0
388288,0.059623,0.940377,0
388348,0.008382,0.991618,0
388369,0.146792,0.853208,0
388410,0.038043,0.961957,0
388430,0.010117,0.989883,0
388441,0.244844,0.755156,0
388478,0.070134,0.929866,0
388517,0.300654,0.699346,0
388539,0.023149,0.976851,0
388601,0.15386,0.84614,0
388671,0.017521,0.982479,0
388699,0.061914,0.938086,0
388719,0.058239,0.941761,0
388880,0.025544,0.974456,0
388895,0.02186,0.97814,0
388907,0.031242,0.968758,0
388933,0.012525,0.987475,0
388970,0.00809,0.99191,0
389000,0.039664,0.960336,0
389031,0.024048,0.975952,1
389033,0.237301,0.762699,1
389040,0.08209,0.91791,0
389046,0.053711,0.946289,0
389182,0.102066,0.897934,0
389335,0.063058,0.936942,0
389341,0.077782,0.922218,0
389395,0.160033,0.839967,0
389489,0.029238,0.970762,0
389536,0.040414,0.959586,0
389555,0.075176,0.924824,0
389634,0.034881,0.965119,0
389728,0.20413,0.79587,0
389733,0.090557,0.909443,0
389765,0.080229,0.919771,0
389880,0.134978,0.865022,0
389908,0.023271,0.976729,1
389925,0.015951,0.984049,0
389943,0.052511,0.947489,0
389986,0.135486,0.864514,0
389990,0.02179,0.97821,0
390066,0.009849,0.990151,0
390096,0.07149,0.92851,1
390239,0.0059,0.9941,0
390251,0.167763,0.832237,0
390258,0.213815,0.786185,0
390295,0.037101,0.962899,0
390403,0.130236,0.869764,0
390431,0.01496,0.98504,0
390498,0.105497,0.894503,0
390518,0.03024,0.96976,0
390548,0.150084,0.849916,0
390572,0.159741,0.840259,0
390595,0.035619,0.964381,0
390608,0.086358,0.913642,0
390630,0.029579,0.970421,0
390672,0.031144,0.968856,0
390756,0.025009,0.974991,0
390765,0.067492,0.932508,0
390795,0.061599,0.938401,0
390805,0.017577,0.982423,0
390892,0.0159,0.9841,0
390903,0.06204,0.93796,0
390939,0.011595,0.988405,0
390950,0.012715,0.987285,0
391026,0.030464,0.969536,0
391029,0.019325,0.980675,0
391045,0.112124,0.887876,0
391066,0.042927,0.957073,0
391088,0.036947,0.963053,1
391104,0.019181,0.980819,0
391155,0.050237,0.949763,0
391199,0.017596,0.982404,0
391318,0.013986,0.986014,1
391342,0.202724,0.797276,0
391343,0.020079,0.979921,0
391401,0.011974,0.988026,0
391537,0.018817,0.981183,0
391619,0.028568,0.971432,0
391634,0.006861,0.993139,0
391671,0.06915,0.93085,0
391674,0.044932,0.955068,0
391702,0.059623,0.940377,0
391744,0.0262,0.9738,1
391778,0.038926,0.961074,0
391836,0.155848,0.844152,0
391840,0.33112,0.66888,1
391954,0.067219,0.932781,0
392028,0.016933,0.983067,0
392044,0.038683,0.961317,0
392091,0.086529,0.913471,0
392120,0.143427,0.856573,0
392129,0.235343,0.764657,0
392164,0.272282,0.727718,0
392205,0.024851,0.975149,0
392211,0.124449,0.875551,0
392299,0.070417,0.929583,0
392338,0.010687,0.989313,0
392392,0.028418,0.971582,0
392442,0.024667,0.975333,0
392457,0.169589,0.830411,0
392617,0.006928,0.993072,0
392620,0.011948,0.988052,0
392627,0.0611,0.9389,0
392823,0.008817,0.991183,0
392924,0.064026,0.935974,0
392975,0.017078,0.982922,0
392978,0.04351,0.95649,0
392987,0.007178,0.992822,0
393023,0.092907,0.907093,0
393062,0.017224,0.982776,0
393098,0.009455,0.990545,0
393160,0.00424,0.99576,0
393188,0.071275,0.928725,1
393190,0.083408,0.916592,0
393228,0.220828,0.779172,0
393292,0.028871,0.971129,0
393368,0.129501,0.870499,0
393426,0.12257,0.87743,0
393447,0.248068,0.751932,0
393473,0.026172,0.973828,0
393502,0.002286,0.997714,0
393517,0.006153,0.993847,0
393531,0.006206,0.993794,0
393542,0.114743,0.885257,0
393552,0.022567,0.977433,0
393569,0.099509,0.900491,0
393581,0.021265,0.978735,1
393619,0.064352,0.935648,0
393620,0.041179,0.958821,0
393636,0.006628,0.993372,0
393722,0.040625,0.959375,0
393734,0.09663,0.90337,0
393829,0.022305,0.977695,0
393924,0.031209,0.968791,0
394055,0.045872,0.954128,1
394107,0.010653,0.989347,0
394116,0.025979,0.974021,0
394149,0.040456,0.959544,0
394150,0.122104,0.877896,0
394185,0.040163,0.959837,0
394207,0.145304,0.854696,0
394260,0.037024,0.962976,0
394430,0.096441,0.903559,0
394489,0.024877,0.975123,0
394497,0.005767,0.994233,0
394520,0.139344,0.860656,0
394543,0.298832,0.701168,0
394573,0.041436,0.958564,0
394686,0.154142,0.845858,1
394704,0.04688,0.95312,0
394744,0.018129,0.981871,0
394763,0.020554,0.979446,1
394764,0.022329,0.977671,0
394795,0.100388,0.899612,0
394931,0.015951,0.984049,0
395035,0.036182,0.963818,0
395145,0.048908,0.951092,0
395404,0.032892,0.967108,0
395406,0.005799,0.994201,0
395417,0.097105,0.902895,0
395464,0.052511,0.947489,0
395483,0.038926,0.961074,0
395510,0.044607,0.955393,0
395557,0.042175,0.957825,0
395600,0.032175,0.967825,0
395614,0.012769,0.987231,0
395628,0.039581,0.960419,0
395633,0.006274,0.993726,0
395669,0.058897,0.941103,0
395679,0.069851,0.930149,0
395695,0.01809,0.98191,0
395730,0.048656,0.951344,0
395760,0.02038,0.97962,0
395780,0.031407,0.968593,1
395818,0.115738,0.884262,0
395872,0.057529,0.942471,0
395889,0.263347,0.736653,0
396032,0.012312,0.987688,0
396083,0.011096,0.988904,1
396101,0.088522,0.911478,0
396116,0.019428,0.980572,0
396127,0.064483,0.935517,0
396131,0.091997,0.908003,1
396146,0.159305,0.840695,0
396148,0.005681,0.994319,0
396156,0.03366,0.96634,0
396189,0.130729,0.869271,1
396194,0.045212,0.954788,0
396251,0.299287,0.700713,0
396279,0.38081,0.61919,1
396338,0.032276,0.967724,0
396387,0.018958,0.981042,0
396415,0.003488,0.996512,0
396439,0.0454,0.9546,0
396452,0.033204,0.966796,0
396541,0.076087,0.923913,0
396552,0.266728,0.733272,1
396579,0.034517,0.965483,0
396603,0.071418,0.928582,0
396632,0.045072,0.954928,0
396756,0.129501,0.870499,0
396783,0.108398,0.891602,0
396812,0.012851,0.987149,0
396819,0.105907,0.894093,0
396881,0.014442,0.985558,0
396907,0.01517,0.98483,0
397057,0.088961,0.911039,0
397078,0.007543,0.992457,0
397105,0.037101,0.962899,0
397123,0.007163,0.992837,0
397232,0.007446,0.992554,0
397244,0.028358,0.971642,0
397269,0.10078,0.89922,0
397307,0.11934,0.88066,0
397448,0.047269,0.952731,0
397514,0.012247,0.987753,0
397536,0.119226,0.880774,1
397561,0.015647,0.984353,0
397616,0.147883,0.852117,1
397618,0.009881,0.990119,0
397620,0.152172,0.847828,0
397700,0.080792,0.919208,0
397702,0.042439,0.957561,0
397719,0.11234,0.88766,0
397798,0.044746,0.955254,0
397821,0.015697,0.984303,0
397895,0.064877,0.935123,0
397914,0.00608,0.99392,0
397965,0.008509,0.991491,0
397982,0.010042,0.989958,0
397998,0.128768,0.871232,0
398011,0.125756,0.874244,1
398084,0.003914,0.996086,0
398267,0.0331,0.9669,0
398278,0.024511,0.975489,0
398284,0.061662,0.938338,0
398342,0.002793,0.997207,0
398381,0.011337,0.988663,0
398419,0.165204,0.834796,0
398427,0.2227,0.7773,0
398492,0.025679,0.974321,0
398494,0.01974,0.98026,0
398509,0.005002,0.994998,0
398517,0.02288,0.97712,0
398639,0.197857,0.802143,1
398720,0.093365,0.906635,0
398806,0.036908,0.963092,0
398900,0.044101,0.955899,0
398903,0.014442,0.985558,1
398948,0.21418,0.78582,0
398975,0.090915,0.909085,0
399038,0.01477,0.98523,0
399042,0.141967,0.858033,0
399048,0.014659,0.985341,0
399082,0.211996,0.788004,0
399095,0.034554,0.965446,0
399334,0.009537,0.990463,0
399354,0.059805,0.940195,0
399433,0.024253,0.975747,0
399464,0.0201,0.9799,0
399508,0.050549,0.949451,0
399544,0.029735,0.970265,0
399596,0.025221,0.974779,0
399750,0.08152,0.91848,0
399822,0.035396,0.964604,0
399951,0.028179,0.971821,0
399967,0.00816,0.99184,0
400039,0.015251,0.984749,0
400043,0.001551,0.998449,0
400058,0.089137,0.910863,0
400102,0.042439,0.957561,0
400170,0.120715,0.879285,0
400231,0.086701,0.913299,0
400261,0.011935,0.988065,0
400327,0.019345,0.980655,0
400353,0.003545,0.996455,1
400380,0.094103,0.905897,0
400393,0.046831,0.953169,0
400596,0.008555,0.991445,0
400604,0.131718,0.868282,0
400722,0.060913,0.939087,0
400754,0.046638,0.953362,0
400919,0.089578,0.910422,0
401031,0.031605,0.968395,0
401079,0.036296,0.963704,0
401164,0.082336,0.917664,0
401236,0.026089,0.973911,0
401267,0.072141,0.927859,0
401278,0.050653,0.949347,0
401328,0.018938,0.981062,0
401578,0.010304,0.989696,1
401599,0.017115,0.982885,0
401610,0.098252,0.901748,0
401629,0.054154,0.945846,0
401692,0.032006,0.967994,0
401726,0.066475,0.933525,0
401747,0.015968,0.984032,0
401766,0.019386,0.980614,0
401886,0.012077,0.987923,0
401892,0.032754,0.967246,0
402018,0.066745,0.933255,0
402072,0.001455,0.998545,0
402085,0.207679,0.792321,0
402086,0.007132,0.992868,0
402142,0.035322,0.964678,0
402166,0.345203,0.654797,1
402211,0.006133,0.993867,0
402239,0.011168,0.988832,0
402253,0.024615,0.975385,0
402315,0.087131,0.912869,0
402453,0.010791,0.989209,0
402496,0.003919,0.996081,0
402679,0.013515,0.986485,0
402695,0.042395,0.957605,0
402859,0.029486,0.970514,0
402891,0.154284,0.845716,1
403003,0.056537,0.943463,0
403085,0.126593,0.873407,0
403131,0.138307,0.861693,0
403145,0.014613,0.985387,0
403147,0.043782,0.956218,0
403169,0.024023,0.975977,0
403184,0.061977,0.938023,0
403185,0.007063,0.992937,0
403209,0.020729,0.979271,0
403295,0.244443,0.755557,0
403399,0.017409,0.982591,0
403430,0.131718,0.868282,0
403494,0.04906,0.95094,0
403507,0.063122,0.936878,0
403515,0.019698,0.980302,0
403621,0.053711,0.946289,0
403623,0.075101,0.924899,1
403633,0.262086,0.737914,0
403638,0.001332,0.998668,0
403767,0.028358,0.971642,0
403859,0.047563,0.952437,0
403905,0.02961,0.97039,0
403925,0.253368,0.746632,1
404020,0.162675,0.837325,0
404093,0.080631,0.919369,0
404169,0.045072,0.954928,0
404200,0.028478,0.971522,0
404222,0.031805,0.968195,0
404245,0.028209,0.971791,0
404246,0.010653,0.989347,0
404263,0.078564,0.921436,0
404298,0.003322,0.996678,0
404410,0.010074,0.989926,0
404457,0.056479,0.943521,0
404521,0.067492,0.932508,0
404676,0.012286,0.987714,0
404682,0.042527,0.957473,0
404719,0.026873,0.973127,0
404826,0.343244,0.656756,0
405003,0.073978,0.926022,0
405123,0.020467,0.979533,0
405186,0.029393,0.970607,0
405307,0.033135,0.966865,1
405377,0.150361,0.849639,0
405416,0.100094,0.899906,0
405479,0.01568,0.98432,0
405545,0.004344,0.995656,0
405681,0.011168,0.988832,0
405798,0.174223,0.825777,0
405810,0.014334,0.985666,0
405862,0.134978,0.865022,0
405941,0.097486,0.902514,0
405942,0.107146,0.892854,0
406091,0.155562,0.844438,0
406144,0.10029,0.89971,0
406146,0.09401,0.90599,0
406161,0.027043,0.972957,0
406166,0.008789,0.991211,0
406202,0.009405,0.990595,0
406213,0.027562,0.972438,0
406230,0.121292,0.878708,0
406275,0.009344,0.990656,0
406314,0.059683,0.940317,0
406370,0.050915,0.949085,1
406406,0.005296,0.994704,0
406432,0.00321,0.99679,1
406458,0.034301,0.965699,0
406500,0.134094,0.865906,0
406511,0.078172,0.921828,0
406551,0.092724,0.907276,0
406619,0.055107,0.944893,0
406726,0.294756,0.705244,0
406758,0.267578,0.732422,0
406794,0.05706,0.94294,0
406810,0.013852,0.986148,0
406876,0.02372,0.97628,0
406914,0.04433,0.95567,0
406944,0.097773,0.902227,0
407011,0.113318,0.886682,0
407017,0.008732,0.991268,0
407083,0.035433,0.964567,0
407207,0.004874,0.995126,0
407238,0.05421,0.94579,0
407241,0.01209,0.98791,0
407250,0.037452,0.962548,0
407265,0.026618,0.973382,0
407320,0.110088,0.889912,0
407347,0.144229,0.855771,0
407379,0.18575,0.81425,0
407450,0.0972,0.9028,0
407493,0.032754,0.967246,0
407667,0.004772,0.995228,1
407738,0.005383,0.994617,0
407843,0.331601,0.668399,0
407851,0.053546,0.946454,0
407859,0.065671,0.934329,0
407914,0.00406,0.99594,0
407930,0.037024,0.962976,0
408024,0.103971,0.896029,0
408047,0.139214,0.860786,0
408082,0.004432,0.995568,0
408114,0.149669,0.850331,0
408117,0.107771,0.892229,0
408125,0.07383,0.92617,0
408212,0.23146,0.76854,0
408216,0.073165,0.926835,1
408255,0.084158,0.915842,0
408290,0.016861,0.983139,0
408424,0.131223,0.868777,0
408491,0.02288,0.97712,0
408527,0.027972,0.972028,0
408535,0.097964,0.902036,0
408552,0.005868,0.994132,0
408573,0.342755,0.657245,0
408656,0.032141,0.967859,0
408684,0.094845,0.905155,0
408730,0.016312,0.983688,0
408771,0.010293,0.989707,0
408785,0.037452,0.962548,0
408854,0.01222,0.98778,0
408969,0.050082,0.949918,0
408995,0.233396,0.766604,1
409019,0.129501,0.870499,1
409032,0.070702,0.929298,0
409062,0.005007,0.994993,0
409114,0.159159,0.840841,1
409134,0.070631,0.929369,0
409149,0.020774,0.979226,0
409181,0.042175,0.957825,0
409244,0.100584,0.899416,0
409255,0.005394,0.994606,0
409258,0.031177,0.968823,0
409274,0.031906,0.968094,1
409304,0.161497,0.838503,0
409385,0.010194,0.989806,0
409398,0.067356,0.932644,0
409427,0.138825,0.861175,0
409466,0.003361,0.996639,0
409470,0.079115,0.920885,0
409473,0.09682,0.90318,1
409505,0.02493,0.97507,0
409544,0.043465,0.956535,1
409549,0.134346,0.865654,0
409589,0.373673,0.626327,0
409713,0.067834,0.932166,1
409772,0.005976,0.994024,0
409788,0.012485,0.987515,0
409894,0.308005,0.691995,0
409897,0.067083,0.932917,0
409915,0.076776,0.923224,0
410041,0.060913,0.939087,0
410079,0.103567,0.896433,0
410214,0.015202,0.984798,0
410264,0.261247,0.738753,0
410344,0.077084,0.922916,0
410366,0.115074,0.884926,0
410421,0.013646,0.986354,0
410543,0.186079,0.813921,1
410558,0.012,0.988,0
410592,0.00898,0.99102,0
410646,0.036258,0.963742,0
410717,0.018697,0.981303,0
410718,0.050289,0.949711,0
410740,0.063573,0.936427,0
410773,0.045683,0.954317,0
410846,0.017917,0.982083,0
410885,0.125279,0.874721,1
410941,0.165503,0.834497,0
410983,0.030592,0.969408,0
411015,0.009445,0.990555,0
411079,0.031872,0.968128,0
411085,0.064157,0.935843,0
411146,0.005614,0.994386,0
411174,0.286258,0.713742,1
411177,0.133089,0.866911,0
411208,0.01626,0.98374,0
411254,0.086443,0.913557,0
411296,0.065671,0.934329,0
411326,0.043827,0.956173,0
411351,0.042483,0.957517,0
411399,0.084577,0.915423,0
411413,0.034373,0.965627,0
411469,0.034808,0.965192,0
411483,0.110834,0.889166,0
411490,0.123977,0.876023,1
411514,0.003635,0.996365,0
411540,0.015985,0.984015,0
411543,0.05081,0.94919,0
411616,0.224962,0.775038,0
411630,0.048206,0.951794,0
411658,0.019283,0.980717,1
411667,0.058717,0.941283,0
411703,0.021492,0.978508,0
411789,0.033484,0.966516,0
411875,0.005755,0.994245,0
411879,0.040204,0.959796,0
411936,0.09739,0.90261,0
411944,0.05806,0.94194,0
412043,0.221575,0.778425,0
412050,0.052727,0.947273,0
412120,0.057294,0.942706,0
412147,0.019761,0.980239,0
412182,0.024772,0.975228,0
412183,0.053217,0.946783,0
412227,0.018264,0.981736,0
412292,0.074351,0.925649,0
412410,0.224584,0.775416,0
412437,0.0331,0.9669,0
412491,0.014121,0.985879,0
412510,0.112557,0.887443,0
412524,0.182814,0.817186,0
412575,0.076853,0.923147,0
412585,0.02131,0.97869,0
412680,0.032927,0.967073,0
412716,0.036677,0.963323,0
412747,0.187397,0.812603,0
412774,0.032276,0.967724,0
412910,0.065207,0.934793,0
413071,0.037218,0.962782,0
413072,0.022639,0.977361,0
413100,0.057001,0.942999,0
413109,0.022735,0.977265,0
413194,0.107354,0.892646,0
413268,0.041264,0.958736,0
413286,0.053491,0.946509,1
413327,0.010653,0.989347,0
413442,0.059017,0.940983,0
413556,0.318273,0.681727,1
413557,0.032276,0.967724,0
413620,0.019761,0.980239,0
413680,0.035619,0.964381,0
413699,0.031013,0.968987,0
413719,0.0085,0.9915,1
413722,0.132589,0.867411,0
413763,0.139214,0.860786,1
413775,0.10519,0.89481,0
413780,0.109452,0.890548,0
413909,0.155991,0.844009,0
413945,0.018757,0.981243,0
413987,0.076776,0.923224,0
413999,0.035619,0.964381,0
414015,0.052457,0.947543,0
414028,0.019635,0.980365,0
414057,0.02288,0.97712,1
414121,0.042395,0.957605,0
414136,0.101273,0.898727,0
414189,0.07465,0.92535,0
414227,0.064287,0.935713,0
414245,0.014001,0.985999,1
414284,0.026703,0.973297,0
414313,0.06957,0.93043,0
414340,0.16401,0.83599,0
414396,0.093733,0.906267,0
414482,0.006536,0.993464,0
414552,0.15945,0.84055,0
414582,0.021355,0.978645,0
414599,0.05706,0.94294,0
414601,0.011496,0.988504,0
414655,0.033695,0.966305,0
414680,0.13689,0.86311,1
414746,0.140127,0.859873,1
414759,0.037374,0.962626,0
414796,0.027186,0.972814,1
414809,0.01177,0.98823,0
414866,0.02645,0.97355,0
414886,0.01071,0.98929,0
414887,0.013602,0.986398,0
414893,0.009496,0.990504,0
414950,0.027854,0.972146,0
415164,0.003995,0.996005,0
415175,0.023544,0.976456,0
415199,0.050601,0.949399,0
415237,0.05505,0.94495,0
415262,0.310787,0.689213,0
415398,0.05944,0.94056,0
415457,0.197513,0.802487,0
415623,0.067356,0.932644,0
415674,0.226479,0.773521,0
415697,0.086529,0.913471,0
415758,0.00862,0.99138,0
415771,0.0262,0.9738,0
415840,0.128525,0.871475,0
415914,0.003498,0.996502,0
415956,0.110621,0.889379,0
415959,0.02733,0.97267,0
416012,0.008639,0.991361,0
416032,0.068524,0.931476,0
416047,0.027043,0.972957,0
416050,0.015398,0.984602,0
416126,0.041913,0.958087,0
416131,0.016575,0.983425,0
416149,0.026929,0.973071,0
416327,0.092724,0.907276,0
416345,0.060727,0.939273,0
416382,0.190389,0.809611,0
416532,0.026117,0.973883,0
416556,0.016505,0.983495,0
416580,0.014076,0.985924,0
416625,0.264612,0.735388,0
416732,0.040246,0.959754,0
416772,0.060295,0.939705,0
416781,0.258742,0.741258,0
416794,0.018757,0.981243,0
416827,0.125517,0.874483,0
416949,0.251729,0.748271,0
416954,0.123155,0.876845,0
416998,0.008807,0.991193,0
417000,0.057118,0.942882,0
417084,0.03687,0.96313,0
417098,0.014334,0.985666,0
417174,0.060913,0.939087,0
417177,0.005083,0.994917,0
417210,0.01063,0.98937,0
417219,0.027388,0.972612,0
417288,0.020576,0.979424,0
417315,0.07825,0.92175,0
417377,0.005133,0.994867,0
417410,0.096535,0.903465,1
417484,0.218966,0.781034,0
417507,0.015121,0.984879,0
417515,0.02288,0.97712,0
417519,0.053932,0.946068,0
417521,0.033065,0.966935,0
417597,0.020293,0.979707,0
417646,0.073165,0.926835,0
417718,0.04659,0.95341,0
417751,0.128282,0.871718,0
417771,0.018032,0.981968,0
417813,0.035101,0.964899,1
417899,0.014865,0.985135,0
417902,0.005465,0.994535,0
418016,0.017409,0.982591,0
418019,0.028629,0.971371,0
418121,0.008221,0.991779,0
418150,0.087911,0.912089,0
418163,0.037964,0.962036,0
418183,0.015985,0.984015,0
418197,0.096914,0.903086,0
418235,0.037024,0.962976,0
418274,0.003931,0.996069,0
418373,0.039912,0.960088,0
418411,0.082829,0.917171,0
418420,0.044055,0.955945,0
418454,0.027884,0.972116,0
418468,0.096063,0.903937,0
418481,0.031209,0.968791,0
418574,0.091997,0.908003,0
418579,0.043736,0.956264,0
418589,0.03641,0.96359,0
418617,0.006193,0.993807,0
418638,0.009609,0.990391,0
418765,0.009354,0.990646,1
418834,0.202023,0.797977,1
418897,0.012116,0.987884,0
418899,0.043782,0.956218,0
418900,0.025706,0.974294,0
418909,0.063767,0.936233,0
418916,0.070063,0.929937,0
418934,0.013328,0.986672,0
418960,0.009135,0.990865,0
418978,0.027417,0.972583,0
418999,0.026618,0.973382,0
419078,0.012299,0.987701,0
419100,0.078016,0.921984,0
419106,0.005029,0.994971,0
419108,0.047711,0.952289,0
419185,0.029892,0.970108,0
419238,0.038845,0.961155,0
419260,0.016789,0.983211,0
419296,0.053877,0.946123,0
419298,0.155848,0.844152,0
419326,0.049364,0.950636,0
419373,0.003342,0.996658,0
419390,0.030272,0.969728,0
419396,0.222325,0.777675,1
419397,0.27878,0.72122,0
419398,0.061224,0.938776,0
419474,0.036524,0.963476,0
419490,0.098927,0.901073,0
419502,0.295659,0.704341,0
419634,0.008779,0.991221,0
419664,0.090557,0.909443,0
419683,0.01299,0.98701,1
419763,0.160471,0.839529,0
419918,0.092269,0.907731,0
420032,0.05123,0.94877,0
420034,0.046542,0.953458,0
420050,0.184115,0.815885,1
420179,0.017709,0.982291,0
420268,0.1131,0.8869,0
420329,0.025952,0.974048,0
420374,0.002097,0.997903,0
420399,0.024459,0.975541,0
420402,0.203426,0.796574,0
420477,0.059017,0.940983,0
420479,0.1421,0.8579,0
420500,0.038967,0.961033,0
420502,0.118204,0.881796,0
420562,0.0293,0.9707,0
420566,0.015073,0.984927,0
420599,0.059501,0.940499,0
420667,0.004272,0.995728,0
420673,0.029362,0.970638,0
420682,0.234562,0.765438,1
420818,0.0436,0.9564,0
420897,0.039622,0.960378,0
420928,0.064745,0.935255,0
420948,0.027186,0.972814,0
420955,0.014091,0.985909,0
420972,0.063573,0.936427,0
420987,0.156276,0.843724,0
420997,0.112232,0.887768,0
421012,0.094473,0.905527,0
421034,0.062356,0.937644,0
421092,0.042351,0.957649,0
421137,0.007132,0.992868,0
421204,0.006876,0.993124,0
421232,0.017115,0.982885,0
421251,0.055277,0.944723,0
421340,0.150778,0.849222,0
421366,0.023745,0.976255,0
421515,0.099218,0.900782,0
421540,0.01568,0.98432,0
421595,0.046349,0.953651,0
421607,0.205544,0.794456,0
421609,0.014817,0.985183,0
421628,0.130605,0.869395,0
421678,0.070702,0.929298,0
421716,0.044561,0.955439,0
421755,0.016593,0.983407,0
421761,0.032141,0.967859,0
421786,0.150361,0.849639,0
421792,0.003995,0.996005,0
421870,0.394201,0.605799,1
421904,0.108503,0.891497,0
421946,0.114633,0.885367,0
422023,0.012701,0.987299,0
422062,0.10029,0.89971,0
422082,0.024099,0.975901,0
422085,0.011108,0.988892,0
422100,0.014504,0.985496,0
422111,0.07149,0.92851,0
422261,0.129012,0.870988,1
422273,0.052295,0.947705,0
422291,0.02815,0.97185,0
422310,0.006817,0.993183,0
422312,0.010205,0.989795,0
422442,0.112991,0.887009,0
422496,0.014258,0.985742,0
422500,0.049569,0.950431,0
422617,0.016664,0.983336,0
422665,0.064614,0.935386,0
422676,0.016682,0.983318,0
422678,0.032858,0.967142,0
422691,0.075176,0.924824,0
422720,0.052619,0.947381,0
422757,0.015781,0.984219,0
422907,0.01558,0.98442,0
422916,0.016951,0.983049,0
422932,0.09806,0.90194,0
422945,0.130729,0.869271,0
422947,0.10157,0.89843,0
422965,0.033519,0.966481,0
422998,0.018225,0.981775,0
423036,0.078172,0.921828,0
423058,0.040079,0.959921,0
423071,0.018167,0.981833,0
423093,0.030528,0.969472,0
423162,0.038683,0.961317,0
423165,0.048456,0.951544,0
423236,0.037452,0.962548,0
423238,0.056827,0.943173,0
423247,0.023247,0.976753,0
423249,0.043465,0.956535,0
423327,0.07825,0.92175,0
423351,0.00831,0.99169,0
423376,0.076469,0.923531,0
423447,0.334976,0.665024,0
423478,0.024983,0.975017,0
423516,0.101273,0.898727,0
423527,0.286702,0.713298,1
423627,0.04573,0.95427,0
423650,0.098252,0.901748,0
423662,0.088873,0.911127,0
423676,0.014628,0.985372,0
423678,0.017133,0.982867,0
423764,0.061851,0.938149,0
423786,0.026788,0.973212,0
423792,0.050601,0.949399,1
423815,0.008941,0.991059,0
423880,0.16091,0.83909,0
424028,0.015283,0.984717,1
424037,0.167158,0.832842,1
424054,0.056537,0.943463,0
424110,0.011821,0.988179,0
424186,0.044514,0.955486,0
424228,0.037924,0.962076,0
424247,0.160763,0.839237,0
424279,0.011897,0.988103,0
424309,0.015333,0.984667,0
424319,0.030689,0.969311,0
424346,0.121524,0.878476,1
424403,0.108294,0.891706,1
424450,0.09739,0.90261,0
424566,0.043195,0.956805,0
424611,0.007995,0.992005,0
424634,0.235343,0.764657,0
424658,0.112882,0.887118,0
424727,0.013631,0.986369,0
424746,0.003785,0.996215,0
424748,0.036486,0.963514,0
424869,0.015849,0.984151,0
424911,0.105907,0.894093,0
424948,0.025035,0.974965,1
424963,0.02881,0.97119,0
425085,0.031341,0.968659,0
425098,0.061412,0.938588,0
425123,0.06242,0.93758,0
425250,0.060851,0.939149,0
425270,0.020229,0.979771,0
425287,0.101768,0.898232,0
425290,0.025275,0.974725,0
425361,0.03303,0.96697,0
425422,0.3292,0.6708,1
425443,0.050601,0.949399,0
425495,0.011496,0.988504,0
425538,0.135232,0.864768,0
425575,0.068109,0.931891,0
425620,0.025195,0.974805,0
425661,0.009568,0.990432,0
425714,0.009723,0.990277,0
425780,0.105907,0.894093,0
425800,0.033309,0.966691,0
425882,0.044839,0.955161,0
425919,0.0262,0.9738,0
426006,0.063832,0.936168,0
426076,0.046301,0.953699,0
426083,0.156563,0.843437,0
426150,0.045118,0.954882,0
426152,0.078721,0.921279,0
426157,0.089667,0.910333,0
426227,0.037805,0.962195,0
426229,0.028269,0.971731,0
426338,0.020423,0.979577,0
426341,0.018757,0.981243,0
426347,0.033449,0.966551,0
426355,0.132964,0.867036,0
426483,0.102464,0.897536,0
426592,0.00375,0.99625,0
426609,0.011897,0.988103,0
426662,0.015985,0.984015,0
426693,0.389031,0.610969,0
426714,0.073386,0.926614,0
426778,0.060913,0.939087,0
426801,0.019866,0.980134,0
426942,0.058417,0.941583,1
426984,0.197513,0.802487,0
426990,0.025924,0.974076,0
427085,0.148157,0.851843,0
427099,0.0043,0.9957,0
427207,0.012552,0.987448,0
427216,0.01093,0.98907,0
427222,0.025168,0.974832,0
427244,0.238087,0.761913,0
427322,0.109029,0.890971,0
427352,0.018362,0.981638,0
427461,0.057942,0.942058,0
427553,0.028002,0.971998,0
427617,0.227241,0.772759,0
427740,0.009374,0.990626,0
427743,0.021698,0.978302,0
427799,0.026901,0.973099,0
427970,0.212359,0.787641,0
427999,0.002917,0.997083,0
428038,0.008695,0.991305,0
428118,0.082336,0.917664,0
428289,0.046928,0.953072,0
428320,0.040037,0.959963,0
428387,0.038322,0.961678,0
428530,0.06915,0.93085,0
428630,0.086187,0.913813,0
428631,0.003957,0.996043,0
428640,0.290265,0.709735,0
428652,0.096725,0.903275,0
428749,0.037845,0.962155,0
428880,0.059866,0.940134,0
428883,0.022856,0.977144,0
428909,0.063508,0.936492,1
428947,0.069289,0.930711,0
428976,0.008836,0.991164,0
428980,0.023569,0.976431,0
429039,0.025924,0.974076,0
429090,0.09663,0.90337,0
429143,0.019325,0.980675,0
429158,0.036182,0.963818,0
429176,0.023594,0.976406,0
429209,0.066206,0.933794,0
429312,0.025275,0.974725,0
429369,0.181038,0.818962,0
429397,0.031939,0.968061,0
429515,0.042882,0.957118,0
429543,0.01157,0.98843,0
429556,0.071707,0.928293,0
429578,0.176735,0.823265,0
429588,0.12037,0.87963,0
429607,0.180556,0.819444,0
429642,0.054043,0.945957,0
429694,0.023395,0.976605,0
429733,0.056827,0.943173,1
429805,0.008482,0.991518,0
429821,0.017521,0.982479,0
429826,0.0271,0.9729,0
429842,0.029207,0.970793,0
429928,0.030883,0.969117,0
429946,0.123624,0.876376,0
429976,0.034844,0.965156,0
429977,0.015798,0.984202,0
430023,0.093457,0.906543,0
430029,0.133215,0.866785,0
430041,0.050289,0.949711,0
430100,0.110407,0.889593,0
430122,0.024824,0.975176,0
430123,0.088435,0.911565,0
430144,0.031013,0.968987,0
430181,0.019845,0.980155,0
430471,0.058417,0.941583,0
430472,0.033944,0.966056,0
430498,0.00823,0.99177,0
430516,0.028629,0.971371,0
430523,0.031341,0.968659,0
430525,0.009486,0.990514,1
430558,0.08047,0.91953,0
430602,0.095125,0.904875,0
430643,0.005251,0.994749,0
430693,0.026478,0.973522,0
430723,0.046686,0.953314,0
430729,0.097773,0.902227,0
430869,0.021355,0.978645,0
430880,0.03622,0.96378,0
430943,0.143161,0.856839,0
430956,0.024485,0.975515,0
431012,0.00293,0.99707,0
431034,0.098734,0.901266,0
431061,0.109135,0.890865,0
431066,0.045165,0.954835,0
431094,0.040965,0.959035,0
431191,0.009588,0.990412,0
431266,0.028932,0.971068,0
431312,0.194776,0.805224,0
431316,0.011533,0.988467,0
431342,0.023694,0.976306,0
431414,0.024048,0.975952,0
431429,0.027796,0.972204,0
431436,0.044238,0.955762,0
431573,0.180716,0.819284,0
431640,0.020929,0.979071,0
431654,0.017614,0.982386,0
431681,0.041826,0.958174,0
431706,0.020445,0.979555,1
431720,0.00743,0.99257,0
431723,0.037924,0.962076,0
431734,0.008301,0.991699,0
431738,0.053932,0.946068,0
431739,0.078016,0.921984,0
431769,0.032141,0.967859,0
431772,0.004837,0.995163,0
431796,0.15542,0.84458,0
431802,0.030208,0.969792,0
431819,0.159595,0.840405,0
431877,0.053436,0.946564,0
431970,0.017042,0.982958,0
432008,0.092633,0.907367,1
432038,0.131223,0.868777,0
432049,0.016505,0.983495,0
432220,0.031739,0.968261,0
432250,0.103668,0.896332,0
432268,0.014091,0.985909,0
432275,0.041609,0.958391,0
432322,0.027649,0.972351,0
432334,0.095593,0.904407,1
432403,0.080069,0.919931,0
432423,0.061287,0.938713,0
432502,0.102165,0.897835,0
432592,0.071996,0.928004,0
432643,0.005849,0.994151,0
432676,0.009374,0.990626,0
432679,0.057529,0.942471,0
432727,0.040625,0.959375,0
432729,0.094103,0.905897,0
432730,0.05081,0.94919,0
432817,0.070346,0.929654,0
432843,0.099509,0.900491,0
432865,0.052081,0.947919,0
433122,0.022759,0.977241,0
433150,0.082172,0.917828,0
433160,0.035881,0.964119,0
433175,0.18575,0.81425,0
433226,0.050915,0.949085,0
433285,0.031242,0.968758,0
433311,0.031672,0.968328,0
433349,0.054825,0.945175,0
433377,0.080309,0.919691,0
433393,0.101768,0.898232,0
433450,0.049517,0.950483,0
433466,0.039375,0.960625,0
433560,0.043285,0.956715,1
433567,0.16135,0.83865,0
433616,0.114303,0.885697,0
433649,0.059319,0.940681,0
433700,0.127315,0.872685,1
433704,0.146114,0.853886,0
433747,0.007478,0.992522,0
433757,0.093273,0.906727,0
433805,0.052295,0.947705,0
433897,0.034626,0.965374,0
433951,0.092816,0.907184,1
433967,0.02812,0.97188,0
434041,0.332563,0.667437,0
434197,0.039622,0.960378,0
434299,0.077007,0.922993,0
434356,0.007171,0.992829,0
434361,0.081927,0.918073,0
434490,0.019552,0.980448,0
434635,0.110514,0.889486,0
434885,0.01563,0.98437,0
434906,0.130482,0.869518,0
434923,0.034991,0.965009,0
435010,0.043016,0.956984,0
435219,0.052781,0.947219,0
435294,0.096535,0.903465,0
435406,0.039581,0.960419,0
435439,0.129378,0.870622,0
435442,0.044699,0.955301,0
435454,0.063315,0.936685,0
435484,0.010618,0.989382,0
435546,0.056479,0.943521,0
435673,0.099606,0.900394,0
435778,0.143561,0.856439,0
435841,0.116072,0.883928,0
435897,0.081357,0.918643,0
435935,0.041436,0.958564,0
435950,0.009765,0.990235,0
435964,0.118771,0.881229,0
436030,0.006707,0.993293,0
436044,0.040499,0.959501,0
436073,0.113645,0.886355,0
436144,0.14898,0.85102,0
436179,0.013881,0.986119,0
436189,0.226099,0.773901,0
436190,0.037374,0.962626,0
436206,0.003401,0.996599,0
436222,0.107354,0.892646,0
436259,0.03913,0.96087,0
436301,0.132215,0.867785,0
436321,0.066475,0.933525,0
436371,0.01093,0.98907,0
436384,0.056652,0.943348,0
436503,0.0745,0.9255,0
436514,0.013616,0.986384,0
436589,0.012326,0.987674,0
436604,0.022046,0.977954,0
436605,0.014976,0.985024,0
436638,0.010954,0.989046,0
436650,0.112124,0.887876,1
436652,0.014046,0.985954,0
436675,0.174692,0.825308,0
436725,0.052944,0.947056,0
436751,0.078879,0.921121,0
436754,0.013116,0.986884,0
436870,0.082254,0.917746,0
436877,0.198202,0.801798,0
436895,0.064483,0.935517,0
436941,0.042219,0.957781,0
436942,0.010721,0.989279,0
437027,0.006247,0.993753,0
437030,0.013719,0.986281,0
437038,0.126114,0.873886,1
437168,0.086358,0.913642,0
437216,0.010337,0.989663,0
437331,0.02193,0.97807,0
437410,0.046542,0.953458,0
437412,0.011013,0.988987,0
437422,0.014519,0.985481,0
437434,0.026255,0.973745,0
437460,0.252138,0.747862,0
437472,0.081439,0.918561,0
437495,0.223829,0.776171,0
437535,0.030496,0.969504,0
437634,0.087045,0.912955,0
437729,0.028659,0.971341,0
437778,0.059928,0.940072,0
437873,0.09682,0.90318,0
437940,0.014833,0.985167,0
438028,0.083574,0.916426,0
438092,0.012893,0.987107,0
438102,0.069359,0.930641,0
438139,0.012742,0.987258,0
438188,0.007935,0.992065,0
438204,0.00169,0.99831,0
438206,0.008574,0.991426,0
438208,0.058957,0.941043,0
438213,0.006501,0.993499,0
438219,0.051813,0.948187,1
438237,0.054657,0.945343,0
438278,0.094566,0.905434,0
438370,0.339828,0.660172,0
438381,0.013866,0.986134,0
438422,0.0113,0.9887,0
438449,0.023198,0.976802,0
438511,0.020642,0.979358,0
438530,0.019888,0.980112,0
438605,0.099412,0.900588,0
438611,0.110194,0.889806,0
438675,0.073091,0.926909,0
438724,0.21418,0.78582,1
438785,0.11934,0.88066,0
438811,0.141176,0.858824,0
438852,0.020554,0.979446,0
438878,0.089844,0.910156,0
438936,0.031407,0.968593,0
438951,0.020272,0.979728,0
439000,0.035656,0.964344,0
439022,0.015202,0.984798,0
439174,0.021062,0.978938,0
439231,0.048008,0.951992,0
439273,0.007674,0.992326,0
439286,0.03056,0.96944,0
439293,0.016417,0.983583,0
439311,0.034337,0.965663,0
439363,0.015333,0.984667,0
439439,0.031275,0.968725,0
439466,0.032276,0.967724,0
439495,0.033274,0.966726,0
439496,0.049671,0.950329,0
439519,0.053546,0.946454,0
439584,0.062674,0.937326,0
439592,0.045635,0.954365,0
439659,0.025088,0.974912,0
439686,0.012907,0.987093,0
439725,0.259993,0.740007,0
439795,0.012273,0.987727,0
439933,0.077704,0.922296,1
439957,0.019677,0.980323,0
440083,0.09806,0.90194,0
440094,0.014061,0.985939,0
440108,0.02186,0.97814,1
440224,0.038764,0.961236,0
440271,0.010966,0.989034,0
440287,0.034735,0.965265,0
440335,0.045777,0.954223,0
440493,0.029766,0.970234,0
440531,0.062674,0.937326,0
440534,0.138825,0.861175,0
440545,0.189721,0.810279,0
440578,0.049111,0.950889,0
440676,0.021837,0.978163,1
440724,0.061412,0.938588,0
440817,0.064811,0.935189,0
440853,0.0293,0.9707,0
440854,0.065738,0.934262,0
440859,0.029861,0.970139,0
440888,0.023495,0.976505,0
440919,0.038442,0.961558,0
440992,0.080631,0.919369,0
441068,0.05539,0.94461,0
441117,0.023495,0.976505,0
441153,0.006206,0.993794,0
441203,0.107771,0.892229,0
441213,0.259993,0.740007,0
441251,0.067629,0.932371,0
441308,0.021423,0.978577,0
441389,0.102165,0.897835,0
441403,0.06957,0.93043,0
441422,0.030689,0.969311,0
441485,0.016629,0.983371,0
441506,0.017483,0.982517,1
441556,0.066206,0.933794,0
441631,0.014581,0.985419,0
441661,0.002735,0.997265,0
441668,0.045541,0.954459,0
441699,0.042439,0.957561,0
441728,0.106422,0.893578,0
441797,0.059866,0.940134,0
441830,0.029054,0.970946,0
441832,0.062802,0.937198,0
441886,0.019677,0.980323,0
441904,0.140913,0.859087,0
441959,0.061662,0.938338,0
441989,0.134094,0.865906,0
442098,0.182167,0.817833,0
442132,0.008046,0.991954,0
442147,0.027854,0.972146,0
442174,0.048057,0.951943,0
442240,0.068109,0.931891,0
442324,0.12083,0.87917,0
442327,0.02025,0.97975,0
442379,0.143561,0.856439,0
442423,0.104072,0.895928,0
442426,0.043736,0.956264,0
442466,0.473441,0.526559,0
442475,0.030818,0.969182,0
442592,0.270566,0.729434,0
442629,0.008537,0.991463,0
442763,0.16837,0.83163,0
442795,0.038162,0.961838,0
442817,0.019283,0.980717,0
442901,0.050237,0.949763,0
443002,0.021107,0.978893,0
443104,0.109346,0.890654,0
443115,0.12083,0.87917,1
443148,0.069289,0.930711,0
443225,0.017428,0.982572,0
443238,0.012392,0.987608,1
443299,0.081845,0.918155,0
443349,0.016122,0.983878,0
443366,0.049314,0.950686,0
443400,0.022281,0.977719,0
443421,0.227241,0.772759,0
443515,0.01209,0.98791,0
443521,0.252958,0.747042,1
443522,0.070702,0.929298,0
443542,0.015202,0.984798,0
443554,0.004499,0.995501,0
443624,0.168067,0.831933,1
443644,0.139996,0.860004,0
443650,0.005951,0.994049,0
443663,0.23927,0.76073,0
443706,0.126713,0.873287,0
443713,0.009999,0.990001,0
443714,0.111048,0.888952,0
443807,0.08039,0.91961,0
443815,0.023795,0.976205,0
443882,0.020862,0.979138,0
443907,0.010516,0.989484,0
443942,0.022639,0.977361,1
443943,0.030368,0.969632,0
443952,0.004158,0.995842,0
443990,0.010106,0.989894,0
444049,0.103366,0.896634,0
444086,0.086101,0.913899,0
444088,0.014031,0.985969,0
444098,0.039912,0.960088,0
444108,0.04187,0.95813,0
444121,0.042395,0.957605,0
444147,0.0436,0.9564,0
444149,0.045777,0.954223,0
444151,0.033944,0.966056,0
444247,0.016277,0.983723,0
444422,0.012392,0.987608,0
444480,0.012312,0.987688,0
444527,0.016347,0.983653,0
444564,0.075554,0.924446,0
444594,0.012647,0.987353,0
444604,0.059501,0.940499,0
444620,0.068732,0.931268,0
444651,0.057823,0.942177,0
444659,0.049009,0.950991,0
444679,0.082172,0.917828,0
444712,0.06804,0.93196,0
444749,0.01647,0.98353,0
444760,0.033065,0.966935,0
444785,0.092999,0.907001,0
444818,0.022495,0.977505,1
444819,0.031772,0.968228,0
444838,0.191059,0.808941,0
444848,0.107147,0.892853,0
444860,0.034229,0.965771,0
444862,0.00692,0.99308,1
444874,0.131842,0.868158,0
444909,0.121408,0.878592,0
444991,0.027072,0.972928,0
445019,0.00741,0.99259,0
445035,0.027796,0.972204,0
445097,0.010238,0.989762,0
445120,0.236908,0.763092,1
445137,0.092816,0.907184,0
445142,0.044607,0.955393,0
445154,0.017539,0.982461,0
445251,0.027649,0.972351,0
445335,0.041136,0.958864,0
445425,0.040163,0.959837,0
445426,0.194096,0.805904,0
445466,0.017917,0.982083,0
445474,0.11719,0.88281,0
445494,0.038442,0.961558,0
445569,0.10519,0.89481,0
445572,0.015917,0.984083,0
445701,0.040541,0.959459,0
445795,0.008064,0.991936,0
445816,0.458322,0.541678,0
445825,0.040414,0.959586,0
445848,0.007494,0.992506,0
445922,0.00986,0.99014,0
445926,0.062738,0.937262,0
445931,0.051283,0.948717,0
445934,0.173444,0.826556,0
446020,0.309395,0.690605,1
446024,0.217116,0.782884,0
446042,0.044839,0.955161,0
446066,0.074725,0.925275,0
446069,0.002929,0.997071,0
446209,0.06688,0.93312,0
446418,0.030208,0.969792,0
446429,0.009096,0.990904,0
446435,0.051548,0.948452,0
446450,0.112557,0.887443,0
446494,0.020951,0.979049,0
446576,0.016575,0.983425,0
446583,0.023745,0.976255,1
446592,0.128647,0.871353,1
446685,0.064614,0.935386,0
446778,0.024589,0.975411,0
446868,0.039416,0.960584,0
446871,0.015057,0.984943,0
446873,0.247664,0.752336,0
446881,0.056133,0.943867,0
446913,0.060913,0.939087,0
447002,0.016951,0.983049,0
447086,0.019345,0.980655,1
447108,0.00877,0.99123,0
447187,0.138307,0.861693,0
447222,0.005262,0.994738,0
447234,0.046783,0.953217,0
447271,0.25791,0.74209,0
447288,0.007883,0.992117,0
447328,0.170969,0.829031,0
447389,0.083242,0.916758,0
447399,0.015917,0.984083,0
447414,0.06293,0.93707,1
447536,0.05747,0.94253,0
447604,0.078016,0.921984,0
447647,0.035359,0.964641,0
447719,0.002517,0.997483,0
447792,0.049517,0.950483,0
447894,0.029238,0.970762,0
447943,0.015647,0.984353,0
447944,0.015415,0.984585,0
447949,0.220454,0.779546,0
448024,0.074053,0.925947,0
448067,0.120715,0.879285,0
448082,0.152032,0.847968,0
448117,0.062356,0.937644,0
448121,0.115738,0.884262,0
448129,0.015121,0.984879,0
448131,0.145304,0.854696,0
448196,0.018519,0.981481,0
448233,0.059866,0.940134,0
448339,0.036793,0.963207,0
448378,0.057118,0.942882,0
448385,0.04324,0.95676,0
448390,0.008046,0.991954,0
448434,0.037413,0.962587,0
448471,0.011048,0.988952,0
448484,0.010872,0.989128,0
448531,0.053546,0.946454,1
448622,0.003832,0.996168,0
448664,0.031308,0.968692,0
448705,0.063961,0.936039,0
448724,0.025009,0.974991,0
448744,0.12083,0.87917,0
448756,0.016825,0.983175,0
448762,0.007272,0.992728,0
448764,0.048206,0.951794,0
448794,0.166254,0.833746,0
448815,0.038242,0.961758,0
448829,0.023321,0.976679,0
448902,0.286258,0.713742,0
448956,0.079989,0.920011,0
449056,0.017652,0.982348,0
449163,0.016646,0.983354,0
449174,0.054713,0.945287,1
449280,0.052295,0.947705,0
449313,0.019079,0.980921,0
449341,0.068662,0.931338,0
449347,0.080792,0.919208,0
449384,0.108924,0.891076,0
449418,0.021062,0.978938,0
449539,0.115627,0.884373,0
449590,0.146792,0.853208,0
449601,0.123155,0.876845,0
449653,0.123507,0.876493,0
449667,0.027129,0.972871,0
449679,0.054825,0.945175,0
449681,0.102265,0.897735,0
449746,0.032961,0.967039,0
449828,0.029861,0.970139,0
449840,0.115627,0.884373,0
449948,0.023669,0.976331,0
449979,0.324426,0.675574,0
449992,0.062866,0.937134,0
450010,0.199239,0.800761,1
450103,0.118657,0.881343,0
450112,0.00157,0.99843,0
450191,0.085336,0.914664,0
450211,0.057646,0.942354,0
450214,0.01769,0.98231,0
450252,0.04962,0.95038,0
450268,0.025142,0.974858,0
450359,0.034662,0.965338,1
450370,0.141308,0.858692,0
450379,0.202373,0.797627,0
450388,0.00349,0.99651,0
450408,0.044746,0.955254,0
450410,0.044653,0.955347,0
450426,0.050031,0.949969,0
450455,0.173599,0.826401,0
450502,0.202373,0.797627,0
450560,0.029085,0.970915,0
450562,0.070275,0.929725,1
450594,0.053877,0.946123,0
450597,0.02645,0.97355,0
450665,0.214911,0.785089,1
450738,0.05539,0.94461,0
450745,0.115295,0.884705,0
450777,0.01739,0.98261,0
450875,0.01152,0.98848,0
450890,0.008864,0.991136,0
450938,0.078642,0.921358,0
451000,0.020685,0.979315,0
451060,0.042971,0.957029,0
451110,0.096915,0.903085,0
451118,0.028719,0.971281,0
451152,0.018381,0.981619,0
451173,0.043016,0.956984,0
451185,0.024641,0.975359,0
451198,0.020315,0.979685,0
451263,0.093733,0.906267,0
451279,0.235343,0.764657,0
451295,0.028871,0.971129,0
451365,0.390579,0.609421,0
451414,0.038442,0.961558,1
451539,0.287146,0.712854,0
451561,0.03359,0.96641,0
451581,0.059928,0.940072,0
451583,0.024537,0.975463,1
451621,0.023296,0.976704,0
451644,0.276604,0.723396,0
451715,0.023099,0.976901,0
451725,0.0454,0.9546,0
451727,0.108819,0.891181,0
451742,0.017596,0.982404,0
451853,0.033766,0.966234,0
451882,0.036562,0.963438,0
451883,0.05505,0.94495,0
451933,0.001144,0.998856,0
451991,0.005279,0.994721,0
452061,0.054154,0.945846,1
452171,0.141308,0.858692,0
452218,0.103065,0.896935,1
452258,0.06661,0.93339,0
452384,0.018519,0.981481,0
452387,0.072798,0.927202,0
452425,0.005432,0.994568,0
452453,0.018032,0.981968,0
452463,0.120945,0.879055,0
452465,0.060665,0.939335,0
452557,0.071418,0.928582,0
452601,0.059319,0.940681,0
452611,0.00562,0.99438,0
452646,0.009588,0.990412,0
452657,0.143828,0.856172,1
452719,0.019345,0.980655,0
452725,0.087651,0.912349,1
452810,0.0436,0.9564,0
452868,0.178001,0.821999,0
452956,0.047612,0.952388,0
453013,0.03231,0.96769,0
453032,0.075403,0.924597,0
453210,0.039954,0.960046,1
453315,0.081114,0.918886,0
453360,0.016435,0.983565,0
453430,0.030753,0.969247,0
453750,0.087824,0.912176,0
453770,0.045872,0.954128,0
453788,0.019242,0.980758,0
453901,0.100682,0.899318,0
454013,0.008789,0.991211,0
454095,0.099801,0.900199,0
454185,0.06661,0.93339,0
454193,0.028358,0.971642,0
454236,0.041093,0.958907,0
454254,0.03303,0.96697,0
454408,0.074425,0.925575,0
454411,0.048506,0.951494,0
454465,0.009175,0.990825,0
454503,0.042793,0.957207,0
454545,0.117865,0.882135,0
454552,0.107771,0.892229,0
454553,0.01504,0.98496,0
454590,0.127798,0.872202,0
454697,0.186737,0.813263,0
454770,0.081845,0.918155,0
454822,0.034015,0.965985,0
454850,0.027766,0.972234,0
454866,0.002625,0.997375,0
454948,0.117078,0.882922,0
454953,0.051548,0.948452,0
455076,0.024356,0.975644,1
455122,0.11663,0.88337,0
455125,0.131594,0.868406,0
455154,0.046928,0.953072,0
455172,0.191731,0.808269,0
455252,0.005336,0.994664,0
455302,0.029331,0.970669,0
455404,0.049415,0.950585,0
455417,0.027679,0.972321,0
455432,0.165653,0.834347,0
455486,0.01026,0.98974,0
455573,0.019345,0.980655,0
455634,0.030496,0.969504,0
455649,0.115516,0.884484,1
455652,0.031275,0.968725,0
455667,0.082254,0.917746,0
455712,0.18575,0.81425,0
455724,0.009047,0.990953,0
455755,0.161496,0.838504,0
455779,0.031805,0.968195,0
455790,0.088873,0.911127,0
455832,0.095499,0.904501,0
455837,0.141571,0.858429,0
455846,0.214911,0.785089,0
455847,0.136634,0.863366,0
455905,0.076163,0.923837,0
455964,0.202023,0.797977,1
455977,0.01222,0.98778,0
456158,0.077938,0.922062,0
456171,0.192404,0.807596,1
