SK_ID_CURR,p_default,p_approve,y_target
314042,0.10312,0.89688,0
454590,0.017844,0.982156,0
117611,0.033696,0.966304,0
146872,0.004387,0.995613,0
443522,0.02841,0.97159,0
438785,0.022531,0.97747,0
371993,0.008017,0.991983,0
324077,0.245087,0.754913,0
239432,0.035582,0.964418,0
273703,0.01657,0.98343,0
160236,0.078311,0.921689,0
188687,0.036604,0.963396,0
346310,0.057125,0.942875,0
106008,0.063824,0.936176,0
280521,0.00833,0.99167,1
381245,0.031484,0.968516,0
271898,0.118227,0.881773,0
159820,0.024096,0.975904,1
436652,0.034834,0.965166,0
336074,0.017426,0.982574,1
374782,0.019124,0.980876,0
207226,0.171426,0.828574,0
131256,0.010209,0.989791,0
416732,0.113992,0.886008,0
250011,0.202461,0.797539,0
270731,0.052168,0.947832,0
321856,0.010029,0.989971,0
154322,0.051055,0.948945,0
308607,0.0094,0.9906,0
163413,0.063947,0.936053,0
433466,0.029524,0.970476,0
396812,0.00634,0.99366,0
339131,0.081508,0.918492,0
272251,0.049818,0.950182,0
366861,0.07049,0.92951,0
110944,0.01396,0.98604,0
286934,0.018828,0.981172,0
119038,0.03019,0.96981,0
389040,0.068939,0.931061,0
171944,0.042818,0.957182,0
100234,0.014109,0.985891,0
193023,0.013079,0.986921,0
420477,0.093406,0.906594,0
122423,0.034198,0.965802,0
181101,0.016374,0.983626,0
160071,0.215869,0.784131,0
198442,0.0714,0.9286,0
178915,0.018096,0.981904,0
111513,0.031528,0.968472,0
447943,0.035959,0.964041,0
321948,0.005563,0.994437,0
355598,0.007715,0.992285,0
209070,0.009863,0.990138,1
371481,0.064778,0.935222,0
110466,0.010785,0.989215,0
259334,0.037108,0.962892,0
222018,0.052744,0.947256,0
179831,0.210808,0.789192,0
431772,0.031363,0.968636,0
238950,0.010417,0.989583,0
148800,0.189005,0.810995,0
432275,0.042439,0.957561,0
109686,0.021045,0.978955,0
346572,0.035036,0.964964,0
205200,0.040571,0.959429,0
160933,0.067232,0.932768,0
229474,0.246073,0.753928,0
358324,0.020034,0.979966,0
170316,0.023926,0.976074,0
442426,0.022677,0.977323,0
266116,0.018734,0.981266,0
164203,0.060637,0.939363,0
340748,0.035752,0.964248,0
252267,0.07488,0.92512,0
116542,0.048659,0.951341,0
112647,0.034602,0.965398,0
249275,0.012281,0.987719,0
278203,0.006566,0.993434,0
259417,0.176609,0.823391,1
163113,0.019997,0.980003,0
181362,0.025601,0.974399,0
108302,0.102016,0.897984,0
153361,0.040842,0.959158,0
327308,0.014043,0.985957,0
359332,0.027195,0.972805,0
244328,0.016333,0.983667,0
411015,0.009073,0.990927,0
324034,0.057082,0.942918,0
259824,0.019221,0.980779,0
423249,0.037983,0.962017,0
361087,0.004247,0.995753,0
154568,0.062672,0.937328,0
202143,0.067403,0.932597,0
230845,0.056979,0.943021,0
324576,0.013874,0.986126,0
260873,0.21682,0.78318,0
152893,0.03622,0.96378,0
442132,0.00769,0.99231,0
380263,0.075561,0.924439,0
195027,0.034821,0.965179,0
385347,0.120449,0.879551,0
247258,0.046936,0.953064,0
338182,0.016397,0.983604,0
131389,0.008463,0.991538,0
132886,0.06185,0.93815,0
106779,0.008917,0.991083,0
274411,0.041813,0.958187,0
353135,0.045444,0.954556,0
395730,0.009914,0.990086,0
353083,0.013657,0.986343,0
354527,0.032221,0.967779,0
336333,0.069143,0.930857,0
265313,0.027961,0.972039,1
186001,0.024467,0.975533,0
418834,0.088716,0.911284,1
348097,0.056659,0.943341,0
243074,0.021538,0.978462,0
361760,0.024749,0.975251,0
191829,0.087709,0.912291,1
436638,0.027531,0.972469,0
214911,0.012947,0.987053,0
243630,0.017064,0.982936,0
391045,0.085344,0.914656,0
119957,0.038912,0.961088,0
260323,0.033241,0.966759,0
198139,0.015359,0.984641,0
268564,0.039018,0.960982,0
181361,0.043715,0.956285,0
259949,0.037867,0.962133,0
104111,0.08293,0.91707,0
269418,0.172182,0.827818,1
178780,0.223209,0.776791,1
113724,0.159218,0.840782,0
187943,0.011547,0.988453,1
380000,0.071236,0.928764,0
236498,0.00674,0.99326,0
139734,0.01434,0.98566,0
227921,0.027181,0.972819,0
250800,0.169667,0.830333,0
103883,0.020397,0.979603,0
454503,0.038274,0.961726,0
395889,0.266569,0.733431,0
343394,0.055098,0.944902,0
164600,0.036489,0.963511,0
247819,0.145488,0.854512,0
169827,0.08012,0.91988,0
196257,0.125791,0.874209,0
217346,0.016383,0.983617,0
369773,0.018339,0.981661,0
380104,0.044343,0.955657,0
245407,0.006059,0.993941,0
267177,0.175375,0.824625,1
350767,0.073761,0.926239,0
167023,0.041876,0.958124,0
405307,0.02368,0.97632,1
105948,0.086314,0.913686,0
353487,0.0368,0.9632,0
115170,0.008924,0.991076,0
171227,0.015817,0.984183,0
346195,0.12771,0.87229,0
199929,0.032155,0.967845,0
108973,0.016248,0.983752,0
390805,0.028556,0.971444,0
272671,0.008092,0.991908,0
365622,0.026076,0.973924,0
298069,0.073217,0.926783,0
190266,0.035322,0.964678,0
122709,0.214365,0.785635,0
117315,0.101636,0.898364,0
372077,0.01378,0.98622,0
405186,0.012642,0.987358,0
117238,0.065038,0.934962,1
295627,0.019178,0.980822,0
161603,0.026176,0.973824,0
298696,0.007135,0.992865,0
190241,0.065248,0.934752,0
239320,0.101257,0.898743,0
324102,0.012188,0.987812,0
118159,0.009316,0.990684,0
423165,0.044427,0.955573,0
352362,0.018877,0.981123,0
312379,0.120102,0.879898,0
338744,0.283592,0.716408,0
174800,0.050716,0.949284,0
180162,0.005462,0.994538,0
236612,0.067168,0.932832,0
353780,0.046989,0.953011,0
186864,0.039927,0.960073,0
239294,0.235678,0.764322,0
414866,0.068185,0.931815,0
400102,0.052259,0.947741,0
163298,0.018779,0.981221,0
330843,0.09434,0.90566,0
420399,0.017613,0.982387,0
288455,0.026646,0.973354,0
189111,0.008163,0.991837,0
384179,0.018832,0.981168,0
260170,0.013847,0.986153,0
311141,0.093843,0.906157,0
222807,0.010884,0.989116,0
329857,0.037467,0.962533,0
154194,0.012196,0.987804,0
259689,0.051627,0.948373,0
422907,0.031751,0.968249,0
317350,0.244267,0.755733,1
192344,0.041042,0.958958,0
175943,0.004755,0.995245,0
137180,0.038492,0.961508,0
168808,0.084072,0.915928,0
162054,0.020246,0.979754,0
448484,0.011384,0.988616,0
296412,0.025135,0.974865,1
431312,0.055778,0.944222,0
291441,0.038546,0.961454,0
215478,0.0279,0.9721,0
308242,0.02508,0.97492,0
414796,0.078335,0.921665,1
201578,0.053343,0.946657,0
255473,0.008749,0.991251,0
110336,0.020658,0.979342,0
447234,0.030223,0.969777,0
418468,0.031288,0.968712,0
129966,0.062895,0.937105,0
191892,0.039891,0.960109,0
444247,0.073388,0.926612,0
315165,0.029398,0.970602,0
198203,0.036764,0.963236,0
143604,0.137537,0.862463,0
409427,0.107165,0.892835,0
383778,0.052354,0.947646,0
452465,0.024645,0.975356,0
142823,0.052683,0.947318,0
220581,0.068308,0.931692,0
329395,0.022019,0.977981,0
256382,0.019402,0.980598,0
332659,0.021146,0.978854,0
100197,0.048829,0.951171,0
370662,0.030779,0.969221,0
197233,0.012484,0.987516,0
225670,0.021469,0.978531,0
449828,0.016855,0.983145,0
375946,0.19619,0.80381,0
382419,0.006219,0.993781,0
315548,0.196384,0.803616,1
168885,0.008054,0.991946,0
276225,0.020527,0.979473,0
201217,0.079453,0.920547,0
157272,0.07934,0.92066,0
382838,0.096015,0.903985,0
218206,0.102887,0.897113,0
145458,0.012761,0.987239,0
382020,0.014056,0.985944,0
411490,0.10894,0.89106,1
443225,0.007305,0.992695,0
257209,0.055549,0.944451,0
413100,0.073523,0.926477,0
316545,0.074616,0.925384,0
350007,0.009911,0.990089,0
156849,0.045797,0.954203,0
310367,0.005477,0.994523,0
353933,0.047654,0.952346,0
223034,0.094248,0.905752,0
455790,0.182036,0.817964,0
403925,0.218646,0.781354,1
182445,0.130891,0.869109,0
325011,0.020344,0.979656,0
411085,0.030048,0.969952,0
424911,0.044438,0.955562,0
208536,0.040435,0.959565,0
401578,0.013389,0.986611,1
240294,0.0115,0.9885,0
103567,0.015506,0.984494,0
249613,0.047177,0.952823,0
299318,0.033058,0.966942,0
316707,0.016983,0.983017,0
262691,0.049814,0.950186,0
221664,0.022355,0.977645,0
109390,0.075166,0.924834,0
373059,0.06187,0.93813,0
271937,0.119862,0.880138,0
398011,0.071834,0.928166,1
422082,0.029155,0.970845,0
132148,0.028661,0.971339,0
171760,0.012503,0.987497,0
187445,0.09598,0.90402,0
278565,0.027871,0.972129,0
278870,0.202431,0.797569,0
307375,0.098096,0.901904,0
408424,0.12963,0.87037,0
396032,0.008107,0.991893,0
287806,0.017732,0.982268,0
241077,0.123196,0.876804,0
352504,0.032425,0.967575,0
176256,0.023563,0.976437,0
272600,0.037548,0.962452,0
117601,0.02702,0.97298,1
170260,0.059184,0.940816,1
435010,0.020808,0.979192,0
367866,0.07968,0.92032,0
110785,0.016088,0.983912,0
447414,0.080556,0.919444,1
421761,0.049702,0.950298,0
169047,0.00655,0.99345,0
139205,0.007293,0.992707,0
395628,0.070914,0.929086,0
198735,0.138403,0.861597,1
185658,0.018106,0.981894,0
127664,0.026466,0.973534,0
443942,0.043684,0.956316,1
216352,0.013403,0.986597,0
134634,0.380989,0.619011,1
306132,0.012062,0.987938,0
230902,0.007435,0.992565,0
138668,0.011579,0.988421,0
147509,0.014609,0.985391,0
118574,0.030444,0.969556,0
340227,0.007808,0.992192,0
241585,0.038429,0.961571,0
233288,0.061287,0.938714,0
388671,0.074355,0.925645,0
127671,0.006819,0.993181,0
139719,0.016504,0.983496,0
367234,0.126457,0.873543,0
411514,0.027734,0.972266,0
133742,0.03982,0.96018,0
410983,0.059973,0.940027,0
141719,0.21945,0.78055,1
308939,0.045417,0.954583,0
129159,0.059322,0.940678,0
371130,0.322032,0.677968,1
130819,0.051346,0.948654,0
324578,0.022479,0.977521,0
340668,0.027385,0.972615,0
265711,0.02233,0.97767,0
323110,0.043926,0.956074,0
184500,0.017724,0.982276,0
201213,0.012068,0.987932,0
400170,0.006929,0.993071,0
149829,0.020705,0.979295,0
216791,0.012265,0.987735,0
425361,0.010504,0.989496,0
277684,0.051205,0.948795,0
119231,0.107934,0.892066,0
219881,0.04953,0.95047,0
446435,0.039019,0.960981,0
336105,0.017022,0.982978,0
418150,0.018649,0.981351,0
238885,0.022643,0.977357,0
184830,0.00667,0.99333,0
252076,0.012212,0.987788,0
264468,0.025706,0.974294,0
234526,0.010203,0.989796,0
273088,0.180634,0.819366,0
165699,0.046654,0.953346,0
197066,0.00699,0.99301,0
327755,0.044092,0.955908,0
438878,0.049699,0.950301,0
142862,0.072498,0.927502,0
377359,0.249169,0.750831,1
390548,0.01726,0.98274,0
418481,0.018978,0.981022,0
160505,0.005138,0.994862,0
225257,0.075966,0.924034,0
279347,0.049053,0.950946,0
293035,0.026066,0.973934,0
313629,0.033654,0.966346,0
322972,0.01164,0.98836,0
277626,0.069585,0.930415,0
143164,0.043852,0.956148,0
102993,0.01446,0.98554,0
213056,0.015094,0.984906,0
428880,0.007064,0.992936,0
158240,0.025781,0.974219,0
176241,0.020166,0.979834,0
146987,0.013376,0.986624,0
385088,0.056279,0.943721,0
217498,0.021792,0.978208,1
155804,0.029571,0.970429,0
127231,0.006129,0.993871,0
423162,0.042204,0.957796,0
382039,0.026843,0.973157,1
160585,0.019417,0.980583,0
442240,0.165618,0.834382,0
376137,0.028456,0.971544,0
216091,0.008391,0.991609,0
128932,0.0561,0.9439,0
381678,0.06549,0.93451,0
222184,0.037775,0.962225,0
173025,0.14713,0.85287,0
234211,0.032947,0.967053,0
403859,0.051908,0.948092,0
234369,0.256829,0.743171,0
276535,0.013974,0.986026,0
256710,0.046034,0.953966,0
438381,0.042165,0.957835,0
317452,0.243107,0.756893,0
144469,0.039872,0.960128,0
174828,0.017079,0.982921,0
333075,0.004052,0.995948,0
218028,0.007701,0.992299,0
443807,0.036878,0.963122,0
177213,0.107865,0.892135,1
446871,0.016772,0.983228,0
426714,0.130616,0.869384,0
335386,0.07995,0.92005,0
420928,0.044654,0.955346,0
186638,0.27078,0.72922,0
293769,0.089794,0.910206,0
412774,0.008683,0.991317,0
387241,0.013645,0.986355,0
288089,0.266084,0.733916,0
212665,0.056274,0.943726,1
154894,0.065978,0.934022,0
417813,0.205206,0.794794,1
390795,0.051856,0.948144,0
440335,0.050875,0.949125,0
165025,0.105353,0.894647,1
419185,0.024349,0.975651,0
250335,0.102614,0.897386,0
444659,0.119377,0.880623,0
317755,0.067789,0.932211,0
443115,0.190828,0.809172,1
199383,0.021793,0.978207,0
215690,0.297115,0.702885,1
203184,0.070965,0.929035,0
438511,0.033666,0.966334,0
428387,0.047957,0.952043,0
251222,0.011148,0.988852,0
251603,0.013676,0.986324,0
246198,0.039429,0.960571,0
286189,0.037205,0.962795,0
384063,0.153618,0.846382,0
233285,0.045868,0.954132,0
455252,0.045026,0.954974,0
301161,0.080931,0.919069,0
161584,0.026982,0.973018,0
369227,0.016046,0.983954,0
150068,0.050051,0.949948,0
448471,0.030679,0.969321,0
213841,0.013398,0.986602,0
451933,0.003765,0.996235,0
259732,0.041219,0.958781,0
140043,0.052913,0.947087,0
392091,0.058681,0.941319,0
399508,0.048306,0.951694,0
114102,0.100618,0.899382,0
429694,0.025741,0.974259,0
418897,0.008537,0.991463,0
303137,0.01583,0.98417,0
286291,0.064406,0.935594,1
387340,0.021242,0.978758,0
179397,0.069799,0.930201,0
123771,0.045191,0.954809,0
261515,0.110028,0.889972,0
416556,0.009143,0.990857,0
160567,0.004553,0.995447,0
292065,0.068772,0.931228,0
355615,0.127309,0.872691,0
262974,0.024859,0.97514,0
373069,0.252771,0.747229,0
226819,0.026938,0.973062,0
188041,0.006275,0.993725,0
433747,0.082184,0.917816,0
148074,0.084085,0.915915,0
214511,0.283972,0.716028,0
343779,0.064293,0.935707,0
118013,0.059561,0.940439,0
186331,0.029323,0.970677,0
354330,0.062106,0.937894,0
426483,0.017033,0.982968,0
104566,0.022623,0.977377,0
246767,0.018181,0.981819,0
378260,0.252242,0.747758,0
443542,0.058905,0.941095,0
257133,0.026511,0.973489,0
300681,0.015792,0.984208,0
252131,0.025057,0.974943,0
260604,0.01716,0.98284,0
200855,0.149255,0.850745,0
142915,0.214621,0.785379,0
325263,0.037255,0.962745,0
251829,0.01125,0.98875,0
308622,0.003613,0.996387,0
107456,0.107489,0.892511,0
136384,0.085989,0.914011,0
202266,0.101661,0.898339,0
192702,0.112871,0.887129,0
123027,0.167479,0.832521,0
438936,0.019935,0.980065,0
375196,0.029464,0.970536,0
409149,0.00888,0.99112,0
428980,0.019818,0.980182,0
166796,0.038383,0.961617,0
154527,0.213084,0.786916,1
262544,0.033289,0.966711,0
313509,0.014185,0.985815,0
297079,0.037787,0.962213,0
316931,0.061265,0.938735,0
105679,0.048499,0.951501,0
425085,0.005813,0.994187,0
390295,0.138967,0.861033,0
129965,0.051001,0.948999,0
126456,0.063648,0.936352,0
329796,0.009752,0.990248,0
239360,0.017931,0.982069,0
123760,0.007843,0.992157,0
357211,0.006594,0.993406,0
423815,0.03738,0.96262,0
355040,0.020336,0.979664,0
206678,0.051959,0.948041,0
253095,0.09942,0.90058,0
224118,0.061697,0.938303,0
393636,0.025265,0.974735,0
397719,0.096197,0.903803,0
224012,0.009999,0.990001,0
228524,0.074159,0.92584,0
328507,0.070331,0.929669,0
218405,0.008136,0.991864,0
367010,0.071542,0.928458,0
385541,0.008361,0.991639,0
371528,0.061419,0.938581,0
112081,0.120021,0.879979,0
108379,0.017617,0.982383,0
407011,0.009073,0.990927,0
377105,0.069034,0.930966,0
409772,0.024219,0.975781,0
258749,0.101464,0.898536,0
379018,0.01021,0.98979,0
445154,0.018202,0.981798,0
351925,0.023759,0.976241,0
225188,0.122103,0.877897,0
115278,0.059306,0.940694,0
412410,0.223365,0.776635,0
179569,0.090665,0.909335,0
452557,0.114083,0.885917,0
329928,0.005355,0.994645,0
153612,0.091057,0.908943,0
107666,0.019208,0.980792,0
374858,0.073408,0.926592,0
424566,0.049205,0.950795,0
377321,0.017177,0.982823,0
304869,0.095648,0.904352,0
297001,0.179029,0.820971,0
364080,0.042477,0.957523,0
192100,0.285921,0.71408,1
387764,0.044526,0.955474,0
413945,0.025111,0.974889,0
228235,0.132761,0.867239,0
371186,0.028697,0.971303,0
446418,0.034652,0.965348,0
448121,0.09088,0.90912,0
424309,0.007249,0.992751,0
186692,0.091088,0.908912,0
166821,0.081831,0.918169,1
411658,0.0636,0.9364,1
433967,0.071042,0.928958,0
389182,0.077088,0.922912,0
189410,0.09352,0.90648,0
227878,0.026074,0.973926,0
307557,0.066385,0.933615,0
432730,0.055026,0.944974,0
343606,0.014495,0.985505,0
406500,0.034011,0.965989,0
144836,0.052759,0.947241,0
357448,0.150341,0.849659,1
166328,0.015079,0.984921,0
129128,0.191455,0.808545,0
299189,0.012018,0.987982,0
218171,0.056253,0.943746,0
427222,0.064884,0.935116,0
453430,0.042731,0.957269,0
181234,0.10098,0.89902,0
433122,0.1742,0.8258,0
326424,0.012506,0.987494,0
428289,0.018327,0.981673,0
321454,0.005326,0.994674,0
239994,0.0501,0.9499,1
107632,0.019626,0.980374,0
221188,0.154805,0.845195,0
209946,0.017178,0.982822,0
360464,0.019446,0.980554,0
293329,0.036235,0.963765,0
383949,0.033203,0.966797,0
299170,0.085152,0.914848,1
399334,0.013938,0.986062,0
132305,0.11049,0.88951,0
303739,0.039423,0.960577,0
207920,0.066681,0.933319,0
190203,0.00499,0.99501,0
417174,0.013388,0.986612,0
237991,0.026871,0.973129,0
443148,0.117068,0.882932,0
369800,0.019762,0.980238,0
293564,0.051323,0.948677,0
188934,0.059756,0.940244,0
149186,0.081251,0.918749,0
211789,0.072972,0.927028,0
370201,0.01349,0.98651,0
383798,0.056702,0.943298,0
191634,0.018011,0.981989,0
272842,0.035696,0.964304,0
117486,0.27734,0.72266,0
449174,0.101293,0.898708,1
325754,0.103073,0.896927,1
335886,0.022107,0.977892,0
268478,0.032851,0.967149,0
421092,0.072232,0.927768,0
201707,0.083745,0.916255,0
143694,0.0826,0.9174,0
117389,0.034696,0.965304,0
382595,0.028343,0.971657,0
266975,0.092199,0.907801,0
302049,0.027738,0.972262,0
248878,0.061058,0.938942,0
206796,0.004051,0.995949,0
444991,0.091547,0.908453,0
304075,0.129559,0.870441,0
275380,0.024312,0.975688,0
271360,0.143965,0.856035,0
138675,0.197175,0.802825,1
402211,0.010736,0.989264,0
334145,0.04094,0.95906,0
300620,0.060867,0.939133,0
185293,0.069415,0.930585,0
136343,0.012683,0.987317,0
106004,0.04118,0.95882,0
380564,0.19904,0.80096,1
138991,0.01526,0.98474,0
410264,0.243124,0.756876,0
257475,0.09132,0.90868,0
272690,0.027166,0.972834,0
181149,0.058669,0.941332,1
194778,0.2809,0.7191,0
194287,0.05355,0.94645,1
304937,0.030919,0.969081,0
251968,0.076549,0.923451,0
328726,0.022021,0.977979,0
283993,0.072786,0.927214,0
359005,0.177126,0.822874,0
222331,0.021329,0.978671,0
380513,0.019939,0.980061,0
321855,0.023366,0.976634,0
125355,0.017017,0.982983,0
176855,0.049567,0.950433,0
209185,0.063887,0.936113,0
249446,0.175651,0.824349,0
212504,0.020121,0.979879,0
269824,0.115442,0.884558,0
353956,0.006338,0.993662,0
365936,0.028184,0.971816,1
162965,0.08499,0.91501,0
115961,0.042654,0.957346,1
437412,0.010238,0.989762,0
399095,0.007397,0.992603,0
364216,0.021256,0.978744,0
384233,0.075519,0.924481,0
262627,0.068357,0.931643,1
295617,0.043675,0.956325,0
322667,0.028429,0.971571,0
405862,0.034608,0.965392,0
172832,0.198817,0.801183,1
346978,0.020705,0.979295,0
455846,0.150688,0.849312,0
264210,0.065884,0.934116,0
219603,0.029777,0.970223,0
380469,0.061553,0.938447,1
437216,0.026685,0.973315,0
426778,0.070328,0.929672,0
284793,0.013374,0.986626,0
242933,0.04809,0.95191,0
418574,0.027086,0.972914,0
367694,0.037149,0.962851,0
312136,0.076712,0.923288,0
237695,0.101554,0.898446,0
314233,0.026087,0.973913,0
236538,0.081047,0.918953,0
144341,0.150866,0.849134,0
112415,0.096323,0.903677,0
272904,0.035133,0.964867,0
179524,0.252412,0.747588,1
142475,0.058416,0.941584,0
157893,0.056904,0.943096,0
235191,0.125008,0.874992,0
312207,0.050281,0.949719,0
299338,0.156031,0.843969,1
203404,0.084728,0.915272,1
346505,0.080218,0.919782,0
321721,0.053093,0.946907,0
160665,0.08505,0.91495,0
407238,0.060509,0.939491,0
306571,0.022489,0.977511,0
233915,0.043197,0.956803,0
335502,0.020868,0.979132,0
383028,0.029482,0.970518,1
319715,0.072801,0.927198,0
371352,0.013812,0.986188,0
262319,0.021113,0.978887,0
124385,0.015996,0.984004,0
365749,0.195849,0.804151,0
116956,0.09303,0.90697,0
432729,0.037039,0.962961,0
327191,0.039083,0.960917,0
450560,0.043492,0.956508,0
450388,0.007354,0.992646,0
429209,0.061159,0.938841,0
320535,0.050885,0.949115,0
224681,0.045797,0.954203,0
440854,0.044944,0.955056,0
137704,0.035723,0.964277,0
174857,0.01719,0.98281,0
340386,0.018496,0.981504,0
137411,0.035045,0.964955,0
121133,0.016845,0.983155,0
233116,0.040419,0.959581,0
154533,0.015781,0.984219,0
429397,0.033873,0.966127,0
170399,0.053391,0.946609,1
379384,0.032269,0.96773,0
304297,0.055665,0.944335,0
408255,0.1042,0.8958,0
332717,0.016996,0.983004,0
262020,0.007146,0.992854,0
450268,0.011689,0.988311,0
247493,0.124936,0.875064,0
123270,0.053735,0.946265,0
363669,0.007162,0.992838,0
137110,0.017432,0.982568,0
254606,0.079938,0.920062,0
171992,0.053463,0.946537,0
246553,0.022338,0.977662,0
224571,0.1344,0.8656,0
190796,0.051818,0.948182,1
138066,0.084563,0.915437,0
452425,0.013057,0.986943,0
358795,0.160097,0.839903,0
314881,0.039701,0.960299,0
386323,0.005355,0.994645,0
269788,0.065114,0.934886,0
199054,0.109203,0.890797,0
417899,0.027255,0.972745,0
390066,0.013242,0.986758,0
328696,0.023188,0.976812,0
182884,0.026464,0.973536,0
316273,0.018814,0.981186,0
447894,0.010446,0.989554,0
365698,0.099904,0.900096,0
262807,0.046917,0.953083,0
203891,0.029974,0.970026,0
201168,0.014915,0.985085,0
319987,0.01064,0.98936,0
332032,0.015752,0.984248,0
112204,0.043021,0.956979,0
244334,0.011229,0.988771,0
232745,0.045568,0.954432,0
135863,0.076296,0.923704,0
238410,0.035932,0.964068,0
395035,0.007152,0.992848,0
244554,0.072383,0.927617,0
149567,0.019902,0.980098,0
279534,0.029349,0.970651,0
201205,0.091789,0.908211,0
162816,0.051693,0.948307,0
268988,0.087153,0.912847,0
420997,0.123484,0.876516,0
202995,0.038928,0.961072,0
337026,0.254205,0.745795,1
259801,0.022705,0.977295,0
309290,0.036427,0.963572,0
422312,0.01221,0.98779,0
438811,0.167464,0.832536,0
152482,0.05382,0.94618,0
439293,0.021853,0.978147,0
314358,0.256438,0.743562,0
226341,0.016094,0.983906,0
206732,0.015195,0.984805,0
424634,0.184158,0.815842,0
181138,0.180763,0.819237,0
132660,0.084076,0.915924,0
323864,0.150677,0.849323,0
109915,0.0358,0.9642,1
430943,0.080699,0.919301,0
270239,0.06154,0.93846,1
392164,0.192004,0.807996,0
283826,0.014727,0.985273,0
138393,0.130429,0.869571,0
389555,0.10521,0.89479,0
392975,0.105771,0.894229,0
156344,0.013803,0.986197,0
377480,0.044946,0.955054,0
190019,0.030486,0.969514,0
380851,0.014866,0.985134,0
295704,0.116691,0.883309,0
360806,0.040278,0.959722,0
407667,0.005256,0.994744,1
175322,0.022057,0.977943,0
164328,0.010915,0.989085,0
127097,0.04297,0.95703,0
398900,0.040704,0.959296,0
329316,0.170661,0.829339,0
198174,0.016034,0.983966,0
137245,0.027227,0.972773,0
123560,0.032839,0.96716,0
382801,0.019556,0.980444,0
443882,0.01844,0.98156,0
398639,0.218259,0.781741,1
383164,0.033867,0.966133,0
361847,0.030171,0.969829,0
274375,0.032448,0.967552,1
211458,0.143704,0.856296,0
370303,0.033377,0.966623,0
226919,0.00871,0.99129,0
217296,0.025824,0.974176,0
234826,0.068654,0.931346,0
269243,0.014261,0.98574,0
141118,0.202154,0.797846,0
208862,0.019907,0.980093,0
104218,0.027486,0.972514,0
225981,0.086659,0.913341,0
450777,0.021375,0.978625,0
381926,0.187983,0.812017,0
345850,0.016678,0.983322,0
274621,0.011482,0.988518,0
422500,0.048312,0.951688,0
450191,0.122648,0.877352,0
423676,0.077427,0.922573,0
341715,0.01305,0.98695,0
377128,0.159352,0.840648,1
237009,0.012882,0.987118,0
441251,0.032502,0.967498,0
145050,0.004108,0.995892,0
387191,0.025272,0.974728,0
186629,0.020304,0.979696,1
154106,0.035495,0.964505,0
348951,0.023789,0.976211,0
250720,0.016113,0.983887,0
232792,0.052401,0.947599,0
102223,0.035127,0.964874,0
344567,0.023024,0.976976,0
250203,0.043155,0.956845,0
101048,0.03983,0.96017,0
434906,0.089152,0.910848,0
246342,0.270177,0.729823,1
447222,0.02875,0.97125,0
154252,0.056856,0.943144,0
184479,0.07378,0.92622,0
438188,0.022678,0.977322,0
304230,0.026543,0.973457,0
220531,0.024413,0.975587,0
384455,0.039938,0.960062,0
177804,0.007871,0.992129,0
173316,0.135109,0.864891,0
181956,0.005366,0.994634,0
441728,0.084656,0.915344,0
311151,0.210815,0.789185,0
134746,0.031446,0.968554,0
299967,0.022347,0.977653,0
221352,0.054756,0.945244,0
202122,0.014177,0.985823,0
435897,0.084196,0.915804,0
391155,0.02098,0.97902,0
160740,0.046387,0.953613,1
379794,0.099525,0.900475,0
433951,0.075403,0.924597,1
343403,0.014054,0.985946,0
403085,0.094963,0.905037,0
438951,0.00526,0.99474,0
272678,0.054384,0.945616,0
150510,0.028823,0.971177,0
155315,0.040334,0.959666,0
414601,0.034577,0.965423,0
151350,0.034792,0.965208,0
306039,0.01077,0.98923,0
366697,0.027107,0.972894,0
169955,0.154149,0.84585,0
144506,0.122285,0.877715,0
374752,0.029675,0.970325,0
280161,0.255733,0.744267,0
227509,0.030064,0.969936,1
238435,0.119021,0.880979,0
141134,0.023546,0.976454,0
343660,0.043843,0.956157,0
450594,0.09728,0.90272,0
206457,0.024633,0.975367,0
198235,0.039609,0.960391,0
228474,0.052928,0.947072,0
297719,0.01963,0.98037,0
185533,0.003388,0.996612,0
454770,0.125496,0.874504,0
143337,0.056995,0.943005,0
191861,0.020288,0.979712,0
122079,0.043281,0.956719,1
357721,0.039141,0.960859,0
160276,0.00363,0.99637,0
101985,0.029327,0.970673,0
304477,0.220808,0.779192,0
121615,0.010117,0.989882,0
434361,0.069527,0.930473,0
187670,0.103213,0.896787,0
313664,0.039057,0.960943,0
380581,0.105154,0.894846,0
301702,0.079823,0.920177,0
116229,0.025447,0.974553,0
404682,0.005988,0.994012,0
136791,0.016087,0.983913,0
172129,0.053041,0.946959,0
419106,0.004742,0.995258,0
316614,0.054065,0.945935,0
229608,0.047296,0.952704,0
130971,0.014286,0.985714,0
162174,0.156132,0.843868,0
222874,0.043366,0.956634,0
212205,0.162382,0.837618,0
411208,0.013814,0.986186,0
106043,0.030093,0.969907,0
265472,0.143055,0.856945,0
389733,0.109672,0.890328,0
223192,0.006951,0.993049,0
165039,0.125541,0.874459,0
125034,0.033039,0.966961,0
422496,0.007656,0.992344,0
213985,0.026191,0.973809,0
361970,0.044349,0.955651,1
324982,0.022392,0.977608,0
443521,0.123236,0.876764,1
418373,0.02881,0.97119,0
303204,0.100913,0.899087,0
105538,0.025389,0.974611,0
170904,0.069371,0.930629,0
363900,0.024207,0.975793,0
170264,0.015623,0.984378,0
180709,0.044604,0.955396,0
419396,0.164056,0.835944,1
374922,0.016099,0.983901,0
345115,0.006837,0.993163,0
153461,0.018356,0.981644,0
126120,0.004933,0.995067,0
198818,0.039099,0.960901,0
249362,0.010642,0.989358,0
167270,0.094084,0.905916,1
223660,0.017284,0.982716,0
273328,0.058202,0.941798,0
193215,0.050966,0.949034,0
266894,0.059971,0.940029,1
381725,0.004062,0.995938,0
393531,0.003466,0.996534,0
289799,0.047099,0.952901,0
251875,0.012325,0.987675,0
109983,0.075324,0.924676,0
175405,0.018211,0.981789,0
228771,0.037114,0.962886,0
312081,0.0081,0.9919,0
415697,0.016913,0.983088,0
288126,0.043971,0.95603,0
135215,0.065678,0.934322,0
113679,0.016329,0.98367,0
214987,0.032882,0.967118,0
448390,0.035718,0.964282,0
130907,0.063387,0.936613,0
444149,0.120088,0.879912,0
129577,0.042633,0.957366,0
145442,0.050265,0.949735,0
400754,0.021105,0.978895,0
307595,0.025679,0.974321,0
118884,0.089254,0.910746,0
403209,0.055538,0.944462,0
350332,0.023422,0.976578,0
321333,0.083827,0.916172,0
425422,0.168633,0.831367,1
420972,0.043698,0.956302,0
362911,0.044952,0.955048,0
286523,0.086156,0.913844,0
252353,0.148804,0.851196,0
237910,0.017783,0.982217,0
337662,0.062909,0.937091,0
408491,0.029632,0.970368,0
112499,0.010322,0.989678,0
315848,0.019322,0.980678,0
287470,0.159233,0.840767,1
421792,0.018621,0.981379,0
119165,0.060216,0.939784,1
176068,0.041779,0.958221,0
210389,0.010464,0.989536,0
246189,0.071706,0.928294,0
330159,0.412054,0.587946,1
340241,0.108218,0.891782,0
396251,0.121262,0.878738,0
430558,0.009469,0.990531,0
262953,0.156991,0.843009,1
166454,0.024348,0.975652,0
435964,0.113635,0.886365,0
449840,0.052545,0.947455,0
318472,0.116449,0.883551,0
238966,0.008592,0.991408,0
399048,0.025889,0.974111,0
188473,0.048571,0.951429,0
305514,0.011608,0.988392,0
140830,0.089834,0.910166,0
430023,0.157178,0.842822,0
118484,0.014383,0.985617,0
237637,0.027139,0.972861,0
331705,0.018822,0.981178,0
267958,0.043564,0.956436,0
247418,0.052264,0.947736,0
111580,0.079046,0.920954,0
190015,0.013164,0.986836,0
256779,0.022252,0.977748,0
149066,0.031469,0.968531,0
408969,0.054627,0.945373,0
373033,0.176433,0.823567,0
117573,0.01376,0.98624,0
335606,0.296426,0.703574,0
412680,0.114213,0.885787,0
348986,0.090002,0.909998,0
197769,0.086449,0.913551,0
235571,0.057513,0.942487,0
358131,0.194403,0.805597,0
127224,0.058682,0.941318,0
226429,0.04287,0.95713,0
378677,0.023199,0.976801,0
359065,0.048259,0.951741,0
113620,0.022361,0.977639,0
180499,0.191687,0.808313,0
387698,0.111264,0.888736,0
384090,0.159001,0.840999,0
122403,0.082329,0.917671,0
231476,0.150131,0.849869,0
334384,0.070859,0.929141,0
412292,0.021744,0.978256,0
384929,0.035536,0.964464,0
334980,0.008164,0.991836,0
263811,0.047743,0.952257,0
203812,0.051366,0.948634,0
237405,0.016748,0.983252,0
304300,0.17488,0.82512,0
366969,0.01486,0.98514,0
380692,0.075665,0.924335,0
164024,0.054185,0.945815,0
433897,0.030156,0.969844,0
410941,0.120651,0.879349,0
417000,0.065358,0.934642,0
284956,0.210122,0.789878,0
384513,0.301518,0.698482,0
310122,0.039927,0.960073,0
350383,0.01429,0.98571,0
250792,0.088452,0.911548,0
238917,0.067315,0.932685,0
320111,0.041526,0.958474,0
410646,0.025328,0.974672,0
203817,0.011369,0.988631,0
117149,0.034404,0.965596,1
235690,0.066431,0.933569,0
109801,0.014778,0.985222,0
126333,0.024759,0.975241,1
357966,0.038336,0.961664,0
318394,0.10647,0.89353,0
397700,0.025836,0.974164,0
297599,0.020052,0.979948,0
246616,0.020799,0.979201,0
255529,0.027021,0.972979,0
177502,0.078789,0.921211,1
443238,0.060539,0.939461,1
243690,0.036975,0.963025,0
235758,0.02501,0.97499,0
218228,0.026838,0.973162,0
117126,0.054187,0.945813,0
157417,0.032822,0.967178,0
419397,0.234103,0.765897,0
423327,0.022598,0.977402,0
118281,0.012793,0.987208,0
414893,0.005287,0.994714,0
451561,0.017777,0.982223,0
351969,0.026469,0.973531,1
432727,0.02289,0.97711,0
227043,0.014637,0.985363,0
315029,0.006733,0.993266,0
362582,0.040128,0.959872,0
253283,0.016907,0.983093,0
235710,0.040985,0.959015,0
223107,0.040939,0.959061,0
205318,0.032735,0.967265,0
293077,0.012109,0.987891,0
181159,0.073046,0.926954,0
336198,0.041887,0.958114,0
193830,0.039961,0.960039,0
432592,0.026181,0.973819,0
399596,0.073281,0.926719,0
157806,0.015656,0.984344,0
388933,0.008403,0.991597,0
307411,0.017729,0.98227,0
278999,0.018761,0.981239,1
385496,0.006055,0.993945,0
210126,0.039275,0.960725,0
409713,0.040224,0.959776,1
163690,0.041324,0.958676,0
151028,0.019766,0.980234,0
222410,0.01744,0.98256,0
153102,0.021176,0.978824,0
189133,0.050073,0.949927,0
354653,0.104076,0.895924,1
254164,0.173386,0.826614,0
146133,0.194479,0.805521,0
264682,0.013526,0.986474,0
178997,0.011466,0.988534,0
194873,0.070799,0.929201,1
126337,0.02792,0.97208,0
251090,0.116095,0.883905,0
322517,0.043294,0.956706,0
442763,0.377167,0.622833,0
297137,0.021411,0.978589,1
226583,0.025652,0.974348,1
441661,0.007968,0.992032,0
110580,0.175056,0.824944,0
168523,0.010176,0.989824,0
295439,0.040114,0.959886,0
309708,0.00797,0.99203,0
408995,0.146287,0.853713,1
432334,0.1525,0.8475,1
109519,0.014011,0.985989,0
377888,0.068354,0.931646,0
390096,0.092515,0.907485,1
351773,0.004544,0.995456,0
303729,0.02593,0.97407,0
187978,0.026771,0.973228,0
273233,0.026542,0.973458,0
209066,0.027826,0.972174,0
311305,0.046515,0.953485,0
413999,0.003453,0.996547,0
181708,0.084388,0.915612,0
413763,0.133585,0.866415,1
363109,0.013937,0.986063,0
126102,0.121417,0.878583,0
169721,0.073334,0.926666,0
205108,0.033976,0.966024,0
116209,0.016781,0.983219,0
130172,0.032229,0.967771,0
141510,0.007044,0.992956,0
282755,0.030583,0.969417,0
444909,0.081709,0.918291,0
386842,0.015126,0.984874,0
160038,0.041485,0.958515,0
206613,0.041356,0.958644,0
379729,0.023969,0.976032,0
288732,0.05238,0.94762,1
187939,0.074762,0.925238,0
257481,0.046026,0.953974,0
126277,0.069039,0.930961,0
143581,0.024586,0.975414,0
179056,0.014311,0.985689,0
214183,0.040701,0.959299,0
398720,0.045471,0.954529,0
166894,0.042544,0.957456,0
351168,0.030977,0.969023,0
310671,0.241507,0.758493,0
362438,0.009011,0.990989,0
158957,0.090568,0.909432,0
194924,0.079914,0.920086,0
372826,0.024946,0.975054,0
169022,0.084372,0.915628,0
267737,0.102752,0.897248,0
168357,0.075535,0.924465,0
387667,0.04734,0.95266,0
242449,0.011972,0.988028,0
132106,0.017074,0.982926,0
428630,0.034377,0.965623,0
397232,0.01625,0.98375,0
324618,0.008863,0.991137,0
284122,0.150712,0.849288,0
405377,0.199598,0.800402,0
297557,0.02244,0.97756,0
211237,0.028917,0.971083,0
226717,0.167609,0.832391,0
342853,0.016641,0.983359,0
426355,0.029108,0.970892,0
387743,0.018698,0.981302,0
113691,0.007587,0.992413,0
270933,0.179068,0.820932,0
239278,0.060915,0.939085,0
442592,0.105928,0.894072,0
178397,0.159255,0.840745,0
235728,0.047761,0.952239,0
341763,0.105123,0.894877,0
108471,0.064947,0.935053,0
171734,0.017292,0.982708,0
234209,0.22097,0.77903,0
145892,0.091528,0.908472,0
371596,0.019792,0.980208,0
392924,0.065004,0.934996,0
334601,0.005007,0.994993,0
265656,0.005792,0.994208,0
271640,0.011703,0.988297,0
428947,0.021385,0.978615,0
269311,0.016065,0.983935,0
451279,0.120127,0.879873,0
214362,0.034155,0.965845,0
103095,0.013838,0.986162,0
107603,0.024697,0.975303,0
279640,0.0046,0.9954,0
185056,0.068699,0.931301,0
421946,0.078102,0.921898,0
409385,0.02939,0.97061,0
109823,0.025913,0.974087,1
172966,0.087462,0.912538,0
421366,0.01051,0.98949,0
215701,0.154127,0.845873,0
364688,0.007653,0.992347,0
408216,0.077572,0.922428,1
413442,0.081337,0.918663,0
417288,0.069025,0.930975,0
151003,0.077805,0.922195,0
139823,0.084775,0.915225,0
357121,0.028332,0.971668,0
430880,0.05291,0.94709,0
115643,0.007952,0.992048,0
202052,0.056255,0.943745,0
330710,0.06427,0.93573,0
216727,0.352496,0.647504,0
252067,0.192963,0.807037,1
409549,0.183424,0.816576,0
206515,0.169764,0.830236,1
163619,0.036426,0.963574,0
247034,0.43507,0.56493,0
200667,0.002528,0.997472,0
138469,0.037878,0.962122,0
259967,0.072188,0.927812,0
375754,0.062095,0.937905,0
124504,0.067878,0.932122,0
243116,0.019634,0.980366,0
126734,0.015833,0.984167,0
356623,0.006513,0.993487,0
348506,0.059728,0.940272,0
307268,0.117678,0.882322,0
277878,0.058185,0.941815,0
169494,0.075966,0.924034,0
455573,0.016786,0.983214,0
306548,0.177734,0.822266,0
119695,0.180891,0.819109,0
346005,0.078675,0.921325,0
132123,0.061249,0.938751,0
370677,0.055619,0.944381,0
111602,0.036367,0.963633,0
307296,0.099018,0.900982,0
401599,0.042424,0.957576,0
428038,0.00383,0.99617,0
371388,0.041658,0.958342,0
331356,0.02558,0.97442,0
200388,0.04683,0.95317,0
441699,0.106969,0.893031,0
268067,0.008632,0.991368,0
168177,0.055785,0.944214,0
329154,0.040887,0.959113,0
265592,0.095995,0.904005,0
419490,0.035483,0.964517,0
184828,0.059852,0.940148,0
176876,0.066347,0.933653,0
234374,0.156627,0.843373,0
328405,0.07775,0.92225,0
109283,0.003265,0.996735,0
140898,0.140316,0.859684,0
449667,0.049743,0.950257,0
392211,0.075956,0.924044,0
180532,0.100818,0.899182,0
186578,0.027151,0.972849,0
403145,0.093048,0.906952,0
390903,0.043658,0.956342,0
146611,0.006842,0.993158,0
274868,0.030555,0.969445,0
227628,0.037475,0.962525,0
301752,0.20409,0.79591,1
379836,0.042864,0.957136,0
326322,0.027225,0.972775,0
179783,0.00749,0.99251,0
404521,0.013283,0.986717,0
251634,0.063081,0.936919,0
359585,0.034016,0.965984,0
298691,0.093944,0.906056,0
206733,0.067493,0.932507,1
397514,0.015122,0.984878,0
177623,0.011443,0.988557,0
447086,0.011687,0.988313,1
446913,0.07722,0.92278,0
239763,0.073818,0.926182,0
246086,0.032128,0.967872,1
139455,0.011355,0.988645,0
352271,0.015509,0.984491,0
349493,0.064799,0.935201,0
170243,0.173797,0.826203,0
100619,0.065734,0.934266,0
430516,0.129025,0.870975,0
325775,0.01586,0.98414,0
324173,0.02679,0.97321,0
112554,0.026952,0.973048,0
333743,0.020529,0.979471,0
392978,0.083353,0.916647,0
440287,0.074303,0.925697,0
285351,0.006483,0.993517,0
328565,0.129452,0.870548,0
258959,0.033082,0.966918,0
121163,0.009338,0.990662,0
163154,0.097161,0.902839,0
438370,0.099593,0.900408,0
449341,0.064049,0.935951,0
195700,0.105876,0.894124,0
159806,0.021472,0.978528,0
388699,0.019665,0.980335,0
276979,0.009784,0.990216,0
222113,0.090733,0.909267,0
149093,0.028027,0.971973,0
326537,0.079988,0.920012,0
424037,0.034339,0.965661,1
114594,0.086352,0.913648,0
347113,0.015158,0.984842,0
291562,0.041725,0.958275,0
334560,0.045374,0.954626,0
374932,0.217371,0.782629,0
305255,0.017651,0.982349,0
224555,0.091927,0.908073,0
443706,0.068702,0.931298,0
382554,0.007375,0.992625,0
159876,0.065311,0.934689,0
181217,0.070513,0.929487,0
282327,0.094909,0.905091,0
346089,0.04239,0.95761,0
444422,0.009086,0.990914,0
232316,0.094604,0.905396,0
409244,0.041828,0.958172,0
424186,0.047919,0.952081,0
239478,0.040484,0.959516,0
430123,0.057781,0.942219,0
395483,0.017513,0.982487,0
127628,0.012604,0.987396,0
326578,0.03862,0.96138,0
294491,0.111188,0.888812,0
130323,0.108052,0.891948,0
109166,0.005611,0.994389,0
308975,0.008624,0.991376,0
113070,0.022993,0.977007,0
345661,0.023077,0.976923,0
156796,0.013172,0.986828,0
425620,0.125841,0.874159,0
261193,0.015316,0.984684,0
311340,0.024929,0.975071,0
169199,0.016048,0.983952,0
316460,0.033699,0.966302,0
444564,0.022452,0.977548,0
439466,0.087731,0.912269,0
269548,0.036839,0.963161,0
390672,0.017432,0.982568,0
252393,0.012386,0.987614,0
374264,0.020985,0.979016,0
363934,0.083581,0.916419,0
366923,0.058611,0.941389,0
231347,0.04061,0.95939,0
180572,0.085461,0.914539,0
324806,0.023386,0.976614,0
444151,0.021091,0.978909,0
431723,0.035409,0.964591,0
314058,0.101848,0.898152,0
105869,0.181424,0.818576,0
385740,0.010935,0.989064,0
118658,0.015196,0.984804,0
322910,0.137367,0.862633,0
329496,0.006772,0.993228,0
196949,0.023871,0.976129,0
230230,0.048275,0.951725,0
364515,0.068458,0.931542,0
171794,0.023332,0.976668,0
143556,0.006806,0.993194,0
396387,0.021274,0.978726,0
319535,0.012802,0.987198,0
428640,0.512435,0.487565,0
227476,0.023986,0.976014,0
324832,0.040399,0.959601,1
454185,0.045095,0.954905,0
417377,0.020674,0.979326,0
226281,0.045287,0.954713,0
223351,0.208853,0.791147,0
364159,0.147983,0.852017,0
304402,0.029865,0.970135,0
138653,0.067863,0.932137,0
183826,0.007806,0.992194,0
142769,0.127439,0.872561,1
370515,0.021234,0.978766,0
220961,0.018851,0.981149,0
162658,0.018435,0.981565,0
225951,0.014296,0.985704,0
194354,0.230971,0.769029,0
249850,0.004388,0.995612,0
451644,0.151281,0.848719,0
271714,0.009101,0.990899,0
239976,0.06928,0.93072,0
448664,0.046887,0.953113,0
431191,0.00794,0.99206,0
269557,0.08357,0.91643,0
245973,0.058862,0.941138,0
383600,0.017066,0.982934,0
249356,0.030238,0.969762,1
182636,0.010194,0.989806,0
407738,0.027637,0.972363,0
182963,0.017919,0.982081,0
142470,0.044492,0.955508,0
359646,0.009022,0.990978,0
362840,0.051332,0.948668,0
332372,0.02327,0.97673,0
342974,0.011166,0.988834,0
180051,0.097292,0.902708,0
147456,0.08713,0.91287,0
341204,0.149319,0.850681,0
389943,0.081082,0.918918,0
160150,0.049662,0.950338,0
424028,0.01084,0.98916,1
142517,0.086028,0.913972,0
205676,0.011776,0.988224,0
332408,0.048207,0.951793,0
298961,0.010561,0.989439,0
406146,0.183116,0.816884,0
329959,0.064434,0.935566,0
211277,0.115284,0.884716,0
289502,0.021744,0.978256,0
134846,0.130157,0.869843,0
353900,0.032512,0.967488,0
368213,0.039989,0.960011,0
285534,0.016794,0.983206,0
246961,0.134877,0.865123,0
336587,0.044185,0.955815,0
360771,0.087831,0.912169,0
227841,0.022067,0.977933,0
259433,0.10614,0.89386,0
205632,0.047904,0.952096,0
209020,0.029765,0.970235,0
351926,0.212265,0.787735,0
212418,0.044151,0.955849,0
341395,0.058731,0.941269,0
414245,0.007681,0.992319,1
345361,0.114565,0.885435,0
233622,0.012157,0.987843,0
398806,0.068598,0.931402,0
183869,0.042741,0.957259,0
304709,0.072589,0.927411,0
111966,0.20775,0.79225,1
338655,0.008074,0.991926,0
353722,0.071606,0.928394,0
432322,0.249822,0.750178,0
290042,0.025907,0.974093,0
113056,0.014888,0.985112,0
230997,0.06791,0.93209,0
197975,0.158468,0.841532,1
401629,0.059105,0.940895,0
382995,0.004654,0.995346,0
341693,0.044628,0.955372,1
391343,0.015582,0.984418,0
225926,0.091064,0.908936,0
395872,0.146387,0.853613,0
219100,0.062673,0.937327,0
322939,0.039399,0.960601,0
147211,0.012877,0.987123,0
176142,0.012656,0.987344,0
270878,0.035396,0.964604,0
409589,0.084574,0.915426,0
313154,0.115416,0.884584,0
341821,0.007869,0.992131,0
358707,0.051149,0.948851,0
101662,0.147017,0.852983,0
261730,0.058499,0.941501,0
377869,0.032679,0.967321,0
188292,0.033409,0.966591,0
165334,0.005043,0.994957,0
207121,0.029382,0.970618,0
377232,0.05494,0.94506,0
142116,0.117886,0.882114,0
422617,0.016334,0.983666,0
377493,0.024563,0.975437,0
398427,0.069721,0.930279,0
205794,0.152864,0.847136,0
340501,0.00742,0.99258,0
122421,0.056212,0.943788,0
406161,0.051151,0.948849,0
371877,0.102198,0.897802,0
165640,0.099965,0.900035,0
349232,0.010342,0.989658,0
330817,0.011311,0.988689,0
179311,0.008848,0.991152,0
453770,0.008608,0.991392,0
373802,0.032983,0.967017,0
365311,0.062178,0.937822,0
299173,0.051354,0.948646,0
173154,0.017627,0.982373,0
383287,0.019048,0.980952,0
284612,0.015532,0.984468,0
104396,0.177453,0.822547,0
295139,0.041514,0.958486,0
327634,0.005141,0.994859,0
104271,0.063079,0.936921,0
116212,0.187072,0.812928,0
281015,0.093051,0.906949,0
224693,0.014307,0.985693,0
172508,0.247651,0.752349,1
340756,0.02021,0.97979,0
391840,0.25047,0.74953,1
308774,0.031069,0.968931,0
159000,0.061954,0.938046,0
361317,0.017458,0.982542,0
397536,0.02579,0.97421,1
174778,0.046206,0.953794,0
295153,0.174517,0.825483,0
165160,0.011204,0.988796,0
433649,0.13886,0.86114,0
193818,0.02336,0.97664,0
375835,0.080798,0.919202,0
281105,0.006674,0.993326,0
374594,0.008733,0.991267,0
256344,0.028971,0.971029,0
277617,0.145477,0.854523,0
446881,0.050668,0.949332,0
179454,0.087125,0.912875,0
452611,0.026527,0.973473,0
235871,0.021299,0.978701,0
149078,0.037881,0.962119,0
146960,0.305333,0.694666,0
258619,0.112028,0.887972,0
258373,0.021516,0.978484,0
133376,0.017951,0.982049,0
314715,0.366875,0.633125,1
219142,0.023674,0.976326,0
343275,0.082875,0.917125,0
132973,0.164973,0.835027,1
417484,0.142151,0.857849,0
444749,0.073327,0.926673,0
262882,0.088493,0.911507,0
378633,0.015279,0.984721,0
326946,0.01276,0.98724,0
386783,0.249488,0.750512,0
404200,0.009357,0.990643,0
321191,0.019267,0.980732,0
419298,0.199333,0.800667,0
265500,0.036132,0.963868,0
319930,0.026575,0.973425,0
394573,0.046,0.954,0
338827,0.030511,0.969489,0
286008,0.022268,0.977732,0
122835,0.013753,0.986247,0
427099,0.005592,0.994408,0
175328,0.011733,0.988267,0
392620,0.017945,0.982055,0
240077,0.055408,0.944592,0
245252,0.023986,0.976014,0
192647,0.01904,0.98096,0
214872,0.003706,0.996294,0
392299,0.04786,0.95214,0
450738,0.115368,0.884632,0
352257,0.003885,0.996115,0
304036,0.040438,0.959562,0
425919,0.009871,0.990129,0
191635,0.090128,0.909872,1
226028,0.015894,0.984106,0
112858,0.145328,0.854672,0
202082,0.005747,0.994253,0
446209,0.153384,0.846616,0
445466,0.032878,0.967122,0
172213,0.046774,0.953226,0
447108,0.055199,0.944801,0
123690,0.054191,0.945809,0
421204,0.022362,0.977638,0
449539,0.056325,0.943675,0
385502,0.035285,0.964715,0
137516,0.006225,0.993775,0
427617,0.135882,0.864118,0
391537,0.056308,0.943692,0
392120,0.151962,0.848038,0
428749,0.091435,0.908565,0
147773,0.004162,0.995838,0
338334,0.214506,0.785494,0
134390,0.04992,0.95008,0
138434,0.037794,0.962206,0
159065,0.006718,0.993282,0
164880,0.086557,0.913443,0
345076,0.069636,0.930364,0
107150,0.110919,0.889081,0
387112,0.056891,0.943109,0
236385,0.024018,0.975982,0
159617,0.029578,0.970422,0
454948,0.131681,0.868319,0
134774,0.031502,0.968498,0
441203,0.060919,0.939081,0
188755,0.059451,0.940549,0
114771,0.077099,0.922901,0
274936,0.029421,0.970579,0
201697,0.053324,0.946676,0
210336,0.067437,0.932563,1
371628,0.143892,0.856108,1
215879,0.042571,0.957429,0
252202,0.064005,0.935995,0
305249,0.015584,0.984416,0
227937,0.009897,0.990103,1
265756,0.090636,0.909364,0
361556,0.007918,0.992082,0
120587,0.088515,0.911485,0
274261,0.044453,0.955547,0
192512,0.018587,0.981413,0
316079,0.078121,0.921878,0
161987,0.021088,0.978912,0
279950,0.032523,0.967477,0
294748,0.017618,0.982382,0
202808,0.007168,0.992832,0
155162,0.019154,0.980846,0
430729,0.082758,0.917242,0
213484,0.027411,0.972589,1
445569,0.091191,0.908809,0
194263,0.055759,0.944241,0
268551,0.129804,0.870196,0
378271,0.039943,0.960057,0
452868,0.187335,0.812665,0
295989,0.01222,0.98778,0
409473,0.041436,0.958564,1
120086,0.165752,0.834248,0
164610,0.027273,0.972727,0
269519,0.008916,0.991084,0
220491,0.111402,0.888598,0
282720,0.048383,0.951617,0
205772,0.028301,0.9717,0
208564,0.038977,0.961022,0
122143,0.099341,0.900659,0
201585,0.005939,0.994061,0
287674,0.029692,0.970308,0
112811,0.024702,0.975298,0
220330,0.128294,0.871706,0
358993,0.005038,0.994962,1
408684,0.190673,0.809327,0
215493,0.021203,0.978797,0
255892,0.212777,0.787223,0
241240,0.148105,0.851895,0
303324,0.003331,0.996669,0
149373,0.021103,0.978897,0
388128,0.028861,0.971139,0
380898,0.06602,0.93398,0
333838,0.154982,0.845018,0
226136,0.062174,0.937826,0
438219,0.029976,0.970024,1
261644,0.008852,0.991148,0
342190,0.013465,0.986535,0
449948,0.023339,0.976661,0
209663,0.093168,0.906832,0
439174,0.028337,0.971662,0
162279,0.119421,0.880579,0
292884,0.027817,0.972183,0
416949,0.165657,0.834343,0
390251,0.128742,0.871258,0
444860,0.036899,0.963101,0
272980,0.110083,0.889917,0
450214,0.079876,0.920124,0
146241,0.017536,0.982464,0
132830,0.027653,0.972347,0
227238,0.026225,0.973775,0
188205,0.137522,0.862478,0
421870,0.164525,0.835475,1
445251,0.0519,0.9481,0
355500,0.019553,0.980447,0
372253,0.040615,0.959385,0
184302,0.05739,0.94261,0
229189,0.04683,0.95317,0
274315,0.049354,0.950646,0
356866,0.029822,0.970178,0
328908,0.061447,0.938553,0
266818,0.074326,0.925674,0
316202,0.149135,0.850865,0
129566,0.063689,0.936312,0
221970,0.157706,0.842294,1
451621,0.004289,0.995712,0
327583,0.03959,0.96041,0
130108,0.08577,0.91423,0
294711,0.023757,0.976243,0
413556,0.2308,0.7692,1
249549,0.060161,0.939839,0
420667,0.016746,0.983254,0
238959,0.009565,0.990435,0
254725,0.037875,0.962125,0
363786,0.03751,0.96249,0
251692,0.037853,0.962147,0
397057,0.015587,0.984413,0
221695,0.023154,0.976846,0
247756,0.170083,0.829917,0
213092,0.193575,0.806425,1
313443,0.133058,0.866942,0
385655,0.010349,0.989651,0
266038,0.036956,0.963044,0
340226,0.104383,0.895617,0
194396,0.031155,0.968845,0
241915,0.078369,0.921631,0
207668,0.325471,0.674529,1
418183,0.010219,0.989781,0
191317,0.016945,0.983055,0
206055,0.011487,0.988513,0
232768,0.007686,0.992314,0
210546,0.028276,0.971724,0
170444,0.010079,0.989921,0
200961,0.156107,0.843893,0
426157,0.120425,0.879575,0
252138,0.031125,0.968875,0
119214,0.063909,0.936091,0
283092,0.042191,0.957809,0
414121,0.021849,0.978151,0
261928,0.016781,0.983219,0
249023,0.009301,0.990699,0
199569,0.007095,0.992905,0
126278,0.010656,0.989344,0
173803,0.018081,0.981919,0
142164,0.014956,0.985044,0
272832,0.0171,0.9829,0
455076,0.082919,0.917081,1
242243,0.018409,0.981591,0
275421,0.111333,0.888667,0
214522,0.013613,0.986387,0
178930,0.013503,0.986497,0
108686,0.109819,0.890181,1
429976,0.036169,0.963831,0
211535,0.040265,0.959735,0
403169,0.010169,0.989831,0
280809,0.188186,0.811814,1
295126,0.122161,0.877839,0
307700,0.037242,0.962758,1
112884,0.024163,0.975837,0
383083,0.027217,0.972783,0
231057,0.104559,0.895441,0
416998,0.012787,0.987213,0
265073,0.077783,0.922217,0
162394,0.024537,0.975463,0
134552,0.085605,0.914395,0
184942,0.010141,0.989859,0
321635,0.022673,0.977327,0
444049,0.077106,0.922894,0
117896,0.135986,0.864014,0
405941,0.071069,0.928931,0
240737,0.077249,0.922751,0
393160,0.006867,0.993133,0
204792,0.1095,0.8905,0
292027,0.022381,0.977619,0
239997,0.039435,0.960565,0
286199,0.007821,0.992179,0
332388,0.022772,0.977228,0
411413,0.12953,0.87047,0
173613,0.152312,0.847688,0
154476,0.05322,0.94678,0
174616,0.081324,0.918676,0
436675,0.100664,0.899336,0
340803,0.005149,0.994851,0
316208,0.007281,0.992719,0
254826,0.052567,0.947433,0
451742,0.006329,0.993672,0
202873,0.005611,0.994388,1
429928,0.025126,0.974874,0
142316,0.047324,0.952676,0
108858,0.037214,0.962786,0
413775,0.019703,0.980297,0
451173,0.044187,0.955813,0
441506,0.037634,0.962366,1
265769,0.00646,0.99354,0
317447,0.106875,0.893125,0
111586,0.214315,0.785685,0
305625,0.04319,0.95681,0
159822,0.183128,0.816872,1
415959,0.030786,0.969214,0
270547,0.17246,0.82754,0
118032,0.028626,0.971374,0
188020,0.01695,0.98305,0
427740,0.027753,0.972247,0
194562,0.067709,0.932291,0
295803,0.005027,0.994973,0
106922,0.052785,0.947215,0
251757,0.00346,0.99654,0
355662,0.029391,0.970609,0
385669,0.060566,0.939434,0
350116,0.096498,0.903502,0
400039,0.053057,0.946943,0
169838,0.015838,0.984162,0
158728,0.014199,0.985801,0
313277,0.085585,0.914415,0
319703,0.011131,0.988869,0
262912,0.205443,0.794557,0
402496,0.0402,0.9598,0
113040,0.0137,0.9863,0
203491,0.037867,0.962133,0
349949,0.136863,0.863137,1
156126,0.01803,0.98197,0
447944,0.004485,0.995515,0
274578,0.036753,0.963247,0
411667,0.039591,0.960409,0
405479,0.054628,0.945372,0
152380,0.092977,0.907024,0
349780,0.028841,0.971159,0
288099,0.057783,0.942217,0
455977,0.037227,0.962773,0
403494,0.076933,0.923067,0
107368,0.037938,0.962062,0
115297,0.071574,0.928426,0
333272,0.205688,0.794312,0
137376,0.041303,0.958697,0
360297,0.0796,0.9204,0
198021,0.119105,0.880895,0
267719,0.013316,0.986684,0
380353,0.006335,0.993665,0
402891,0.060513,0.939487,1
152103,0.022475,0.977525,0
165447,0.153784,0.846216,0
199219,0.021783,0.978217,0
293581,0.049422,0.950578,0
169035,0.031866,0.968134,0
313812,0.033282,0.966718,0
336164,0.045802,0.954198,0
248281,0.045135,0.954865,0
212630,0.030775,0.969225,0
317441,0.018504,0.981496,0
121097,0.075677,0.924323,1
400596,0.008538,0.991462,0
424346,0.15955,0.84045,1
242097,0.009041,0.990959,0
228263,0.01912,0.98088,0
230138,0.029587,0.970413,0
261611,0.020003,0.979997,0
324391,0.009337,0.990663,0
433377,0.04768,0.95232,0
419634,0.027409,0.972591,0
188419,0.136286,0.863714,1
409032,0.018063,0.981937,0
128575,0.031769,0.968231,0
391634,0.015514,0.984486,0
172015,0.272196,0.727804,0
324441,0.048473,0.951527,0
443104,0.336603,0.663397,0
313371,0.038721,0.961279,0
200307,0.130009,0.869991,0
166178,0.046251,0.953749,0
365209,0.034297,0.965703,0
282921,0.047781,0.952219,0
295994,0.01642,0.98358,0
255827,0.043289,0.956711,0
182311,0.035239,0.964761,0
155155,0.123172,0.876828,0
404222,0.008942,0.991058,0
307300,0.021805,0.978195,0
133290,0.019409,0.980591,0
394107,0.029662,0.970338,0
362853,0.123253,0.876747,0
280680,0.019971,0.980029,0
296704,0.106132,0.893868,0
288049,0.045448,0.954552,0
207067,0.020064,0.979936,0
304161,0.178075,0.821925,0
138482,0.13629,0.86371,0
257134,0.004798,0.995202,0
391836,0.091817,0.908183,0
305297,0.005385,0.994615,0
444098,0.100004,0.899996,0
178816,0.065086,0.934914,0
233696,0.078618,0.921382,0
386685,0.109905,0.890095,0
395679,0.0422,0.9578,0
257350,0.10685,0.89315,1
168383,0.033136,0.966864,0
223022,0.023755,0.976245,0
333643,0.117548,0.882452,0
179811,0.04598,0.95402,0
181059,0.046714,0.953286,0
270999,0.030216,0.969784,0
318537,0.09878,0.90122,0
369299,0.054606,0.945394,0
250328,0.041087,0.958913,0
157740,0.029782,0.970218,0
311686,0.017392,0.982608,0
207980,0.033213,0.966787,0
121329,0.035261,0.964739,0
323819,0.069045,0.930955,0
141710,0.036373,0.963627,0
361253,0.011032,0.988968,0
438724,0.024297,0.975703,1
316604,0.086993,0.913007,0
128413,0.031682,0.968318,0
333723,0.064332,0.935668,0
408527,0.047177,0.952823,0
309190,0.071555,0.928445,0
105281,0.074996,0.925004,0
221800,0.079965,0.920035,0
109098,0.065195,0.934805,0
247016,0.016011,0.983989,0
165113,0.056107,0.943893,0
242562,0.029973,0.970027,0
143830,0.043694,0.956306,0
184281,0.014755,0.985245,0
304246,0.016335,0.983665,0
375447,0.053852,0.946148,0
279717,0.015554,0.984446,0
368995,0.107916,0.892084,1
313274,0.103961,0.896039,0
291026,0.121595,0.878405,1
366878,0.037397,0.962603,0
162402,0.022197,0.977803,0
361944,0.081627,0.918373,1
411296,0.039524,0.960476,0
128543,0.019165,0.980835,0
219471,0.010021,0.989979,0
357189,0.008725,0.991275,0
395600,0.034989,0.965011,0
168757,0.029532,0.970468,0
248234,0.026554,0.973446,0
155762,0.042821,0.957179,0
139382,0.013713,0.986287,0
444088,0.034669,0.965331,0
293331,0.032127,0.967873,0
410344,0.114855,0.885145,0
328430,0.029465,0.970535,0
419238,0.05315,0.94685,0
150493,0.017211,0.982789,0
106743,0.01228,0.98772,0
278399,0.036197,0.963803,0
402085,0.280987,0.719013,0
117413,0.087105,0.912895,0
428652,0.123353,0.876647,0
329820,0.115487,0.884513,1
375781,0.020977,0.979023,0
416149,0.066453,0.933547,0
354590,0.190039,0.809961,1
129734,0.043649,0.956351,0
308989,0.017296,0.982704,0
403633,0.187408,0.812592,0
334329,0.008304,0.991696,0
164409,0.029074,0.970926,0
301759,0.024308,0.975692,0
400231,0.281447,0.718553,0
354132,0.039712,0.960288,0
208442,0.028969,0.971031,0
285770,0.028718,0.971282,0
227527,0.019176,0.980824,0
205465,0.097561,0.902439,0
177235,0.09417,0.90583,0
287391,0.145266,0.854734,0
270752,0.013194,0.986806,0
140068,0.233429,0.766571,1
392617,0.077023,0.922978,0
258357,0.103671,0.896329,0
348299,0.025901,0.974099,0
219896,0.083757,0.916243,0
136857,0.029873,0.970127,0
115983,0.156371,0.843628,0
135017,0.114497,0.885503,0
271272,0.013788,0.986212,0
136911,0.014426,0.985574,0
172605,0.026829,0.973171,0
108533,0.023944,0.976056,0
454465,0.01432,0.98568,0
397798,0.016252,0.983748,0
412050,0.17509,0.82491,0
325604,0.078585,0.921415,0
321103,0.054171,0.945829,0
212056,0.133387,0.866612,1
154130,0.049788,0.950212,0
138254,0.017322,0.982678,0
388369,0.155376,0.844624,0
116935,0.015664,0.984336,0
188393,0.128069,0.871931,0
270697,0.065691,0.934309,0
316232,0.089638,0.910362,0
366810,0.015321,0.984679,0
229511,0.06365,0.93635,0
173239,0.006571,0.993429,0
149867,0.033818,0.966182,0
177472,0.121941,0.878059,0
407379,0.117055,0.882945,0
406230,0.185812,0.814188,0
148041,0.007424,0.992576,0
315138,0.0249,0.9751,0
172985,0.101027,0.898973,0
340199,0.003998,0.996002,0
310325,0.099838,0.900162,0
443366,0.040374,0.959626,0
382693,0.029233,0.970767,0
161706,0.161895,0.838105,0
306885,0.117475,0.882525,1
164486,0.014064,0.985936,0
270899,0.027666,0.972334,0
140057,0.017285,0.982715,0
390630,0.07376,0.92624,0
312444,0.054371,0.945629,0
226043,0.074395,0.925605,0
341411,0.125223,0.874777,0
100703,0.01519,0.98481,0
141002,0.016926,0.983074,0
324763,0.009712,0.990288,0
395510,0.083068,0.916932,0
218549,0.011632,0.988368,0
358100,0.0631,0.9369,0
319503,0.115774,0.884226,0
217490,0.011449,0.988551,0
436604,0.033617,0.966383,0
200956,0.048212,0.951788,0
219419,0.040517,0.959483,0
327976,0.351703,0.648297,0
214829,0.039782,0.960218,0
433349,0.042191,0.957809,0
314347,0.028098,0.971902,0
123636,0.055699,0.944302,0
402315,0.032574,0.967426,0
153434,0.015469,0.984531,0
219093,0.075796,0.924204,0
203733,0.038275,0.961725,0
378779,0.039877,0.960123,0
227034,0.046189,0.953811,0
385996,0.014104,0.985896,0
232645,0.172335,0.827664,0
232490,0.101747,0.898253,0
167169,0.063525,0.936475,0
422757,0.013494,0.986506,0
113615,0.006294,0.993706,0
379307,0.02344,0.97656,0
306152,0.057844,0.942156,0
388410,0.021103,0.978897,0
298103,0.090368,0.909632,0
317683,0.014454,0.985546,0
256253,0.040365,0.959635,0
215411,0.038863,0.961137,0
154671,0.213448,0.786552,0
319283,0.046213,0.953787,0
407017,0.010243,0.989757,0
160547,0.043601,0.956399,0
341193,0.005994,0.994006,0
215284,0.0874,0.9126,0
243880,0.026642,0.973358,0
284119,0.301238,0.698762,0
227498,0.034929,0.965071,0
271574,0.183616,0.816384,0
451185,0.008128,0.991872,0
243961,0.019546,0.980454,0
417521,0.070038,0.929962,0
289992,0.013568,0.986432,0
348373,0.010847,0.989153,0
418638,0.046167,0.953833,0
156448,0.02582,0.97418,0
170653,0.102631,0.897369,1
307734,0.006355,0.993645,0
216540,0.03435,0.96565,0
396127,0.044962,0.955038,0
453360,0.011272,0.988728,0
386239,0.013807,0.986193,0
170903,0.128861,0.871139,0
211093,0.102516,0.897484,0
431769,0.011069,0.988931,0
323865,0.084924,0.915076,0
127789,0.032884,0.967116,0
375210,0.031582,0.968418,0
116887,0.042428,0.957572,0
420682,0.338172,0.661828,1
291780,0.165295,0.834705,0
354683,0.069882,0.930118,0
165829,0.03123,0.96877,0
146709,0.163049,0.836951,0
359150,0.048012,0.951988,0
131085,0.05643,0.94357,0
154581,0.118173,0.881827,1
357260,0.078151,0.921849,0
249402,0.02422,0.97578,0
158161,0.096768,0.903232,1
218438,0.007868,0.992132,0
423880,0.143853,0.856147,0
192500,0.266872,0.733128,1
423036,0.090299,0.909701,0
392823,0.03312,0.96688,0
358181,0.028389,0.971611,0
146299,0.024266,0.975734,0
356204,0.185762,0.814238,0
167796,0.022705,0.977295,0
339866,0.104625,0.895376,0
310336,0.006452,0.993548,0
227263,0.150507,0.849493,0
262215,0.085734,0.914266,0
340244,0.063785,0.936215,0
103917,0.07465,0.92535,1
405416,0.036486,0.963514,0
324292,0.035832,0.964168,0
141460,0.033977,0.966023,0
186081,0.028584,0.971416,0
249902,0.075192,0.924808,0
368148,0.023283,0.976716,0
352727,0.050348,0.949652,0
450562,0.059214,0.940786,1
290853,0.120729,0.879271,0
178492,0.124528,0.875472,0
199134,0.025479,0.974521,0
230901,0.019603,0.980397,0
215747,0.043967,0.956033,0
163364,0.044717,0.955283,0
219104,0.004763,0.995237,0
245458,0.053447,0.946553,0
267646,0.04867,0.95133,0
453315,0.03111,0.96889,0
372569,0.002796,0.997204,0
295487,0.076496,0.923504,0
126857,0.140223,0.859777,0
373951,0.109555,0.890445,0
406511,0.024324,0.975676,0
153528,0.062623,0.937377,0
207400,0.057314,0.942686,1
185484,0.032451,0.96755,0
265842,0.111143,0.888857,0
366141,0.052116,0.947884,0
443815,0.009228,0.990772,0
160425,0.033433,0.966567,1
425800,0.009584,0.990416,0
424054,0.025655,0.974345,0
389031,0.012467,0.987533,1
303985,0.064183,0.935817,0
297102,0.065154,0.934846,0
249425,0.046117,0.953883,0
130761,0.027526,0.972474,0
197900,0.188125,0.811874,0
179242,0.033766,0.966234,0
399042,0.370807,0.629193,0
443421,0.08232,0.91768,0
380642,0.007178,0.992822,0
101781,0.058121,0.941879,0
338402,0.038156,0.961844,0
231655,0.075794,0.924206,0
331747,0.061971,0.938029,0
276236,0.139942,0.860058,0
277993,0.275081,0.724919,1
187840,0.007362,0.992638,0
454545,0.016244,0.983756,0
396439,0.025483,0.974517,0
185524,0.323114,0.676886,1
270649,0.096172,0.903828,0
238016,0.01333,0.98667,0
198563,0.155622,0.844378,0
351955,0.022132,0.977868,0
437410,0.090827,0.909173,0
109076,0.080949,0.919051,0
216588,0.093578,0.906422,0
438675,0.089517,0.910483,0
294285,0.043287,0.956713,0
349585,0.153119,0.846881,1
379445,0.18844,0.81156,0
371070,0.036937,0.963063,0
400043,0.007927,0.992073,0
149177,0.019814,0.980186,0
191714,0.045207,0.954793,0
406944,0.047187,0.952813,0
420179,0.027701,0.972299,0
276553,0.01213,0.98787,0
284556,0.241491,0.758509,1
347372,0.078221,0.921779,0
197550,0.018245,0.981755,0
273963,0.281886,0.718114,0
126793,0.056898,0.943102,0
125914,0.014709,0.985291,0
320971,0.137269,0.86273,0
250152,0.022918,0.977082,0
425250,0.098145,0.901856,0
183190,0.015247,0.984753,0
248164,0.098944,0.901056,0
288985,0.035916,0.964084,1
336546,0.031005,0.968995,0
188972,0.256029,0.743971,0
226148,0.015527,0.984473,0
448233,0.011655,0.988345,0
449590,0.040692,0.959308,0
324784,0.028109,0.971891,0
116487,0.020516,0.979484,0
338376,0.152674,0.847326,0
319028,0.04225,0.95775,1
386873,0.184332,0.815668,1
263772,0.0278,0.9722,0
367445,0.044565,0.955435,0
280396,0.014498,0.985502,0
135029,0.19746,0.80254,0
197615,0.120995,0.879005,0
210298,0.078111,0.921889,0
455417,0.01369,0.98631,0
145853,0.123912,0.876088,0
298362,0.087549,0.912451,0
222124,0.109718,0.890282,0
102042,0.059207,0.940793,0
212564,0.052092,0.947908,0
358280,0.042164,0.957836,0
223232,0.020189,0.979811,0
120312,0.157801,0.842198,0
365433,0.010737,0.989263,0
367354,0.200921,0.799079,0
118662,0.029332,0.970668,0
425882,0.045401,0.954599,0
388517,0.301115,0.698885,0
145043,0.030252,0.969748,0
327157,0.041189,0.958811,0
211503,0.040113,0.959887,0
250041,0.021974,0.978026,0
277903,0.014815,0.985185,0
206189,0.021426,0.978574,0
427461,0.07346,0.92654,0
221294,0.265317,0.734683,1
438237,0.070301,0.929699,0
171627,0.040023,0.959977,0
409505,0.023462,0.976538,0
355822,0.023021,0.976979,0
116407,0.028318,0.971682,0
134990,0.007167,0.992833,0
222601,0.007956,0.992044,0
431066,0.018248,0.981752,0
444818,0.113878,0.886122,1
274276,0.072962,0.927038,0
117320,0.049762,0.950238,0
417098,0.019649,0.980351,0
184969,0.01543,0.98457,0
130725,0.011582,0.988418,0
404169,0.052758,0.947242,0
332251,0.031521,0.968479,0
301063,0.012457,0.987543,0
323163,0.101049,0.898951,0
136861,0.049654,0.950346,0
118673,0.019929,0.980071,0
345698,0.018082,0.981918,0
288235,0.226782,0.773218,0
269354,0.038788,0.961212,0
317002,0.210345,0.789655,0
234125,0.056842,0.943158,0
228938,0.030402,0.969598,0
139835,0.241069,0.758931,0
368939,0.017921,0.982079,0
375535,0.033405,0.966595,0
218076,0.068502,0.931498,0
337453,0.025646,0.974354,0
264432,0.165219,0.834781,0
167802,0.041594,0.958406,0
137213,0.010256,0.989744,0
417646,0.154673,0.845327,0
285641,0.008281,0.991719,0
419296,0.099925,0.900075,0
393426,0.230125,0.769875,0
316073,0.02504,0.97496,0
117203,0.044459,0.955541,0
159302,0.01114,0.98886,0
451118,0.019459,0.980541,0
279485,0.124396,0.875604,0
206128,0.025723,0.974277,0
237811,0.062592,0.937408,0
119245,0.043297,0.956703,0
180562,0.043056,0.956944,0
333632,0.027658,0.972342,0
165859,0.013465,0.986535,0
393098,0.016845,0.983155,0
371339,0.099116,0.900884,0
361307,0.136782,0.863218,0
373092,0.142913,0.857087,1
226293,0.029285,0.970715,0
232062,0.022618,0.977382,1
228949,0.132091,0.867909,0
261496,0.050021,0.949979,0
409470,0.029765,0.970235,0
321088,0.199154,0.800846,0
363894,0.057556,0.942444,0
302203,0.098834,0.901166,0
330114,0.052826,0.947174,0
394149,0.039733,0.960267,0
347645,0.421322,0.578678,1
144122,0.022091,0.977909,0
172787,0.136604,0.863396,0
437434,0.008044,0.991956,0
156222,0.052371,0.947629,0
387097,0.334192,0.665808,1
361598,0.009115,0.990886,0
303736,0.026833,0.973167,0
358903,0.098916,0.901084,0
217939,0.092167,0.907832,0
176001,0.005067,0.994933,0
264342,0.078792,0.921208,0
312356,0.036602,0.963398,0
333131,0.025534,0.974466,0
441485,0.012004,0.987996,0
344966,0.044423,0.955577,0
368900,0.027377,0.972623,0
454552,0.031462,0.968538,0
444594,0.01252,0.98748,0
273821,0.071051,0.928949,0
206826,0.028744,0.971256,0
385767,0.043174,0.956826,0
107236,0.041831,0.958169,0
227588,0.144999,0.855001,0
418420,0.019367,0.980633,0
199639,0.031421,0.968579,0
171136,0.038654,0.961346,0
370966,0.042298,0.957702,0
387299,0.063912,0.936088,0
126283,0.121425,0.878575,0
339115,0.163224,0.836776,0
387074,0.034472,0.965528,0
344156,0.294057,0.705943,0
389880,0.067066,0.932934,0
372492,0.058801,0.941199,0
366635,0.017786,0.982214,0
168561,0.156201,0.843799,0
442901,0.042661,0.957339,0
429090,0.050036,0.949964,0
118746,0.070727,0.929273,0
394185,0.038558,0.961442,0
359899,0.16572,0.83428,0
445019,0.006489,0.993511,0
177080,0.031538,0.968462,0
322848,0.07739,0.92261,0
301255,0.083476,0.916524,0
387221,0.046344,0.953656,0
265605,0.025005,0.974995,0
175174,0.010891,0.989108,0
411540,0.038731,0.961269,0
299153,0.023139,0.976861,0
429946,0.021197,0.978803,0
370395,0.017799,0.982201,0
267883,0.103992,0.896008,0
117763,0.024667,0.975333,0
272282,0.074437,0.925563,1
117057,0.035876,0.964124,0
175539,0.045033,0.954967,0
275432,0.021876,0.978124,0
147068,0.122768,0.877232,0
387732,0.066269,0.933731,0
305095,0.171619,0.828381,0
451295,0.050928,0.949072,0
348685,0.008484,0.991516,0
152097,0.024039,0.975961,0
437027,0.005863,0.994137,0
385708,0.08345,0.91655,0
185411,0.101611,0.898388,0
217265,0.037482,0.962518,0
236063,0.02549,0.97451,0
432643,0.008351,0.991649,0
287947,0.00846,0.99154,0
311390,0.138179,0.861821,0
140260,0.207673,0.792327,0
264355,0.089214,0.910786,0
221304,0.031127,0.968873,0
455652,0.105191,0.894809,0
235446,0.011529,0.988471,0
380446,0.021247,0.978753,0
290267,0.055846,0.944154,0
316921,0.042584,0.957416,0
248917,0.041647,0.958353,1
430723,0.039513,0.960487,0
215852,0.077314,0.922686,0
379750,0.028409,0.971591,0
397561,0.026728,0.973272,0
369483,0.015451,0.984549,0
266205,0.026581,0.973419,0
252943,0.02649,0.97351,0
211814,0.020493,0.979508,0
453788,0.01144,0.98856,0
271520,0.090537,0.909462,0
270714,0.182101,0.817899,0
368533,0.019178,0.980822,0
374100,0.042455,0.957545,1
377577,0.134895,0.865105,0
403905,0.051356,0.948644,0
220460,0.321199,0.678801,1
227718,0.022882,0.977118,0
112680,0.029852,0.970148,0
279946,0.052832,0.947168,0
202901,0.188652,0.811348,0
297512,0.027977,0.972023,0
167842,0.33355,0.66645,1
230557,0.059258,0.940742,0
177095,0.087839,0.912161,0
123418,0.065181,0.934819,0
253126,0.005889,0.994111,0
445335,0.082713,0.917287,0
447792,0.05337,0.94663,0
217878,0.05072,0.94928,0
105661,0.031733,0.968267,0
248668,0.015191,0.984809,0
234909,0.008579,0.991421,0
308049,0.057424,0.942576,0
170573,0.019128,0.980872,0
256662,0.183914,0.816086,0
399951,0.029881,0.970119,0
420032,0.107751,0.892249,0
391026,0.02425,0.97575,0
257111,0.019634,0.980366,0
152663,0.230383,0.769617,1
142425,0.127325,0.872675,1
198555,0.211926,0.788074,0
441389,0.039621,0.960379,0
446042,0.027696,0.972304,0
132067,0.134137,0.865863,0
402679,0.025548,0.974452,0
318366,0.081784,0.918216,0
402239,0.021581,0.978419,0
369007,0.029464,0.970536,1
135514,0.076167,0.923833,0
417902,0.031765,0.968235,0
386997,0.047554,0.952446,0
242462,0.037399,0.962601,0
411326,0.026447,0.973553,0
220845,0.039082,0.960918,0
452463,0.024622,0.975378,0
422273,0.018921,0.981079,0
385383,0.099327,0.900673,0
350637,0.015039,0.984962,0
436877,0.027015,0.972985,0
218557,0.097259,0.902741,0
396783,0.077206,0.922794,0
207160,0.037899,0.962101,0
184738,0.022714,0.977286,0
252872,0.016833,0.983166,1
206085,0.063803,0.936197,0
289128,0.155682,0.844318,0
276152,0.028584,0.971416,0
398517,0.023665,0.976335,0
298389,0.1857,0.8143,0
202413,0.052904,0.947096,0
432220,0.072905,0.927095,0
159685,0.029695,0.970305,0
454236,0.103809,0.896191,0
372204,0.069404,0.930596,0
414599,0.027513,0.972487,0
190051,0.012296,0.987704,0
305995,0.042741,0.957259,0
387738,0.061067,0.938933,0
155098,0.058466,0.941534,0
355690,0.08591,0.91409,0
191397,0.009068,0.990932,0
179096,0.008033,0.991967,0
136900,0.01571,0.98429,0
167702,0.018216,0.981784,0
291004,0.316434,0.683566,0
337575,0.046086,0.953914,0
124547,0.152543,0.847457,0
235964,0.058186,0.941814,0
406876,0.019179,0.980821,0
437331,0.050147,0.949853,0
257804,0.033747,0.966253,0
285693,0.060039,0.939961,1
229915,0.021813,0.978187,0
188437,0.008299,0.991702,0
156253,0.007291,0.992709,0
331617,0.012368,0.987632,0
268595,0.016284,0.983716,0
138217,0.180435,0.819565,0
424727,0.06182,0.93818,0
186849,0.028818,0.971182,0
132257,0.008082,0.991918,0
343913,0.043738,0.956262,0
282296,0.054698,0.945302,0
128750,0.039881,0.960119,0
171068,0.019569,0.980431,0
441117,0.042766,0.957234,0
437030,0.013043,0.986958,0
172610,0.055357,0.944643,0
372598,0.007331,0.992669,0
371135,0.084556,0.915444,0
280978,0.021653,0.978347,0
221934,0.131232,0.868768,0
120959,0.020169,0.979831,0
433616,0.088087,0.911913,0
368183,0.026478,0.973522,0
250699,0.163318,0.836682,0
345829,0.023211,0.976789,0
224531,0.021074,0.978926,0
448756,0.061163,0.938837,0
168306,0.144964,0.855036,0
189849,0.031801,0.968199,0
407320,0.189857,0.810143,0
432423,0.131827,0.868173,0
155943,0.034379,0.965621,0
199501,0.027175,0.972825,0
417751,0.068002,0.931998,0
195513,0.085702,0.914298,0
283599,0.033921,0.966079,0
455634,0.028749,0.971251,0
390258,0.191053,0.808947,0
157274,0.282842,0.717158,1
201071,0.037145,0.962855,0
247326,0.018199,0.981801,0
288162,0.007228,0.992772,0
372855,0.01452,0.98548,0
240961,0.070989,0.929011,1
173534,0.087194,0.912806,1
183781,0.038176,0.961824,0
151414,0.020594,0.979406,0
453032,0.022791,0.977209,0
246150,0.184766,0.815234,0
179934,0.006442,0.993558,0
421607,0.071418,0.928582,0
288654,0.052429,0.947571,0
164979,0.02876,0.97124,0
426942,0.083363,0.916637,1
103509,0.064243,0.935757,0
194780,0.00756,0.99244,0
445848,0.008268,0.991732,0
370557,0.036782,0.963218,0
372017,0.048554,0.951446,0
177757,0.087848,0.912152,0
282276,0.067441,0.932559,0
150009,0.038961,0.961039,0
104871,0.018153,0.981847,0
229372,0.030199,0.969801,0
261809,0.013398,0.986602,0
247637,0.203521,0.796479,0
213355,0.034655,0.965345,0
305694,0.074018,0.925982,0
230846,0.021255,0.978745,0
263891,0.003351,0.996649,0
158586,0.009247,0.990753,0
220712,0.243578,0.756422,1
288435,0.03939,0.96061,0
240567,0.071644,0.928356,0
164687,0.04332,0.95668,0
173705,0.125804,0.874196,0
367909,0.019941,0.980059,0
177252,0.149775,0.850225,0
435439,0.04221,0.95779,0
376866,0.062939,0.937061,1
225354,0.015602,0.984398,0
153325,0.008574,0.991426,0
132309,0.01868,0.98132,0
131590,0.068916,0.931084,0
113274,0.077083,0.922917,0
399354,0.061622,0.938378,0
299304,0.061318,0.938682,0
277751,0.021937,0.978063,0
389986,0.052858,0.947142,0
449992,0.056917,0.943083,0
208152,0.113783,0.886217,0
178044,0.017827,0.982173,0
132802,0.04549,0.95451,0
137226,0.027595,0.972405,0
450938,0.052358,0.947642,0
450597,0.040515,0.959485,0
367146,0.117364,0.882636,0
236389,0.065036,0.934964,0
325750,0.039797,0.960203,0
305576,0.018722,0.981278,0
261832,0.027609,0.972391,0
296318,0.012055,0.987945,0
165461,0.109447,0.890552,1
316588,0.042605,0.957395,1
388719,0.083736,0.916264,0
324945,0.041874,0.958126,0
158668,0.099996,0.900004,0
235945,0.01939,0.98061,0
150546,0.00609,0.99391,0
209890,0.022704,0.977296,0
307535,0.027829,0.972171,0
131673,0.060299,0.939701,1
198750,0.022911,0.977089,0
406213,0.081626,0.918374,0
404246,0.025289,0.974711,0
324186,0.18329,0.81671,0
227127,0.032344,0.967656,0
396116,0.016029,0.983971,0
290677,0.035866,0.964134,0
369459,0.026627,0.973373,0
317654,0.191351,0.808649,0
442379,0.068071,0.93193,0
396101,0.147395,0.852605,0
187736,0.017668,0.982332,0
152134,0.016844,0.983156,0
398267,0.162604,0.837396,0
228173,0.009383,0.990617,0
268124,0.039054,0.960946,0
106772,0.012087,0.987913,0
138487,0.006607,0.993392,0
304099,0.031682,0.968318,0
449679,0.04888,0.95112,0
448129,0.016018,0.983982,0
310478,0.030602,0.969398,0
237043,0.079425,0.920575,0
357375,0.069129,0.930871,0
249192,0.019243,0.980757,0
162183,0.105109,0.894891,0
207521,0.015343,0.984656,0
203024,0.004959,0.995041,0
337797,0.011841,0.988159,0
455122,0.01974,0.98026,0
398494,0.03428,0.96572,0
323102,0.013777,0.986223,0
207851,0.002794,0.997206,0
246130,0.011965,0.988035,0
167688,0.006625,0.993375,0
131451,0.013674,0.986326,0
136127,0.044073,0.955927,0
142959,0.056406,0.943594,0
408552,0.007453,0.992547,0
298081,0.009246,0.990754,0
438852,0.175299,0.824701,0
374372,0.012312,0.987688,0
354569,0.052673,0.947327,0
380294,0.016565,0.983435,0
346955,0.009307,0.990693,0
112461,0.02993,0.97007,0
427322,0.081854,0.918146,0
243370,0.086278,0.913722,0
326491,0.101291,0.898709,0
398381,0.016263,0.983737,0
441959,0.029424,0.970576,0
131927,0.024365,0.975635,0
225239,0.012474,0.987526,1
203985,0.08107,0.91893,0
207716,0.139779,0.860221,0
429369,0.261665,0.738335,0
355722,0.196263,0.803737,0
151040,0.029203,0.970797,0
282266,0.034146,0.965854,0
413557,0.035966,0.964034,0
209650,0.08998,0.91002,0
416327,0.100638,0.899362,0
196315,0.014957,0.985043,0
281807,0.094243,0.905757,0
255087,0.128708,0.871292,0
171560,0.150048,0.849952,0
372918,0.083531,0.916469,0
368412,0.011878,0.988122,0
154618,0.042164,0.957836,0
453210,0.026926,0.973074,1
387913,0.043742,0.956258,0
408212,0.155047,0.844953,0
266785,0.012353,0.987647,0
161529,0.211391,0.788609,0
297401,0.058374,0.941626,0
211121,0.014219,0.985781,0
350041,0.042928,0.957072,0
204328,0.036505,0.963495,0
250190,0.014173,0.985827,0
454408,0.028188,0.971812,0
182801,0.085719,0.914282,0
105690,0.034416,0.965584,0
244637,0.178813,0.821187,0
335118,0.005702,0.994298,0
315946,0.042445,0.957555,0
104940,0.028651,0.971349,0
444862,0.009269,0.990731,1
414582,0.032736,0.967264,0
422720,0.085696,0.914304,0
299890,0.072858,0.927142,0
273993,0.053063,0.946937,0
434490,0.012203,0.987797,0
400380,0.033437,0.966562,0
276505,0.066069,0.933931,0
411399,0.08928,0.91072,0
291244,0.022283,0.977717,0
138976,0.12767,0.87233,1
103254,0.023277,0.976723,0
420329,0.050532,0.949468,0
130763,0.028033,0.971967,0
171272,0.042801,0.957199,0
139302,0.075478,0.924522,0
259380,0.095395,0.904605,0
398492,0.017336,0.982664,0
125289,0.016596,0.983404,0
168659,0.01595,0.98405,0
211620,0.080545,0.919455,0
268005,0.067462,0.932538,0
199225,0.018316,0.981684,0
297154,0.050656,0.949344,1
424748,0.051513,0.948487,0
170922,0.018875,0.981125,0
221060,0.18052,0.81948,1
374787,0.074549,0.925451,0
252512,0.014264,0.985736,0
287295,0.034211,0.965789,0
391401,0.012453,0.987547,0
207763,0.025865,0.974136,0
349039,0.030248,0.969752,0
444785,0.049934,0.950066,0
323564,0.128641,0.871359,0
137670,0.050956,0.949044,0
217420,0.167179,0.832821,0
278780,0.143563,0.856437,0
231256,0.115686,0.884314,0
436751,0.041683,0.958317,0
177914,0.04976,0.95024,0
396146,0.132325,0.867675,0
116497,0.016119,0.983881,0
293540,0.014872,0.985128,0
381062,0.011682,0.988318,0
189329,0.309903,0.690097,1
436941,0.03848,0.96152,0
130798,0.043033,0.956966,0
367410,0.008561,0.991439,0
133452,0.024465,0.975535,1
452061,0.037071,0.962929,1
282117,0.012817,0.987183,0
252226,0.015601,0.984399,0
189232,0.013502,0.986498,0
370541,0.025386,0.974614,0
210822,0.028198,0.971802,0
400353,0.005877,0.994123,1
211677,0.012769,0.987231,0
325626,0.202249,0.797751,0
103303,0.041978,0.958022,0
146938,0.191831,0.808169,0
180427,0.027094,0.972906,0
122716,0.03796,0.96204,0
441797,0.076296,0.923704,0
258308,0.142626,0.857374,0
336753,0.004098,0.995902,0
225310,0.181456,0.818544,0
334112,0.031101,0.968899,0
224872,0.020733,0.979267,0
421340,0.073286,0.926714,0
404298,0.005598,0.994402,0
166122,0.073091,0.926909,0
338987,0.013728,0.986272,0
139400,0.230939,0.769061,0
370004,0.009476,0.990524,0
290882,0.017665,0.982335,0
359328,0.022538,0.977462,0
422261,0.091229,0.908771,1
137967,0.134479,0.865521,0
370723,0.011046,0.988954,0
416050,0.031525,0.968475,0
406166,0.010116,0.989884,0
385798,0.011234,0.988766,0
157526,0.042938,0.957062,0
418909,0.060698,0.939302,0
398948,0.187508,0.812492,0
359978,0.032612,0.967388,0
423662,0.093638,0.906362,0
179372,0.023083,0.976917,0
285357,0.017843,0.982157,0
359647,0.027706,0.972294,0
328607,0.020707,0.979293,0
237658,0.219197,0.780803,0
412510,0.078367,0.921632,0
227362,0.022386,0.977614,0
199796,0.014128,0.985872,0
313303,0.109988,0.890012,0
238547,0.033883,0.966117,0
256886,0.066397,0.933603,0
290358,0.023996,0.976004,0
267063,0.070489,0.929511,0
379568,0.015024,0.984976,0
411616,0.224527,0.775473,0
363826,0.004942,0.995058,0
263923,0.019208,0.980792,0
431738,0.053821,0.946179,0
276496,0.039215,0.960785,0
238506,0.118992,0.881008,0
439725,0.173901,0.826099,0
363682,0.024367,0.975633,0
289348,0.046345,0.953655,0
391674,0.035661,0.964339,0
169356,0.216516,0.783484,0
184012,0.008438,0.991562,0
408114,0.044935,0.955065,0
230562,0.095806,0.904194,0
115247,0.037852,0.962148,0
304689,0.036982,0.963018,0
103820,0.059949,0.940051,0
145614,0.265321,0.734679,0
155879,0.012243,0.987756,1
291179,0.020212,0.979788,0
289206,0.029635,0.970365,0
284998,0.013011,0.986989,0
396452,0.043739,0.956261,0
276595,0.024637,0.975363,0
196812,0.103381,0.896619,0
180966,0.035974,0.964026,0
159983,0.041379,0.958621,0
375359,0.090047,0.909953,0
251539,0.104735,0.895265,0
450112,0.003607,0.996393,0
373237,0.051555,0.948445,0
125048,0.092253,0.907747,0
203855,0.102839,0.897161,0
385080,0.023329,0.976671,0
431970,0.017458,0.982542,0
272780,0.032557,0.967443,1
278808,0.033438,0.966562,0
166724,0.101057,0.898943,0
311231,0.039252,0.960748,0
286700,0.045616,0.954384,0
229264,0.203602,0.796398,0
165034,0.078912,0.921088,0
162508,0.00502,0.99498,0
145571,0.151696,0.848304,1
297248,0.007002,0.992998,0
111436,0.039504,0.960496,0
337829,0.248216,0.751784,0
104416,0.010608,0.989392,0
200858,0.026861,0.973139,0
117743,0.009475,0.990525,0
355802,0.041336,0.958664,0
206737,0.021334,0.978666,0
137742,0.013969,0.986031,0
454953,0.034211,0.965789,0
346277,0.095455,0.904545,0
248660,0.021188,0.978812,0
252172,0.125379,0.874621,0
319173,0.055694,0.944306,1
431012,0.020578,0.979422,0
294887,0.109373,0.890627,0
153369,0.051411,0.948589,0
286319,0.016565,0.983435,0
269161,0.019393,0.980607,0
251523,0.056056,0.943944,0
127854,0.018237,0.981763,0
436189,0.084735,0.915265,0
234477,0.011109,0.988891,0
172055,0.029374,0.970626,0
224178,0.177425,0.822574,0
396756,0.156592,0.843408,0
327412,0.1688,0.8312,0
275830,0.271069,0.728931,1
163486,0.031253,0.968747,0
358711,0.016076,0.983924,0
303022,0.016645,0.983355,0
256463,0.005252,0.994748,0
196454,0.028852,0.971148,0
204184,0.037182,0.962818,0
233546,0.052981,0.947019,0
448434,0.048059,0.951941,0
293014,0.069936,0.930064,0
418900,0.009788,0.990212,0
200362,0.01719,0.98281,0
118688,0.05161,0.94839,0
436030,0.011567,0.988433,0
155793,0.056424,0.943576,0
330073,0.090059,0.909941,0
445931,0.080609,0.919391,0
396279,0.329129,0.670871,1
370036,0.014042,0.985958,0
214248,0.029245,0.970755,0
101850,0.030413,0.969587,0
339316,0.025057,0.974943,0
269962,0.032198,0.967802,0
286233,0.071722,0.928278,0
351268,0.01428,0.98572,0
311297,0.098859,0.901141,0
266928,0.017491,0.982509,0
281381,0.065652,0.934348,0
235429,0.092482,0.907518,0
154777,0.064391,0.935609,0
200143,0.198079,0.801921,0
455404,0.022779,0.977221,0
276259,0.01358,0.98642,0
150055,0.03716,0.96284,0
268204,0.003218,0.996782,0
327831,0.00723,0.99277,0
448705,0.076711,0.923289,0
394764,0.022549,0.977451,0
415262,0.05094,0.94906,0
292228,0.232738,0.767262,0
418019,0.058807,0.941193,0
301906,0.116638,0.883362,0
163046,0.053131,0.946869,0
162341,0.088636,0.911364,0
211063,0.041309,0.958691,0
353463,0.022382,0.977618,0
206808,0.042668,0.957332,0
388539,0.024652,0.975348,0
423058,0.012675,0.987325,0
456171,0.179868,0.820132,1
125444,0.03271,0.96729,1
126835,0.023939,0.976061,0
210193,0.165455,0.834545,0
137237,0.037145,0.962855,0
241840,0.115345,0.884655,0
122924,0.059999,0.940001,0
393023,0.02126,0.97874,0
165404,0.004174,0.995826,0
266236,0.028092,0.971908,0
420502,0.036328,0.963672,0
104477,0.032514,0.967486,0
166617,0.071396,0.928604,0
277815,0.079947,0.920053,0
401886,0.015484,0.984516,0
423376,0.068817,0.931183,0
251841,0.043849,0.956151,0
329911,0.004793,0.995207,0
122626,0.061712,0.938288,0
144553,0.052316,0.947684,0
267428,0.144908,0.855092,0
320107,0.100087,0.899913,0
333880,0.060178,0.939822,0
225943,0.037316,0.962684,0
185455,0.01274,0.98726,0
409258,0.08852,0.91148,0
344223,0.010668,0.989332,0
183392,0.036446,0.963554,0
193986,0.014733,0.985267,0
324737,0.038345,0.961655,0
243317,0.040087,0.959913,0
425098,0.094065,0.905936,0
292172,0.034346,0.965654,0
264225,0.081802,0.918198,0
359514,0.021632,0.978368,0
306082,0.333613,0.666387,0
426083,0.04083,0.95917,0
230626,0.013714,0.986286,1
106969,0.024506,0.975494,0
220838,0.034867,0.965133,0
420599,0.054676,0.945324,0
278551,0.19632,0.80368,0
218264,0.043669,0.956331,0
323750,0.005697,0.994303,0
372202,0.012326,0.987674,0
200212,0.019833,0.980167,0
279785,0.050167,0.949833,0
128901,0.05586,0.94414,0
295379,0.01308,0.98692,0
110921,0.028124,0.971876,0
363775,0.164261,0.835739,0
379216,0.011637,0.988362,0
208671,0.023093,0.976907,0
212452,0.060932,0.939068,1
372500,0.069711,0.930289,0
373960,0.055991,0.944009,0
173514,0.034423,0.965577,0
326498,0.028357,0.971643,0
436650,0.018983,0.981017,1
279729,0.024295,0.975705,0
250292,0.029105,0.970895,0
414950,0.014517,0.985483,0
442098,0.138328,0.861672,0
118769,0.005659,0.994341,0
135658,0.016084,0.983916,0
270260,0.107087,0.892913,0
233992,0.011091,0.988909,0
432038,0.07016,0.92984,0
186197,0.187392,0.812608,0
123833,0.011789,0.988211,0
198297,0.007157,0.992843,0
248197,0.05131,0.94869,0
362888,0.201392,0.798608,0
349818,0.031206,0.968794,0
387946,0.152272,0.847728,0
129129,0.027837,0.972163,0
335701,0.021356,0.978644,0
127431,0.01486,0.98514,0
251459,0.020629,0.979371,0
429176,0.032799,0.967201,0
354819,0.089419,0.910581,0
204810,0.099755,0.900245,1
419763,0.09302,0.90698,0
270832,0.012106,0.987894,0
357300,0.075378,0.924622,0
282280,0.062275,0.937725,0
125330,0.113692,0.886308,0
224569,0.022669,0.977331,0
377418,0.007122,0.992878,0
123983,0.008554,0.991446,0
361845,0.025255,0.974745,0
246940,0.253702,0.746298,0
338667,0.016685,0.983315,0
351060,0.012884,0.987116,0
241541,0.263613,0.736387,0
311925,0.088863,0.911137,1
202030,0.077588,0.922412,0
387555,0.050653,0.949347,0
289461,0.03505,0.96495,0
246450,0.012327,0.987673,0
309020,0.207997,0.792003,1
230175,0.054349,0.945651,0
443554,0.017805,0.982195,0
191193,0.021651,0.978349,0
378230,0.016305,0.983695,0
314703,0.005193,0.994807,0
137643,0.11269,0.88731,0
166034,0.173136,0.826864,0
413286,0.17669,0.82331,1
408047,0.16413,0.83587,0
251545,0.245166,0.754834,0
164794,0.05625,0.94375,1
443663,0.044403,0.955597,0
330601,0.024403,0.975597,0
284831,0.006261,0.993739,0
220162,0.021788,0.978212,0
128093,0.031749,0.968251,0
207068,0.028561,0.97144,0
421137,0.00914,0.99086,0
393447,0.188118,0.811882,0
366085,0.009453,0.990547,0
362602,0.036722,0.963278,0
442174,0.033005,0.966995,0
321177,0.05579,0.94421,0
135443,0.007862,0.992138,0
329115,0.128272,0.871728,0
154363,0.181981,0.818019,0
121977,0.015223,0.984777,0
172085,0.116897,0.883103,1
331238,0.011954,0.988046,0
267551,0.024841,0.975159,0
246393,0.010069,0.989931,0
120213,0.020951,0.979049,0
112454,0.03826,0.96174,0
303359,0.025961,0.974039,0
369600,0.023887,0.976113,0
328004,0.090611,0.909389,0
356969,0.01643,0.98357,0
282875,0.036781,0.963218,0
242783,0.137434,0.862566,0
277050,0.005678,0.994322,0
104760,0.045381,0.954619,0
398419,0.058338,0.941662,0
301082,0.063358,0.936642,0
436179,0.030026,0.969974,0
448067,0.271207,0.728793,0
396338,0.038835,0.961165,0
327740,0.013068,0.986932,0
407493,0.008007,0.991993,0
170667,0.046713,0.953287,0
240061,0.078529,0.921471,0
366868,0.036843,0.963157,1
259651,0.215874,0.784126,1
148757,0.050763,0.949237,0
149993,0.018484,0.981516,0
363619,0.083851,0.916149,0
395404,0.009401,0.990599,0
436384,0.032762,0.967238,0
109934,0.055834,0.944166,0
390608,0.114483,0.885517,0
395760,0.026737,0.973263,0
364560,0.014483,0.985517,0
264743,0.068614,0.931386,0
184440,0.057404,0.942596,0
278146,0.004995,0.995005,0
171515,0.089699,0.910301,0
306295,0.090138,0.909862,0
113122,0.193977,0.806023,1
113351,0.073758,0.926242,0
408771,0.158716,0.841284,0
441668,0.06452,0.93548,0
352547,0.068673,0.931326,0
427207,0.012183,0.987817,0
185794,0.005642,0.994358,0
212060,0.066589,0.933411,0
154716,0.046932,0.953068,0
116033,0.006819,0.993181,0
375560,0.072819,0.927181,1
153225,0.061304,0.938696,0
105329,0.022498,0.977502,0
273273,0.046582,0.953418,1
384526,0.012438,0.987562,0
234606,0.040045,0.959955,0
247514,0.009336,0.990664,0
158809,0.077186,0.922814,1
310727,0.065982,0.934018,0
336864,0.02725,0.97275,0
201854,0.017396,0.982604,0
238934,0.030343,0.969657,0
351236,0.017784,0.982216,0
263699,0.063583,0.936417,0
423093,0.029631,0.970369,0
315594,0.047444,0.952556,0
108567,0.005072,0.994928,0
271689,0.09842,0.90158,0
138525,0.176412,0.823588,0
276076,0.008215,0.991785,0
173818,0.033448,0.966552,0
451539,0.216804,0.783196,0
278009,0.106452,0.893548,1
190506,0.050018,0.949982,1
238960,0.019457,0.980543,0
125065,0.018484,0.981516,0
289550,0.088618,0.911382,0
323412,0.094283,0.905717,0
401079,0.117511,0.882489,0
418411,0.100726,0.899274,0
422310,0.0209,0.9791,0
444108,0.024008,0.975992,0
268686,0.01818,0.98182,0
412575,0.053605,0.946395,0
192533,0.163839,0.836161,1
111292,0.014172,0.985828,0
252688,0.011748,0.988252,0
388288,0.059507,0.940493,0
337762,0.086321,0.913679,0
444712,0.044918,0.955082,0
199113,0.018937,0.981063,0
159054,0.092502,0.907498,0
408117,0.014011,0.985989,0
423447,0.128634,0.871366,0
445795,0.021432,0.978568,0
419474,0.006055,0.993944,0
104918,0.095863,0.904137,1
439584,0.040283,0.959717,0
305010,0.164188,0.835812,0
220295,0.012689,0.987311,0
430523,0.084076,0.915924,0
149462,0.128291,0.871709,1
209310,0.009241,0.990759,0
137887,0.163199,0.836801,0
325461,0.011636,0.988364,0
239372,0.159371,0.840629,0
374467,0.019448,0.980552,0
146393,0.032047,0.967953,0
368073,0.020087,0.979913,0
121886,0.080103,0.919897,0
396189,0.218229,0.781771,1
325177,0.104828,0.895172,0
123142,0.018239,0.981761,0
165856,0.03555,0.96445,0
175996,0.085614,0.914386,0
101369,0.04449,0.95551,0
364672,0.142238,0.857762,1
202291,0.045139,0.954861,0
372698,0.067716,0.932284,0
347352,0.006518,0.993482,0
147717,0.072755,0.927245,1
123632,0.021295,0.978705,0
330641,0.131136,0.868864,0
190083,0.120206,0.879794,0
401766,0.037672,0.962328,0
417210,0.028693,0.971307,0
397078,0.015848,0.984152,0
413109,0.034889,0.965111,0
429039,0.056923,0.943077,0
381377,0.017595,0.982405,0
172705,0.00626,0.99374,0
164943,0.023371,0.976629,0
117415,0.020063,0.979937,0
162304,0.062896,0.937104,0
406144,0.144717,0.855283,0
243024,0.087962,0.912038,0
144117,0.063393,0.936607,0
137318,0.033504,0.966496,0
354395,0.040409,0.959591,0
289011,0.038852,0.961148,0
183846,0.163785,0.836215,0
280492,0.097028,0.902972,1
110796,0.018292,0.981708,0
147262,0.014272,0.985728,0
232146,0.01276,0.98724,0
234253,0.093912,0.906088,0
119235,0.016479,0.983521,0
353800,0.063597,0.936403,0
113763,0.01405,0.98595,0
216109,0.067979,0.932021,0
330768,0.05843,0.94157,0
252756,0.064299,0.935701,0
117673,0.080499,0.919501,1
245691,0.138172,0.861828,0
153044,0.028152,0.971848,0
308676,0.029142,0.970858,0
324083,0.009519,0.990481,0
259094,0.016132,0.983868,0
244951,0.017764,0.982236,0
241129,0.026649,0.973351,0
175619,0.024391,0.975609,0
145143,0.020161,0.979839,0
162413,0.04368,0.95632,0
122436,0.016529,0.983471,0
393569,0.088219,0.911781,0
263405,0.117999,0.882001,0
448956,0.142617,0.857383,0
139873,0.013387,0.986613,0
397914,0.005709,0.994292,0
156566,0.153928,0.846072,0
300929,0.059042,0.940958,0
396083,0.011774,0.988226,1
383575,0.050231,0.949769,0
283910,0.076047,0.923952,0
301314,0.016193,0.983807,0
411703,0.036777,0.963223,0
302107,0.069569,0.930431,0
386902,0.067635,0.932365,0
252804,0.007579,0.992421,0
424247,0.235717,0.764283,0
232283,0.014039,0.985961,0
259676,0.159833,0.840167,1
335175,0.022178,0.977822,0
220757,0.070965,0.929035,0
380666,0.106097,0.893903,0
239860,0.09006,0.90994,0
191197,0.021252,0.978748,0
241227,0.027479,0.972521,0
318069,0.07352,0.92648,0
286365,0.031338,0.968662,0
141162,0.076177,0.923824,0
310315,0.029312,0.970688,0
141408,0.039725,0.960275,0
164069,0.016676,0.983324,0
314866,0.099383,0.900617,0
154087,0.067529,0.932471,0
342241,0.028991,0.971009,0
156259,0.014144,0.985856,0
259643,0.076415,0.923585,0
382905,0.104004,0.895996,0
424228,0.02987,0.97013,0
317359,0.080934,0.919066,0
420500,0.011502,0.988498,0
380440,0.005993,0.994007,0
250052,0.120512,0.879488,0
442324,0.096633,0.903367,0
277891,0.037616,0.962384,0
380713,0.033846,0.966154,0
105475,0.037268,0.962732,0
175317,0.050084,0.949916,0
128904,0.181791,0.818209,0
202948,0.123254,0.876746,0
321072,0.118806,0.881194,1
285637,0.023898,0.976102,0
231621,0.112356,0.887644,0
173317,0.021974,0.978026,0
291415,0.02473,0.97527,0
449681,0.076928,0.923072,0
157022,0.075043,0.924957,0
359061,0.012826,0.987174,0
357778,0.011057,0.988943,0
300498,0.118067,0.881933,0
412524,0.100198,0.899802,0
437634,0.131582,0.868418,0
390518,0.036253,0.963747,0
257373,0.112409,0.887591,0
131795,0.026766,0.973234,0
155897,0.041779,0.958221,0
305652,0.076133,0.923867,0
265859,0.005876,0.994124,0
201999,0.091022,0.908978,0
321305,0.189143,0.810857,0
128012,0.044117,0.955883,0
392044,0.005844,0.994156,0
432049,0.027763,0.972237,0
151211,0.131067,0.868933,0
241079,0.04744,0.95256,0
162310,0.039812,0.960188,0
391066,0.065682,0.934318,0
309188,0.013251,0.986749,0
254619,0.006487,0.993513,0
189629,0.192775,0.807225,0
421786,0.119478,0.880522,0
440817,0.046305,0.953695,0
320525,0.019549,0.980451,0
123307,0.015647,0.984353,0
392392,0.075008,0.924992,0
130872,0.012515,0.987485,0
450211,0.08638,0.91362,0
345926,0.032848,0.967152,0
202330,0.169335,0.830665,0
266282,0.199207,0.800793,1
291215,0.134871,0.865129,0
304845,0.124647,0.875353,0
111539,0.010181,0.989819,0
301709,0.014453,0.985548,0
159706,0.009122,0.990878,0
330377,0.069348,0.930652,0
294009,0.023818,0.976182,0
102366,0.143919,0.856081,0
106137,0.051562,0.948438,0
345175,0.089713,0.910287,0
422678,0.037311,0.962689,0
204400,0.020885,0.979115,0
112457,0.049589,0.950411,0
108647,0.105905,0.894095,0
248428,0.042544,0.957456,0
370864,0.019136,0.980864,0
109439,0.003777,0.996223,0
213909,0.02948,0.97052,0
233044,0.115843,0.884157,0
429588,0.023312,0.976688,0
224803,0.109325,0.890675,0
442629,0.082486,0.917514,0
420818,0.043413,0.956587,0
118684,0.081698,0.918302,0
410366,0.017852,0.982148,0
182657,0.096563,0.903437,0
350686,0.040718,0.959282,0
213218,0.005977,0.994023,0
293428,0.043557,0.956443,0
423071,0.022524,0.977476,0
110804,0.016793,0.983207,0
380091,0.179548,0.820452,0
318567,0.009726,0.990274,0
425661,0.013146,0.986854,0
426152,0.082245,0.917755,0
449384,0.05332,0.94668,0
224284,0.003304,0.996696,0
117361,0.006648,0.993352,0
302234,0.161178,0.838822,1
159484,0.004258,0.995742,0
263623,0.207901,0.792099,1
383156,0.0581,0.9419,0
271666,0.026524,0.973476,0
169063,0.048715,0.951285,0
283622,0.087418,0.912582,0
215673,0.034538,0.965462,0
419078,0.01814,0.98186,0
287475,0.007454,0.992546,0
266314,0.012283,0.987717,0
138146,0.355695,0.644305,0
193865,0.027022,0.972978,0
195608,0.008469,0.991531,0
180346,0.028075,0.971925,0
308970,0.026548,0.973452,0
404245,0.033538,0.966462,0
198267,0.13661,0.86339,0
370892,0.027129,0.97287,0
368396,0.065056,0.934944,0
409304,0.101193,0.898807,0
166586,0.013141,0.986859,0
274730,0.058798,0.941202,0
432502,0.02877,0.97123,0
176388,0.046513,0.953487,0
387914,0.097527,0.902473,0
360897,0.02309,0.97691,0
423527,0.195856,0.804144,1
447002,0.007053,0.992947,0
446494,0.062798,0.937202,0
263543,0.01267,0.98733,0
264186,0.023669,0.976331,0
294072,0.07901,0.92099,0
381125,0.05075,0.94925,0
232222,0.393091,0.606909,1
314801,0.020473,0.979527,0
359960,0.03821,0.96179,0
124190,0.036359,0.963641,1
171377,0.026528,0.973472,1
264073,0.049598,0.950402,0
252654,0.012909,0.987091,0
293007,0.129286,0.870714,1
105479,0.020865,0.979135,0
232407,0.235894,0.764106,0
343281,0.122592,0.877408,0
159020,0.03639,0.96361,0
359854,0.011251,0.988749,0
229528,0.003689,0.996311,0
170595,0.019458,0.980542,0
149250,0.015983,0.984017,0
267538,0.080233,0.919767,0
235195,0.018095,0.981905,0
119447,0.098406,0.901594,0
182134,0.17604,0.82396,0
264304,0.04145,0.95855,0
282546,0.012902,0.987098,0
215709,0.033313,0.966687,0
405681,0.098045,0.901955,0
414284,0.015358,0.984642,0
451583,0.052567,0.947434,1
387911,0.017587,0.982413,0
432008,0.093945,0.906055,1
275058,0.021303,0.978696,0
101865,0.007536,0.992464,0
408082,0.029516,0.970484,0
272919,0.049388,0.950612,0
182499,0.028027,0.971973,0
323664,0.027267,0.972733,0
325015,0.062272,0.937728,0
128609,0.036111,0.963889,0
197977,0.113143,0.886857,0
251993,0.115245,0.884755,0
110119,0.217185,0.782815,1
437873,0.230168,0.769832,0
195916,0.032363,0.967637,0
221569,0.018302,0.981698,0
403767,0.059168,0.940832,0
227974,0.08736,0.91264,0
218689,0.036146,0.963854,0
430029,0.155995,0.844005,0
313150,0.078576,0.921424,0
351441,0.055787,0.944213,0
238430,0.031313,0.968687,0
152287,0.009014,0.990986,0
215497,0.042082,0.957918,0
123206,0.097875,0.902125,0
295805,0.100687,0.899313,0
234844,0.082445,0.917555,0
143919,0.015959,0.984041,0
107167,0.359114,0.640886,0
266431,0.021473,0.978527,0
160632,0.087937,0.912064,0
363272,0.146252,0.853748,1
151952,0.150742,0.849258,0
429826,0.016389,0.983611,0
158143,0.017297,0.982703,0
259787,0.188033,0.811967,0
325248,0.096846,0.903154,0
416532,0.064838,0.935162,0
198316,0.013199,0.986801,0
316393,0.102878,0.897122,0
149910,0.085332,0.914668,0
372216,0.05183,0.94817,0
389990,0.033401,0.966598,0
275599,0.063069,0.936931,0
333616,0.042088,0.957912,1
193276,0.01891,0.98109,0
426341,0.022344,0.977656,0
406432,0.011134,0.988866,1
208537,0.048404,0.951596,0
330879,0.015283,0.984717,0
164937,0.040762,0.959238,0
274663,0.115721,0.884279,0
222539,0.016674,0.983326,0
254768,0.01401,0.98599,0
451000,0.015901,0.984099,0
329465,0.035678,0.964322,0
299001,0.305671,0.694329,0
359843,0.016389,0.983611,0
267740,0.106821,0.893179,0
168619,0.032196,0.967804,0
373569,0.036612,0.963388,0
359604,0.029816,0.970184,0
121922,0.097025,0.902975,1
269854,0.02066,0.97934,0
117723,0.024724,0.975276,0
145208,0.028998,0.971002,0
327369,0.009705,0.990295,0
296358,0.01964,0.98036,1
402142,0.097882,0.902118,0
183531,0.017107,0.982893,0
163443,0.007724,0.992276,0
334047,0.060463,0.939537,0
206761,0.071046,0.928954,0
183502,0.003132,0.996868,0
420955,0.090471,0.909529,0
402072,0.016437,0.983563,0
422691,0.042314,0.957686,0
114355,0.010345,0.989655,0
141040,0.12697,0.87303,0
159506,0.023442,0.976558,0
128490,0.010833,0.989167,0
189190,0.033135,0.966865,0
213346,0.084057,0.915943,0
139242,0.098972,0.901028,0
228498,0.132851,0.867149,0
296277,0.055326,0.944674,1
201533,0.041667,0.958333,0
207137,0.01129,0.98871,0
245571,0.110081,0.889919,0
147055,0.343141,0.656859,0
342444,0.123052,0.876948,0
375262,0.032043,0.967957,0
367309,0.05591,0.94409,0
158071,0.103744,0.896256,0
439439,0.066287,0.933714,0
369642,0.057176,0.942824,0
343506,0.040119,0.959881,0
381688,0.054924,0.945076,0
448024,0.091685,0.908315,0
263259,0.033263,0.966737,0
379833,0.02295,0.97705,0
292556,0.006907,0.993093,0
126628,0.13212,0.86788,1
202553,0.035421,0.964579,0
114793,0.053245,0.946755,0
320483,0.016574,0.983426,0
246370,0.024567,0.975433,0
118318,0.05515,0.94485,0
179892,0.050326,0.949674,0
227119,0.025404,0.974596,0
187520,0.066935,0.933065,0
275853,0.024775,0.975225,0
306991,0.017543,0.982457,0
267481,0.133731,0.866269,1
302486,0.028923,0.971077,0
340148,0.031072,0.968928,0
273025,0.087214,0.912786,0
323794,0.029594,0.970406,0
230718,0.016186,0.983814,0
382458,0.013814,0.986186,0
439273,0.038053,0.961947,0
160384,0.02093,0.97907,0
134957,0.037448,0.962552,0
253737,0.242971,0.757029,0
120552,0.044472,0.955528,0
288144,0.058328,0.941672,0
429805,0.01196,0.98804,0
345290,0.004614,0.995386,0
319918,0.004508,0.995492,0
272559,0.045506,0.954494,0
343761,0.012381,0.987619,0
155129,0.058742,0.941258,1
179294,0.054802,0.945198,0
127589,0.007415,0.992584,0
360895,0.024416,0.975584,0
182877,0.013907,0.986093,0
313010,0.022713,0.977287,0
205816,0.065203,0.934797,0
333823,0.012404,0.987596,0
357404,0.014161,0.985839,0
246257,0.071482,0.928518,0
283652,0.025177,0.974823,0
316020,0.119605,0.880395,1
413680,0.01856,0.98144,0
284379,0.205286,0.794714,0
152138,0.14421,0.85579,0
369705,0.004593,0.995407,0
206754,0.020079,0.979921,0
161121,0.032231,0.967769,0
282574,0.034751,0.965249,0
109121,0.021652,0.978348,0
426592,0.012012,0.987988,0
434923,0.032936,0.967064,0
284394,0.059529,0.940472,0
307696,0.016186,0.983814,0
338611,0.019231,0.980769,1
192661,0.037086,0.962914,0
268297,0.061401,0.938599,0
318974,0.080967,0.919033,0
255395,0.072883,0.927117,0
330210,0.138101,0.861899,0
366023,0.011827,0.988173,0
392457,0.108055,0.891945,0
264649,0.041265,0.958735,0
298262,0.02693,0.97307,0
218761,0.085473,0.914527,0
455847,0.138416,0.861584,0
349564,0.013591,0.986409,0
233861,0.259717,0.740283,0
395145,0.010693,0.989307,0
296011,0.151498,0.848502,0
197124,0.03998,0.96002,0
216513,0.113676,0.886324,0
220414,0.022978,0.977022,0
139766,0.175252,0.824748,0
176222,0.042307,0.957693,0
287730,0.126946,0.873054,1
290499,0.032168,0.967832,0
325862,0.012705,0.987295,0
191693,0.084935,0.915065,0
403131,0.090448,0.909552,0
322813,0.050377,0.949623,0
125621,0.140318,0.859682,0
251431,0.005349,0.994651,0
345384,0.1941,0.8059,0
431640,0.0471,0.9529,0
128881,0.032378,0.967622,0
328189,0.040179,0.959821,0
328014,0.01948,0.98052,0
430100,0.095026,0.904974,0
330416,0.033982,0.966018,0
171901,0.035987,0.964013,0
344518,0.084567,0.915433,0
219335,0.018132,0.981868,0
101954,0.013251,0.986748,0
432268,0.012624,0.987376,0
273404,0.006952,0.993048,0
302022,0.035867,0.964133,0
240895,0.027069,0.972931,0
137309,0.015959,0.984041,0
207239,0.045217,0.954783,0
261633,0.049533,0.950467,0
436301,0.055337,0.944663,0
370823,0.044174,0.955826,0
352852,0.016235,0.983765,0
431061,0.037359,0.962641,0
386218,0.159202,0.840798,1
436605,0.014633,0.985367,0
164289,0.003644,0.996356,0
422916,0.116178,0.883822,0
385454,0.068724,0.931276,0
142032,0.038622,0.961378,0
115967,0.028567,0.971434,0
318141,0.007795,0.992205,0
195500,0.019323,0.980677,0
327441,0.138343,0.861658,1
356284,0.023935,0.976065,0
132831,0.017512,0.982488,0
180231,0.037793,0.962207,0
140082,0.072837,0.927164,1
418934,0.033009,0.966992,0
207152,0.073887,0.926113,0
264723,0.033844,0.966156,0
444086,0.054435,0.945565,0
431316,0.004475,0.995525,0
200072,0.130853,0.869147,0
176182,0.187967,0.812033,0
251553,0.235081,0.764919,0
430144,0.022445,0.977555,0
132282,0.051837,0.948163,0
159394,0.154896,0.845104,0
285520,0.111114,0.888886,0
364530,0.173063,0.826937,0
252109,0.028119,0.971882,0
166975,0.218779,0.781221,1
327197,0.008634,0.991366,0
287749,0.054642,0.945358,0
276914,0.118924,0.881076,1
353295,0.030479,0.969521,0
376694,0.044478,0.955522,0
409894,0.105894,0.894106,0
411079,0.026948,0.973052,0
249910,0.030241,0.969759,0
215654,0.117141,0.882859,0
160925,0.043147,0.956853,0
154420,0.172856,0.827144,0
146782,0.192809,0.807191,0
372079,0.103865,0.896135,0
142777,0.013144,0.986856,0
287232,0.064133,0.935867,1
372357,0.039435,0.960565,1
407265,0.049231,0.950769,0
422676,0.007708,0.992292,0
386227,0.252417,0.747583,1
177808,0.049362,0.950638,0
324151,0.045664,0.954336,0
426990,0.014965,0.985035,0
134613,0.209271,0.790729,0
444819,0.019745,0.980255,0
367293,0.01673,0.98327,0
114394,0.018163,0.981837,0
298522,0.019555,0.980445,0
122536,0.044171,0.955829,0
287415,0.011123,0.988877,0
338359,0.029409,0.970591,0
264570,0.110898,0.889102,0
129971,0.122007,0.877993,0
347791,0.056827,0.943173,0
290008,0.008826,0.991174,0
238916,0.014814,0.985186,0
330203,0.048764,0.951236,0
115825,0.02669,0.97331,0
201438,0.06514,0.93486,0
383773,0.051631,0.948369,0
226055,0.053035,0.946965,0
174350,0.064857,0.935142,0
162121,0.011399,0.988601,0
399750,0.076834,0.923166,0
210319,0.013543,0.986457,0
292063,0.009371,0.990629,0
380750,0.020331,0.979669,0
158821,0.019284,0.980716,1
123016,0.051729,0.948271,0
279978,0.032307,0.967693,1
237382,0.02293,0.97707,1
298788,0.078035,0.921965,0
266371,0.035108,0.964892,0
211989,0.042699,0.957302,0
149117,0.011549,0.988451,0
222722,0.007042,0.992958,1
366176,0.010435,0.989565,0
349794,0.053697,0.946303,0
278058,0.047292,0.952708,0
316309,0.13491,0.86509,0
251571,0.017115,0.982885,0
455724,0.009809,0.990191,0
176338,0.085095,0.914905,0
264019,0.019645,0.980355,0
151407,0.106883,0.893117,1
186607,0.058216,0.941784,0
300093,0.079167,0.920833,0
269116,0.027103,0.972896,0
438449,0.007192,0.992808,0
126477,0.144389,0.855611,1
431739,0.136627,0.863373,0
105283,0.130886,0.869114,0
148990,0.200952,0.799048,1
451882,0.012605,0.987395,0
431681,0.047286,0.952714,0
122665,0.005553,0.994447,0
303514,0.017342,0.982658,1
369257,0.004996,0.995004,0
336853,0.042622,0.957378,0
430041,0.147525,0.852475,0
361116,0.025883,0.974117,0
221765,0.240429,0.759571,0
319317,0.017029,0.982971,0
324691,0.007771,0.992229,0
383951,0.105414,0.894586,1
353466,0.146432,0.853568,1
164835,0.037572,0.962428,0
373220,0.054378,0.945622,0
217726,0.005917,0.994083,1
335522,0.061799,0.938201,0
203690,0.110033,0.889967,0
379041,0.049425,0.950575,0
315031,0.042934,0.957066,0
388895,0.043619,0.956382,0
315085,0.01398,0.98602,0
171036,0.010745,0.989255,0
106935,0.016274,0.983726,0
222908,0.043412,0.956588,0
157718,0.081927,0.918072,0
379245,0.162403,0.837597,1
362370,0.015529,0.984471,0
334905,0.034508,0.965492,0
312780,0.0365,0.9635,0
348765,0.025997,0.974003,0
366200,0.022411,0.977589,0
208752,0.017951,0.982049,0
331894,0.007858,0.992142,0
329852,0.08829,0.91171,0
270708,0.033289,0.966711,0
375095,0.004357,0.995643,0
409788,0.003924,0.996076,0
102848,0.292576,0.707424,0
178599,0.231011,0.768989,0
256905,0.142813,0.857187,0
395614,0.023459,0.976541,0
351434,0.049713,0.950287,0
240242,0.009874,0.990126,0
127277,0.037325,0.962675,0
147593,0.079656,0.920344,1
115981,0.021372,0.978628,0
270500,0.306114,0.693886,0
350930,0.053639,0.946361,0
363177,0.046849,0.953151,0
356945,0.136441,0.863559,1
250395,0.025269,0.974731,0
241167,0.290575,0.709425,0
280037,0.115715,0.884285,0
111750,0.024013,0.975987,0
276662,0.031577,0.968423,0
223884,0.004892,0.995108,0
149257,0.09529,0.90471,0
161731,0.048235,0.951765,0
263360,0.009332,0.990668,0
272022,0.227798,0.772202,0
223766,0.060423,0.939577,1
221192,0.030247,0.969753,0
140859,0.072197,0.927803,0
303158,0.021664,0.978336,0
357160,0.047473,0.952527,0
272711,0.013258,0.986742,0
187112,0.017203,0.982797,0
325526,0.218475,0.781525,0
394704,0.051506,0.948494,0
297916,0.008387,0.991613,0
260138,0.030124,0.969876,1
405123,0.032081,0.967919,0
162244,0.047361,0.952639,0
396881,0.049931,0.950069,0
220941,0.082949,0.917051,0
455755,0.18473,0.81527,0
226601,0.049685,0.950315,1
254240,0.02307,0.97693,0
260365,0.004576,0.995424,0
207611,0.020281,0.979719,0
183804,0.111957,0.888043,0
185929,0.018532,0.981468,0
244621,0.061421,0.938579,0
356458,0.078555,0.921446,0
100698,0.084239,0.915761,0
448385,0.015015,0.984985,0
429977,0.023168,0.976832,0
426347,0.076973,0.923027,0
100276,0.089428,0.910572,0
206816,0.06377,0.93623,0
430693,0.137933,0.862067,0
371604,0.042134,0.957866,0
342024,0.012634,0.987366,1
110002,0.026327,0.973673,0
414057,0.028515,0.971485,1
347412,0.107218,0.892782,1
259893,0.01122,0.98878,0
433757,0.109401,0.890599,0
351575,0.062119,0.937881,0
360476,0.020886,0.979114,0
212975,0.022723,0.977277,1
431342,0.022521,0.977479,0
297251,0.008481,0.991519,0
351406,0.034848,0.965152,0
284010,0.021383,0.978617,0
367260,0.066976,0.933024,0
330992,0.006329,0.993671,0
288800,0.013113,0.986887,1
297850,0.021152,0.978848,0
170714,0.032196,0.967804,0
281994,0.010705,0.989295,0
443299,0.0424,0.9576,0
305171,0.04843,0.95157,0
110199,0.06721,0.93279,0
373733,0.023354,0.976646,0
178536,0.026041,0.973959,0
218613,0.003248,0.996752,0
421628,0.177735,0.822265,0
118111,0.053539,0.946461,0
369580,0.053472,0.946528,0
200988,0.030394,0.969606,0
373201,0.011464,0.988536,0
322616,0.033509,0.966491,0
392987,0.008566,0.991434,0
263983,0.081962,0.918038,0
230980,0.033454,0.966546,0
179620,0.099715,0.900285,0
272126,0.040162,0.959838,0
226755,0.362438,0.637562,1
268966,0.039374,0.960626,1
116442,0.02525,0.97475,0
380902,0.012309,0.987691,0
192104,0.073981,0.926019,0
305432,0.020371,0.979629,0
243308,0.08011,0.91989,0
266278,0.040465,0.959535,0
287367,0.254751,0.745249,1
328747,0.012675,0.987325,0
415914,0.012673,0.987327,0
285726,0.02736,0.97264,0
152250,0.034677,0.965323,0
360589,0.048626,0.951374,0
373013,0.1103,0.8897,0
171806,0.192631,0.807369,1
246648,0.17071,0.82929,0
101084,0.048886,0.951114,0
212558,0.031253,0.968747,0
124670,0.013658,0.986342,0
231746,0.033283,0.966717,0
271274,0.013583,0.986417,0
362985,0.096132,0.903868,0
131867,0.026192,0.973808,0
343498,0.020979,0.979021,0
341169,0.016719,0.983281,0
197543,0.110374,0.889626,0
182075,0.004978,0.995022,0
121866,0.016672,0.983328,0
131725,0.069967,0.930033,0
298701,0.20191,0.79809,1
102012,0.035916,0.964084,0
358830,0.017857,0.982143,0
361979,0.042206,0.957794,0
338853,0.022105,0.977895,0
447328,0.031519,0.968481,0
440859,0.015812,0.984188,0
294735,0.024454,0.975546,0
122830,0.059411,0.940589,0
451853,0.073222,0.926778,0
332587,0.026714,0.973286,0
211087,0.066357,0.933643,1
199745,0.040208,0.959792,0
116301,0.01703,0.98297,0
314578,0.007105,0.992895,0
189220,0.01665,0.98335,0
426984,0.138224,0.861776,0
221854,0.022999,0.977001,0
317837,0.003511,0.996489,0
445934,0.077561,0.922439,0
280930,0.011665,0.988335,0
239529,0.020306,0.979694,0
101120,0.03169,0.96831,0
422665,0.035348,0.964652,0
224460,0.1807,0.8193,0
208617,0.0191,0.9809,0
392627,0.074557,0.925443,0
202766,0.024602,0.975398,0
384082,0.095419,0.904581,0
329600,0.067328,0.932672,0
444121,0.089671,0.910329,0
406202,0.010392,0.989608,0
156382,0.050424,0.949576,0
400393,0.051935,0.948065,0
373374,0.036472,0.963528,0
108964,0.073942,0.926058,0
107804,0.076243,0.923757,0
344652,0.096525,0.903475,0
128002,0.009384,0.990616,0
348052,0.020508,0.979492,0
224360,0.027574,0.972426,0
390431,0.046823,0.953177,0
357738,0.23954,0.76046,0
454553,0.012352,0.987648,0
446778,0.027696,0.972304,0
170831,0.026003,0.973997,0
435219,0.026235,0.973765,0
231233,0.014933,0.985067,0
368476,0.07481,0.92519,1
165493,0.010273,0.989727,0
301930,0.049357,0.950643,0
101151,0.028695,0.971305,0
172220,0.035674,0.964326,0
246782,0.037912,0.962088,0
225438,0.005768,0.994232,0
369507,0.229021,0.770979,0
217392,0.052288,0.947712,0
256090,0.041987,0.958013,0
215183,0.18779,0.81221,0
146928,0.02706,0.97294,0
140250,0.059983,0.940017,0
379862,0.025658,0.974342,0
259877,0.132117,0.867883,0
158054,0.031692,0.968308,0
246968,0.043882,0.956118,0
170336,0.006443,0.993557,0
303026,0.015483,0.984517,0
152353,0.018479,0.981521,0
118003,0.025358,0.974642,0
240592,0.037924,0.962076,0
179052,0.007003,0.992997,0
366470,0.017355,0.982645,0
423351,0.009993,0.990007,0
297537,0.03672,0.96328,0
146301,0.015287,0.984713,0
396156,0.02306,0.97694,0
381120,0.090326,0.909674,0
137307,0.014013,0.985987,0
118774,0.339675,0.660325,0
161429,0.296443,0.703557,1
104456,0.006212,0.993788,0
421678,0.107348,0.892652,0
382932,0.038261,0.961739,0
303338,0.131318,0.868682,0
203526,0.065318,0.934682,0
211022,0.036121,0.963879,0
157055,0.012272,0.987728,0
361900,0.090764,0.909236,0
364968,0.048129,0.951871,0
426662,0.018531,0.981469,0
365710,0.062549,0.937451,0
377861,0.012932,0.987068,0
210339,0.020621,0.979379,0
323511,0.042635,0.957365,0
423650,0.037765,0.962235,0
179964,0.087086,0.912914,0
436725,0.163664,0.836336,0
321773,0.005365,0.994635,0
161163,0.026843,0.973157,0
226525,0.008864,0.991136,0
180028,0.031206,0.968794,0
431429,0.006123,0.993877,0
119147,0.03552,0.96448,1
311586,0.034422,0.965578,0
353086,0.0362,0.9638,0
455964,0.07977,0.92023,1
420374,0.009643,0.990357,0
123007,0.009222,0.990778,0
231922,0.076363,0.923636,0
266348,0.075853,0.924148,0
409915,0.029319,0.970681,0
403430,0.108244,0.891756,0
197417,0.033877,0.966123,0
240546,0.008924,0.991076,0
399464,0.003387,0.996613,0
400327,0.023431,0.976569,0
433160,0.044794,0.955206,0
172135,0.125617,0.874383,1
294327,0.100635,0.899365,0
208445,0.070175,0.929825,0
355559,0.007689,0.992311,0
367409,0.028978,0.971022,0
349378,0.045868,0.954132,0
115040,0.107002,0.892998,0
212412,0.05279,0.94721,0
368317,0.0251,0.9749,0
276042,0.107099,0.892901,0
257167,0.021295,0.978705,0
212627,0.040464,0.959536,1
126324,0.030602,0.969398,0
220864,0.00742,0.99258,0
225598,0.02578,0.97422,0
125680,0.148155,0.851845,0
104213,0.047075,0.952925,0
438213,0.013855,0.986145,0
421755,0.063878,0.936122,0
406314,0.150279,0.849722,0
285328,0.020225,0.979775,0
208634,0.06187,0.93813,0
454254,0.040593,0.959407,0
384576,0.019253,0.980747,0
279836,0.017512,0.982488,0
236354,0.007008,0.992992,0
339051,0.058222,0.941778,0
295492,0.053401,0.946599,0
164982,0.012877,0.987124,0
176510,0.047973,0.952027,0
131500,0.020513,0.979487,0
456158,0.080284,0.919716,0
266505,0.01848,0.98152,0
431720,0.012376,0.987624,0
219244,0.029842,0.970158,0
262790,0.012312,0.987688,0
253865,0.029095,0.970905,0
203748,0.211876,0.788124,0
372941,0.113572,0.886428,0
417084,0.018964,0.981036,0
207206,0.022099,0.977901,0
249102,0.007778,0.992222,0
248692,0.006495,0.993506,0
159545,0.009578,0.990422,0
273201,0.207565,0.792435,0
135710,0.033802,0.966198,0
295391,0.086269,0.913731,0
408535,0.078527,0.921473,0
278200,0.024917,0.975083,0
163931,0.272628,0.727372,1
306773,0.0078,0.9922,0
220346,0.010575,0.989425,0
371743,0.015091,0.984909,0
439495,0.055134,0.944866,0
353663,0.018789,0.981212,0
314265,0.096548,0.903452,0
404093,0.209874,0.790126,0
268632,0.026157,0.973843,0
172839,0.008065,0.991935,0
387047,0.012584,0.987416,0
254836,0.126366,0.873634,0
227276,0.035103,0.964897,0
233516,0.137094,0.862906,0
290741,0.020595,0.979405,0
307876,0.147241,0.852759,0
321279,0.032127,0.967873,0
212286,0.014571,0.985429,0
313378,0.044116,0.955884,1
269127,0.118073,0.881927,0
285317,0.029088,0.970912,0
385274,0.015376,0.984624,0
322027,0.009475,0.990525,0
270267,0.075126,0.924874,0
187268,0.005214,0.994786,0
347885,0.146388,0.853612,0
422947,0.086283,0.913717,0
191863,0.029457,0.970543,0
299776,0.028774,0.971226,0
380120,0.052274,0.947726,0
144201,0.008826,0.991174,0
215983,0.108112,0.891888,0
312258,0.08268,0.91732,0
441556,0.031693,0.968307,0
119367,0.016876,0.983124,0
141254,0.159641,0.840359,0
392205,0.027763,0.972237,0
231335,0.059436,0.940564,1
101010,0.233541,0.766459,0
331263,0.055008,0.944992,0
204990,0.010738,0.989262,0
344137,0.02896,0.97104,0
387098,0.062803,0.937197,0
353168,0.026277,0.973723,0
375081,0.077028,0.922972,0
211197,0.02853,0.97147,0
369561,0.018914,0.981086,1
114100,0.047979,0.952021,0
157418,0.01901,0.98099,0
371887,0.028822,0.971178,0
329493,0.04985,0.95015,0
107883,0.035338,0.964662,0
121010,0.008712,0.991288,0
300534,0.004165,0.995835,0
390498,0.205074,0.794926,0
294672,0.026878,0.973122,0
366547,0.017912,0.982088,0
452657,0.142708,0.857292,1
306700,0.028298,0.971702,0
194458,0.046842,0.953158,0
266683,0.053176,0.946824,0
122205,0.017733,0.982267,0
354748,0.022701,0.977299,0
140955,0.435304,0.564696,0
207465,0.075891,0.924109,0
346959,0.022442,0.977558,0
227661,0.125356,0.874644,0
234259,0.011187,0.988813,0
309595,0.012361,0.987639,0
365248,0.005621,0.994379,0
226419,0.066003,0.933997,1
299297,0.01862,0.98138,0
106506,0.010873,0.989127,0
224475,0.058886,0.941114,0
391671,0.045414,0.954586,0
115864,0.040048,0.959952,0
418960,0.020479,0.979521,0
120018,0.014463,0.985537,0
270657,0.007496,0.992504,0
414396,0.128695,0.871305,0
367213,0.246703,0.753297,1
119358,0.250508,0.749492,1
314895,0.072822,0.927178,0
447389,0.048429,0.951571,0
150541,0.026531,0.973469,0
203494,0.042281,0.957719,0
190073,0.00825,0.99175,0
350101,0.041119,0.958881,0
160860,0.077239,0.922761,0
222600,0.03936,0.96064,0
304981,0.016225,0.983775,0
224366,0.093066,0.906934,0
264521,0.005719,0.994281,0
119382,0.019929,0.980071,0
229867,0.047083,0.952916,1
440578,0.061801,0.938199,0
102008,0.057258,0.942742,0
239745,0.143555,0.856445,1
330563,0.241723,0.758277,0
183647,0.024633,0.975367,0
253928,0.041759,0.958241,0
265735,0.045298,0.954702,0
310468,0.038532,0.961468,0
410592,0.008498,0.991502,0
338296,0.031518,0.968482,0
288471,0.034348,0.965652,0
165850,0.02117,0.97883,0
259763,0.068462,0.931538,1
439496,0.008955,0.991045,0
280269,0.036699,0.963302,0
389335,0.039672,0.960328,0
440493,0.146523,0.853478,0
378899,0.025354,0.974646,0
326161,0.01525,0.98475,0
243415,0.03273,0.96727,0
317262,0.005496,0.994504,0
358927,0.007528,0.992472,0
426076,0.086932,0.913068,0
330412,0.025618,0.974382,0
290585,0.014354,0.985646,0
141671,0.018392,0.981608,0
448762,0.012537,0.987463,0
247745,0.035072,0.964928,0
202596,0.059067,0.940933,0
243563,0.027907,0.972093,0
436190,0.008817,0.991183,0
100903,0.032003,0.967997,0
413780,0.064319,0.935681,0
185074,0.120967,0.879033,0
321971,0.013248,0.986752,0
322700,0.011465,0.988535,0
399967,0.014741,0.98526,0
301721,0.10263,0.89737,0
280240,0.023982,0.976018,0
168134,0.024563,0.975437,0
219133,0.096961,0.903039,0
409062,0.00323,0.99677,0
100642,0.059613,0.940387,0
166024,0.02378,0.97622,0
389000,0.045178,0.954822,0
315896,0.024747,0.975253,0
448531,0.15185,0.84815,1
121713,0.02438,0.97562,0
115052,0.040937,0.959063,0
420050,0.22308,0.77692,1
350142,0.078899,0.921101,0
128762,0.010167,0.989832,0
124501,0.042872,0.957128,0
334859,0.069448,0.930552,0
120495,0.030679,0.969321,0
329255,0.005286,0.994714,0
377084,0.097628,0.902372,0
345992,0.039466,0.960534,0
406794,0.094542,0.905458,0
185089,0.010441,0.989559,0
427352,0.032518,0.967482,0
324431,0.072516,0.927484,0
330482,0.018162,0.981838,0
193456,0.02113,0.97887,0
103346,0.059837,0.940163,1
138093,0.007776,0.992224,0
262441,0.070524,0.929476,0
180401,0.066612,0.933388,0
270884,0.056804,0.943196,0
354418,0.026481,0.973519,0
243553,0.015539,0.984461,0
144301,0.032849,0.967151,0
224458,0.048157,0.951843,0
261483,0.031717,0.968284,0
138384,0.033526,0.966474,0
330306,0.235476,0.764524,0
355392,0.180061,0.819939,0
263935,0.061874,0.938126,0
411875,0.038697,0.961303,0
135143,0.015518,0.984482,0
260698,0.023342,0.976658,1
307234,0.206085,0.793915,0
141610,0.089895,0.910105,0
186744,0.184172,0.815828,1
208367,0.168183,0.831817,1
109970,0.142472,0.857528,0
257235,0.043139,0.956861,0
226577,0.249558,0.750442,1
383030,0.042563,0.957437,0
231176,0.079942,0.920058,0
287414,0.069977,0.930023,0
175945,0.051732,0.948268,0
135008,0.037591,0.962409,0
388058,0.079585,0.920415,0
331333,0.091718,0.908282,0
340656,0.046732,0.953268,0
395669,0.119395,0.880605,0
204053,0.243755,0.756245,1
383098,0.023959,0.976041,0
114436,0.171986,0.828014,0
251834,0.021385,0.978615,0
376300,0.049855,0.950145,0
317286,0.070143,0.929857,0
121106,0.088579,0.911421,0
337334,0.042464,0.957536,0
281588,0.011507,0.988493,0
195153,0.10033,0.89967,0
254644,0.037314,0.962686,0
415199,0.004738,0.995262,0
279868,0.013649,0.986351,0
339626,0.017011,0.982989,0
382891,0.056877,0.943123,0
130635,0.161353,0.838647,0
414482,0.026862,0.973138,0
179954,0.063005,0.936995,0
321735,0.067881,0.932119,0
114674,0.066943,0.933057,1
101731,0.015851,0.984149,0
254146,0.132242,0.867758,1
116391,0.026109,0.973891,0
273120,0.02915,0.97085,1
168192,0.005129,0.994872,0
268002,0.055011,0.944989,0
323867,0.032369,0.967632,0
171058,0.024429,0.975571,0
341311,0.031412,0.968588,0
319282,0.033704,0.966296,0
380024,0.032419,0.967581,0
134565,0.016741,0.983259,0
373929,0.085107,0.914893,0
420897,0.016593,0.983407,0
201180,0.00906,0.99094,0
247407,0.01156,0.98844,0
227256,0.019802,0.980198,0
313453,0.018782,0.981218,0
247986,0.042766,0.957234,0
434197,0.019891,0.980109,0
272106,0.108065,0.891935,0
328230,0.036231,0.963769,0
298454,0.018279,0.981721,0
232292,0.021268,0.978732,0
228200,0.006182,0.993818,0
251334,0.004746,0.995254,0
342751,0.005476,0.994524,0
312610,0.12164,0.87836,0
166504,0.054381,0.945619,0
127451,0.105454,0.894546,0
362266,0.037371,0.962628,0
211221,0.009541,0.990459,0
196170,0.022486,0.977514,0
116351,0.042453,0.957547,0
381216,0.00816,0.99184,0
350271,0.018086,0.981914,0
341137,0.012225,0.987775,0
165036,0.011755,0.988245,0
118110,0.077001,0.922999,0
341306,0.032954,0.967046,0
234266,0.142181,0.857818,0
308321,0.087934,0.912066,0
210311,0.251596,0.748404,0
424963,0.038242,0.961758,0
170628,0.188401,0.811599,0
306955,0.111311,0.88869,0
232938,0.033709,0.966291,0
139593,0.077781,0.92222,0
150645,0.074553,0.925447,0
332246,0.041455,0.958545,0
418197,0.054149,0.945851,0
277479,0.072118,0.927882,0
417219,0.029684,0.970316,0
283804,0.081489,0.918511,0
328143,0.089113,0.910887,0
212593,0.043113,0.956887,0
109787,0.029837,0.970163,0
105402,0.006235,0.993765,0
379999,0.028917,0.971083,0
343145,0.008262,0.991738,0
335745,0.027024,0.972976,0
221028,0.029519,0.970481,0
234724,0.086578,0.913422,0
427216,0.014269,0.985731,0
410740,0.007721,0.992279,0
346427,0.493578,0.506422,0
276891,0.018352,0.981648,0
321104,0.02041,0.97959,0
200673,0.021499,0.978501,0
158880,0.003797,0.996203,0
381705,0.220733,0.779267,0
364179,0.078913,0.921087,0
442466,0.159994,0.840006,0
237315,0.034798,0.965202,0
364138,0.003834,0.996166,0
209836,0.077115,0.922885,0
311009,0.01166,0.98834,0
208525,0.121158,0.878842,1
351402,0.005604,0.994396,0
411944,0.069205,0.930795,0
221599,0.229443,0.770557,0
356310,0.033078,0.966922,1
172957,0.189665,0.810335,1
277171,0.043361,0.956639,0
339001,0.152444,0.847556,0
310666,0.031222,0.968778,0
315982,0.038386,0.961614,0
209745,0.03564,0.96436,0
307727,0.017115,0.982885,0
172615,0.037346,0.962654,0
155294,0.053772,0.946228,0
111498,0.025184,0.974816,0
418899,0.009549,0.990451,0
196786,0.027335,0.972665,0
196540,0.033863,0.966136,0
395780,0.044383,0.955617,1
197545,0.01723,0.98277,0
438139,0.088445,0.911555,0
152564,0.035935,0.964065,0
293229,0.088364,0.911636,0
410718,0.02806,0.97194,0
228343,0.058972,0.941028,0
439286,0.047397,0.952603,0
337502,0.044469,0.955531,0
444147,0.017671,0.982329,0
357323,0.010178,0.989822,0
363773,0.021591,0.978409,0
171256,0.130344,0.869656,0
350951,0.012845,0.987155,0
284896,0.128184,0.871816,0
385090,0.040946,0.959054,0
151140,0.017645,0.982355,0
369162,0.037112,0.962888,0
120253,0.02166,0.97834,0
230757,0.256757,0.743243,0
409897,0.131335,0.868665,0
105775,0.021912,0.978088,0
144893,0.148788,0.851212,0
235440,0.024301,0.975699,0
268516,0.031487,0.968513,0
248252,0.034693,0.965307,0
356472,0.010924,0.989076,0
220235,0.227369,0.772631,1
218335,0.012156,0.987844,0
269745,0.071372,0.928628,1
123735,0.022258,0.977742,0
140211,0.04035,0.95965,0
272322,0.018266,0.981734,0
102232,0.028906,0.971094,0
155732,0.048335,0.951665,0
257784,0.087619,0.912381,0
137165,0.047177,0.952823,0
179795,0.18982,0.81018,0
227652,0.125886,0.874114,0
115420,0.029754,0.970246,0
330842,0.253052,0.746948,0
263809,0.097178,0.902822,0
211159,0.021501,0.978498,0
450455,0.252958,0.747042,0
184536,0.151238,0.848762,0
175312,0.086771,0.913229,0
118245,0.128961,0.871039,0
350526,0.074989,0.925011,0
132559,0.077884,0.922116,0
206591,0.004043,0.995957,0
202428,0.008246,0.991754,0
174157,0.079324,0.920676,0
215237,0.023914,0.976086,0
323782,0.054218,0.945782,0
152966,0.07114,0.92886,0
423764,0.045471,0.954529,0
382695,0.107804,0.892196,0
289557,0.099616,0.900384,0
162625,0.014628,0.985372,0
118298,0.120128,0.879872,1
162256,0.047987,0.952013,0
135182,0.061343,0.938657,0
357129,0.291405,0.708595,0
200973,0.01812,0.98188,0
355265,0.100333,0.899667,0
269502,0.142554,0.857446,0
102271,0.013419,0.986581,0
364218,0.013222,0.986778,0
263761,0.063199,0.936801,0
413909,0.221042,0.778958,0
286469,0.003824,0.996176,0
400058,0.03158,0.96842,0
348929,0.042494,0.957506,0
113878,0.060271,0.939729,0
345768,0.030008,0.969992,0
345186,0.06638,0.93362,0
418999,0.016957,0.983043,0
253035,0.093199,0.906801,0
266705,0.065379,0.934621,0
153960,0.02997,0.97003,0
192824,0.008575,0.991425,0
399433,0.022632,0.977368,0
140612,0.216848,0.783152,0
379262,0.020676,0.979324,0
359746,0.08851,0.91149,0
448724,0.019501,0.980499,0
356145,0.00379,0.99621,0
278104,0.176354,0.823646,0
357055,0.087631,0.912369,1
325279,0.073056,0.926944,0
133878,0.129539,0.870461,0
445825,0.089522,0.910478,0
375346,0.006037,0.993963,0
295920,0.130885,0.869115,0
412585,0.027608,0.972392,0
302726,0.029671,0.970329,0
240569,0.005582,0.994418,0
406275,0.014583,0.985417,0
161193,0.039762,0.960238,0
390403,0.022346,0.977654,0
388478,0.024523,0.975477,0
445425,0.056602,0.943398,0
355829,0.028844,0.971156,0
111915,0.032349,0.967651,1
173796,0.035941,0.964059,0
105131,0.010007,0.989993,0
332506,0.036678,0.963322,0
301430,0.189527,0.810473,0
360309,0.040205,0.959795,0
139113,0.029803,0.970197,0
176521,0.013185,0.986815,0
333878,0.080652,0.919348,0
314835,0.016763,0.983237,0
207900,0.080467,0.919533,0
416794,0.041365,0.958635,0
289493,0.014982,0.985018,0
142035,0.320299,0.679701,1
289420,0.019769,0.980231,0
388880,0.011642,0.988358,0
252505,0.033701,0.966299,0
176843,0.04207,0.95793,0
351568,0.148869,0.851131,0
250832,0.049004,0.950996,0
176277,0.080245,0.919755,0
364772,0.105597,0.894403,0
212063,0.028898,0.971102,0
440094,0.01272,0.98728,0
116181,0.177948,0.822052,1
215002,0.029011,0.970989,0
402253,0.058518,0.941482,0
226992,0.074217,0.925783,0
379611,0.037493,0.962507,0
159257,0.244404,0.755596,0
181877,0.01014,0.98986,0
186161,0.027986,0.972014,0
439000,0.026429,0.973572,0
396819,0.06773,0.93227,0
274069,0.027131,0.972869,0
336342,0.234241,0.765759,0
164182,0.02261,0.97739,0
271344,0.016129,0.983871,0
153674,0.0277,0.9723,0
109755,0.023948,0.976052,0
372458,0.021553,0.978447,0
144569,0.042184,0.957816,0
423247,0.017851,0.98215,0
165690,0.041994,0.958006,0
185476,0.104319,0.895681,1
371761,0.331783,0.668217,0
312779,0.010598,0.989402,0
447271,0.141239,0.858761,0
346254,0.040562,0.959438,1
251186,0.028637,0.971363,0
242854,0.128053,0.871947,0
103518,0.106422,0.893578,1
219354,0.080457,0.919543,0
319112,0.02576,0.97424,0
175049,0.025459,0.974541,0
422062,0.059913,0.940087,0
361936,0.036901,0.963099,0
222559,0.02877,0.97123,0
113118,0.01777,0.98223,0
415956,0.119383,0.880617,0
398509,0.09304,0.90696,0
190047,0.014865,0.985135,0
176127,0.045667,0.954333,0
126011,0.005774,0.994226,0
226379,0.00851,0.99149,0
432250,0.062512,0.937488,0
403184,0.041808,0.958192,0
114990,0.133301,0.866699,0
296510,0.012003,0.987997,0
124271,0.029731,0.970269,0
271073,0.048893,0.951107,0
281409,0.079887,0.920113,0
316029,0.019134,0.980866,0
272749,0.012284,0.987716,0
448829,0.085275,0.914725,0
277773,0.126313,0.873687,1
305120,0.138216,0.861784,0
319735,0.025755,0.974245,0
249170,0.053486,0.946514,1
319447,0.067464,0.932536,1
256550,0.022996,0.977004,0
248790,0.221698,0.778302,0
270063,0.014245,0.985755,0
113061,0.033196,0.966804,0
367826,0.017975,0.982025,0
104971,0.149031,0.850969,1
136444,0.009867,0.990133,0
380395,0.023982,0.976018,0
353903,0.076042,0.923958,0
210434,0.008029,0.991971,0
336790,0.15427,0.84573,0
390765,0.173871,0.826129,0
288774,0.067317,0.932683,0
209545,0.011483,0.988517,0
388050,0.060523,0.939477,0
150110,0.024455,0.975545,0
344653,0.036272,0.963728,0
242278,0.01303,0.98697,0
119519,0.021349,0.978651,0
216371,0.098662,0.901338,0
372224,0.121941,0.878058,0
208084,0.026643,0.973357,0
384917,0.039054,0.960946,0
366734,0.097853,0.902147,0
244758,0.05705,0.94295,0
347537,0.009946,0.990054,0
440271,0.020479,0.979521,0
343860,0.048169,0.951831,0
222870,0.034613,0.965387,0
319995,0.148237,0.851763,0
321337,0.022183,0.977817,0
237707,0.021373,0.978628,0
100348,0.013241,0.986759,0
296590,0.188815,0.811185,0
267039,0.047769,0.952231,0
274899,0.132215,0.867785,0
326080,0.017662,0.982338,0
363237,0.010289,0.989711,0
229495,0.009202,0.990798,0
320618,0.003655,0.996345,0
391199,0.007301,0.992699,0
226209,0.010019,0.989981,0
411483,0.033486,0.966514,0
408290,0.026328,0.973672,0
227187,0.026737,0.973263,0
375347,0.00866,0.99134,0
427743,0.052816,0.947184,0
337728,0.04028,0.95972,0
114783,0.037155,0.962845,0
264798,0.031556,0.968444,0
247037,0.017421,0.982579,0
218917,0.040073,0.959927,0
428118,0.039191,0.960809,0
233886,0.015418,0.984582,0
224264,0.045874,0.954126,0
182344,0.01652,0.98348,0
418978,0.016197,0.983803,0
365708,0.172378,0.827622,0
356564,0.012541,0.987459,0
175837,0.176772,0.823228,1
320197,0.072417,0.927583,0
413268,0.057452,0.942548,0
297861,0.076339,0.923661,0
424319,0.019846,0.980154,0
352218,0.028084,0.971916,0
241304,0.03812,0.96188,0
249786,0.035029,0.964971,0
300927,0.144669,0.855331,0
242395,0.071773,0.928227,0
228016,0.026413,0.973587,0
323745,0.079871,0.920129,0
438422,0.018336,0.981664,0
294371,0.017895,0.982105,0
415398,0.013006,0.986994,0
307007,0.212686,0.787314,0
133262,0.111331,0.888669,0
299989,0.105017,0.894983,0
367306,0.00899,0.99101,0
207190,0.012242,0.987758,0
231165,0.027186,0.972814,0
324723,0.039488,0.960512,0
118016,0.16817,0.83183,0
271273,0.006164,0.993836,0
189359,0.0653,0.9347,0
253632,0.022993,0.977007,0
157587,0.010145,0.989855,0
142011,0.109945,0.890055,1
298422,0.030144,0.969856,0
366682,0.007666,0.992334,0
411879,0.0469,0.9531,0
172622,0.108792,0.891208,0
388200,0.096682,0.903318,0
136377,0.130817,0.869183,0
334942,0.021305,0.978695,0
129541,0.044826,0.955174,0
187333,0.041086,0.958914,0
111794,0.147308,0.852692,0
139216,0.051492,0.948508,0
244584,0.041373,0.958627,0
245246,0.024585,0.975415,0
354088,0.024671,0.975329,0
371629,0.021877,0.978123,0
334159,0.062124,0.937876,0
363920,0.010017,0.989983,0
222529,0.057417,0.942583,0
153190,0.056505,0.943495,1
375303,0.168364,0.831636,0
202757,0.068862,0.931138,0
145882,0.008349,0.991651,0
318521,0.063574,0.936426,0
204368,0.007659,0.992341,0
120206,0.009574,0.990426,0
128530,0.080074,0.919926,0
294137,0.06235,0.93765,0
142701,0.247567,0.752433,1
249901,0.033855,0.966145,0
233581,0.010191,0.98981,0
425575,0.046845,0.953155,0
296026,0.097502,0.902498,0
436321,0.030143,0.969857,0
295828,0.041994,0.958006,0
212117,0.189608,0.810392,0
136363,0.026317,0.973682,0
282111,0.016371,0.983629,0
443644,0.022434,0.977566,0
215758,0.025586,0.974414,0
270757,0.042716,0.957284,0
393552,0.011142,0.988858,0
431573,0.082292,0.917708,0
427244,0.17087,0.82913,0
375657,0.038114,0.961886,0
338643,0.10873,0.89127,0
446024,0.136194,0.863806,0
343111,0.046517,0.953483,0
306329,0.026015,0.973985,0
452171,0.044688,0.955312,0
340371,0.023798,0.976202,0
144944,0.038338,0.961662,0
100951,0.15392,0.84608,0
442795,0.018496,0.981504,0
196288,0.030235,0.969765,0
440853,0.042381,0.957619,0
364127,0.098712,0.901288,0
444620,0.026349,0.973651,0
236955,0.110598,0.889402,0
422100,0.015048,0.984952,0
401164,0.073618,0.926382,0
287801,0.011898,0.988102,0
241666,0.052812,0.947188,0
118988,0.012632,0.987368,0
133581,0.158226,0.841774,0
329620,0.062087,0.937913,0
158982,0.059982,0.940018,0
214817,0.023142,0.976858,0
450890,0.010373,0.989627,0
322035,0.048257,0.951743,0
268236,0.04984,0.95016,0
215480,0.032177,0.967823,0
116963,0.014805,0.985195,0
170898,0.265616,0.734384,0
371281,0.069499,0.930501,0
273991,0.07634,0.92366,1
161438,0.111672,0.888328,0
108446,0.022513,0.977487,0
397123,0.038015,0.961986,0
316084,0.032855,0.967145,0
378064,0.124989,0.875011,0
228401,0.231626,0.768374,0
446450,0.088422,0.911578,0
157945,0.002737,0.997263,0
267142,0.052669,0.947331,0
242802,0.024836,0.975164,0
171197,0.024978,0.975022,0
415758,0.046243,0.953757,0
403185,0.012861,0.987139,0
233169,0.09597,0.90403,0
413699,0.010783,0.989217,0
172418,0.154136,0.845864,0
436259,0.046168,0.953832,0
119224,0.175809,0.824191,1
140267,0.201454,0.798546,0
130301,0.08299,0.91701,0
138435,0.022848,0.977152,0
239114,0.059514,0.940486,0
104709,0.012499,0.987501,0
216675,0.066158,0.933842,0
436870,0.12076,0.87924,0
175440,0.070951,0.929049,1
306369,0.054115,0.945885,0
314563,0.017629,0.982371,0
134069,0.064007,0.935993,0
346008,0.111565,0.888435,1
378496,0.006686,0.993314,0
437535,0.029294,0.970706,0
365839,0.013634,0.986366,0
362171,0.288653,0.711347,0
206118,0.018729,0.981271,0
213326,0.030382,0.969618,0
351031,0.00848,0.99152,0
245790,0.02697,0.97303,0
443650,0.025857,0.974143,0
354415,0.123948,0.876052,0
226486,0.026869,0.973131,0
366086,0.037393,0.962607,0
365674,0.222588,0.777412,0
107487,0.055697,0.944303,0
208456,0.024175,0.975825,0
280894,0.086395,0.913605,0
348452,0.024044,0.975956,0
310435,0.258704,0.741296,0
339753,0.013105,0.986895,0
290878,0.059786,0.940214,0
308157,0.319628,0.680372,0
137243,0.106191,0.893809,0
268144,0.022463,0.977537,0
365302,0.02186,0.97814,0
236991,0.293537,0.706463,1
451727,0.08763,0.91237,0
363042,0.152595,0.847405,0
349255,0.041143,0.958857,0
118949,0.028586,0.971414,0
316181,0.080068,0.919932,0
357233,0.015467,0.984533,0
227558,0.043748,0.956252,0
382267,0.008208,0.991792,0
170449,0.047446,0.952554,0
385096,0.01283,0.98717,0
201790,0.018278,0.981722,0
330126,0.010036,0.989964,0
454095,0.162047,0.837953,0
374577,0.109872,0.890128,1
240471,0.00949,0.99051,0
123288,0.012874,0.987126,0
335801,0.048496,0.951504,0
374988,0.079867,0.920133,0
121868,0.207984,0.792016,1
272679,0.00895,0.99105,0
195960,0.012229,0.987771,0
137436,0.027638,0.972362,0
183218,0.021507,0.978493,0
351935,0.098305,0.901695,0
107036,0.082003,0.917997,1
213163,0.011968,0.988032,0
391029,0.016609,0.983391,0
405003,0.029288,0.970712,0
397307,0.090243,0.909757,0
171417,0.048959,0.951041,0
245965,0.157743,0.842258,0
124208,0.005846,0.994154,0
259517,0.022978,0.977022,0
127331,0.019686,0.980314,0
163410,0.07853,0.92147,0
434356,0.010119,0.989881,0
126996,0.018149,0.981851,0
401747,0.154816,0.845184,0
141953,0.018044,0.981956,0
422442,0.062104,0.937896,0
154619,0.005377,0.994623,0
185080,0.066011,0.933989,0
376254,0.134752,0.865248,0
126867,0.047742,0.952258,0
243755,0.019432,0.980568,0
197285,0.028786,0.971214,0
436044,0.091718,0.908282,0
118224,0.088336,0.911664,0
197271,0.021211,0.978789,1
257011,0.057325,0.942675,0
147299,0.026053,0.973947,0
332365,0.014539,0.985461,0
386661,0.30892,0.69108,0
163547,0.050894,0.949106,0
100867,0.043808,0.956192,0
438102,0.106314,0.893686,0
330331,0.039403,0.960597,0
325682,0.059775,0.940225,0
391619,0.037267,0.962733,0
273481,0.07772,0.92228,0
445137,0.022081,0.977919,0
243752,0.017521,0.982479,0
255002,0.017641,0.982359,0
128977,0.047472,0.952528,0
333996,0.04387,0.95613,0
394686,0.312651,0.687349,1
256612,0.037508,0.962492,0
399038,0.021805,0.978195,0
206800,0.128785,0.871215,0
283085,0.155392,0.844608,0
410041,0.139681,0.860319,0
284948,0.012549,0.987451,0
328706,0.1683,0.8317,0
230680,0.046765,0.953235,0
148452,0.099836,0.900164,0
317232,0.104088,0.895912,0
303260,0.022791,0.977209,0
206445,0.050148,0.949852,0
412147,0.007976,0.992024,0
451110,0.105443,0.894557,0
353473,0.063005,0.936995,1
179794,0.070485,0.929515,0
248609,0.065759,0.934241,0
327200,0.12974,0.87026,0
150157,0.186099,0.813901,0
244694,0.076152,0.923848,0
283434,0.197158,0.802842,0
310308,0.020127,0.979873,0
128662,0.006583,0.993417,0
382489,0.021385,0.978615,0
348152,0.113565,0.886435,0
339765,0.135471,0.864529,0
166852,0.024873,0.975127,0
362050,0.167154,0.832846,0
148858,0.13257,0.86743,0
193361,0.081903,0.918097,0
418765,0.069153,0.930847,1
238212,0.021882,0.978118,0
452956,0.091104,0.908896,0
111265,0.053848,0.946152,0
251710,0.024613,0.975387,0
131552,0.026196,0.973804,0
269754,0.196481,0.803519,0
312387,0.056765,0.943235,0
408573,0.318214,0.681786,0
176493,0.005294,0.994706,0
349284,0.008941,0.991059,0
416012,0.020253,0.979747,0
200626,0.022269,0.977731,0
208731,0.004752,0.995248,0
395406,0.013052,0.986948,0
151513,0.322394,0.677606,1
416580,0.042681,0.957319,0
286337,0.023025,0.976975,0
446583,0.02016,0.97984,1
409274,0.055968,0.944032,1
108296,0.103356,0.896644,0
146008,0.218224,0.781776,0
291567,0.07242,0.92758,0
318902,0.005631,0.994369,0
157106,0.107725,0.892274,0
132971,0.041122,0.958878,0
123967,0.235826,0.764174,0
147398,0.020859,0.979141,0
293632,0.070215,0.929785,0
162618,0.055781,0.944219,0
343995,0.042512,0.957488,0
300345,0.058661,0.941339,0
129660,0.027806,0.972194,0
186891,0.024331,0.975669,0
345363,0.05102,0.94898,0
289037,0.042902,0.957098,0
405545,0.007486,0.992514,0
360180,0.04331,0.95669,0
268021,0.018241,0.981759,0
439519,0.060003,0.939997,0
438605,0.028856,0.971144,0
131779,0.008635,0.991365,0
213437,0.053959,0.946041,0
351123,0.03214,0.96786,0
124109,0.087192,0.912808,0
206000,0.033046,0.966954,0
440545,0.082893,0.917107,0
386314,0.011382,0.988618,0
133441,0.059761,0.940239,0
217528,0.013316,0.986684,0
228986,0.014565,0.985435,0
188490,0.12296,0.87704,0
177407,0.013966,0.986034,0
229376,0.015888,0.984112,0
452601,0.073425,0.926575,0
436942,0.050356,0.949644,0
323046,0.003345,0.996655,0
359521,0.111365,0.888635,0
239844,0.02657,0.97343,0
259809,0.024614,0.975386,0
217665,0.04201,0.95799,0
450103,0.085377,0.914623,0
232521,0.129792,0.870208,0
332557,0.043292,0.956708,0
126944,0.070967,0.929033,1
159889,0.009506,0.990494,0
438206,0.026647,0.973353,0
368225,0.112586,0.887414,0
115853,0.14938,0.85062,0
166604,0.049507,0.950493,1
386502,0.101745,0.898255,0
379020,0.052737,0.947263,0
122274,0.0289,0.9711,0
313177,0.016652,0.983348,0
138497,0.059874,0.940126,1
380072,0.049026,0.950974,0
400604,0.11701,0.88299,0
337544,0.131412,0.868588,0
257458,0.008079,0.991921,0
129188,0.03111,0.96889,0
283724,0.029814,0.970186,0
218606,0.085922,0.914078,0
100771,0.03284,0.96716,0
430602,0.212515,0.787485,0
450010,0.156849,0.843151,1
250729,0.137504,0.862496,1
349663,0.024458,0.975542,0
371325,0.097056,0.902944,0
409181,0.045107,0.954893,0
339140,0.27716,0.72284,0
206976,0.006334,0.993666,0
357894,0.077647,0.922353,0
214712,0.026254,0.973746,0
202536,0.015277,0.984723,0
454850,0.038586,0.961414,0
394520,0.105558,0.894442,0
300945,0.093992,0.906008,1
360363,0.024651,0.975349,0
199730,0.11984,0.88016,0
411543,0.025339,0.974661,0
254336,0.033264,0.966736,0
403003,0.060683,0.939317,0
361319,0.050574,0.949426,0
286134,0.08835,0.91165,0
418235,0.033546,0.966454,0
367575,0.072653,0.927347,0
270092,0.057934,0.942066,0
227396,0.014619,0.985381,0
129589,0.072311,0.927688,0
144614,0.030372,0.969628,0
433805,0.037323,0.962677,0
355907,0.0812,0.9188,0
331028,0.01172,0.98828,0
113712,0.033921,0.966079,0
236578,0.0162,0.9838,0
337587,0.012022,0.987978,0
100694,0.015606,0.984394,0
329795,0.104427,0.895573,0
260253,0.00874,0.99126,0
144597,0.031091,0.968909,0
344786,0.204421,0.795579,0
226858,0.177418,0.822582,1
175490,0.015291,0.984709,0
448131,0.168157,0.831843,0
165150,0.025271,0.974729,0
199392,0.018384,0.981616,0
287110,0.086623,0.913377,0
455905,0.013154,0.986846,0
370537,0.041256,0.958744,0
305805,0.099761,0.900239,0
143036,0.073045,0.926955,0
105897,0.031199,0.968801,0
233726,0.011182,0.988818,0
351549,0.018882,0.981118,0
232713,0.008543,0.991457,0
228818,0.030578,0.969422,0
302320,0.010415,0.989585,0
349118,0.071698,0.928302,0
442423,0.05075,0.94925,0
110488,0.076753,0.923247,0
270819,0.052524,0.947476,0
172482,0.047641,0.95236,0
165972,0.01828,0.98172,0
187830,0.102097,0.897903,0
455832,0.05052,0.94948,0
253637,0.043702,0.956298,0
245837,0.038777,0.961223,0
432817,0.039178,0.960822,0
126084,0.017441,0.982559,0
127053,0.00837,0.99163,0
451715,0.032277,0.967723,0
260073,0.021501,0.978499,0
324768,0.022697,0.977303,0
249156,0.109539,0.890461,0
300391,0.00568,0.99432,0
406091,0.029262,0.970738,0
363765,0.016399,0.983601,0
137210,0.054831,0.945169,0
328364,0.083269,0.916731,0
409398,0.028977,0.971023,0
214880,0.063507,0.936493,0
395417,0.107875,0.892125,0
283903,0.057538,0.942462,0
174790,0.029854,0.970146,0
174457,0.017534,0.982466,0
414313,0.039132,0.960868,0
217869,0.013365,0.986635,0
252962,0.135987,0.864013,0
275399,0.086157,0.913843,0
160720,0.035145,0.964855,0
152101,0.106377,0.893623,0
341954,0.174948,0.825052,0
288474,0.020571,0.979429,1
201069,0.071112,0.928888,0
192127,0.009831,0.990169,0
196630,0.097151,0.902849,0
203593,0.020347,0.979653,0
157940,0.184001,0.815999,1
114037,0.023242,0.976758,1
247346,0.008037,0.991963,0
443952,0.005648,0.994352,0
429821,0.048259,0.951741,0
191602,0.018881,0.981119,0
306290,0.010869,0.989131,0
186515,0.036526,0.963474,0
229539,0.027233,0.972767,0
433704,0.165901,0.834099,0
384120,0.064217,0.935783,1
142831,0.00292,0.99708,0
177513,0.134325,0.865675,1
383257,0.014479,0.985521,0
403147,0.04449,0.95551,0
287541,0.027885,0.972115,0
101944,0.039432,0.960568,0
142394,0.046896,0.953104,0
394260,0.047297,0.952703,0
305143,0.040484,0.959516,0
445097,0.013639,0.986361,0
444527,0.021852,0.978148,0
182195,0.177752,0.822248,0
137442,0.027653,0.972347,0
223010,0.085437,0.914564,0
335830,0.007094,0.992906,0
106548,0.043821,0.956179,0
389395,0.076974,0.923026,0
118813,0.058787,0.941213,0
245540,0.014472,0.985528,0
315736,0.030488,0.969512,1
446685,0.040998,0.959002,0
422932,0.044951,0.955049,0
303992,0.017085,0.982915,0
217187,0.014939,0.985061,0
203303,0.089954,0.910046,0
214698,0.036798,0.963202,0
318329,0.015903,0.984097,0
235715,0.025462,0.974538,0
133292,0.185235,0.814765,0
272386,0.149727,0.850273,0
421904,0.088048,0.911952,0
206352,0.102137,0.897863,0
333307,0.140225,0.859775,0
200866,0.096951,0.903049,0
414759,0.073509,0.926491,0
347495,0.106954,0.893046,1
320610,0.089404,0.910596,0
247416,0.037232,0.962768,0
164515,0.08622,0.91378,0
141768,0.023509,0.976491,0
129755,0.027098,0.972902,0
227121,0.022032,0.977968,0
218190,0.005928,0.994072,0
436514,0.018176,0.981824,0
370486,0.034507,0.965493,0
164109,0.039285,0.960715,0
191395,0.306118,0.693882,0
174378,0.089152,0.910848,1
217866,0.17964,0.82036,0
269331,0.077158,0.922842,0
391088,0.131639,0.868361,1
292447,0.058695,0.941305,0
316735,0.024681,0.975319,0
234546,0.22112,0.77888,0
268805,0.032966,0.967034,1
356840,0.089208,0.910792,0
261900,0.027868,0.972132,0
338282,0.053915,0.946085,0
330819,0.047225,0.952775,0
413987,0.017059,0.982941,0
204582,0.237629,0.762371,1
322706,0.028114,0.971886,0
248066,0.037488,0.962512,0
178463,0.012112,0.987888,0
175777,0.048001,0.951999,1
152308,0.322144,0.677856,0
318623,0.007027,0.992973,0
425443,0.078478,0.921522,0
438611,0.031715,0.968285,0
309528,0.128854,0.871146,0
301368,0.013945,0.986055,0
110753,0.009869,0.990131,0
370507,0.09023,0.90977,0
401726,0.102564,0.897436,0
205911,0.104364,0.895636,0
316123,0.067364,0.932636,0
183192,0.031867,0.968133,1
284740,0.024401,0.975599,0
290423,0.029024,0.970976,0
448902,0.173785,0.826215,0
346374,0.013259,0.986741,0
119829,0.133333,0.866667,0
409255,0.002568,0.997432,0
288267,0.021259,0.978741,0
271740,0.17758,0.82242,1
163104,0.009066,0.990934,0
236537,0.064873,0.935127,0
358822,0.030894,0.969106,0
280154,0.019179,0.980821,0
381223,0.090005,0.909995,0
364956,0.030831,0.969169,0
162147,0.017427,0.982573,0
182137,0.15803,0.84197,0
353714,0.227933,0.772067,1
414340,0.035975,0.964025,0
332989,0.220296,0.779704,0
285579,0.016125,0.983875,0
258011,0.07558,0.92442,0
391104,0.036845,0.963155,0
338392,0.18197,0.81803,1
437778,0.047491,0.95251,0
427085,0.073737,0.926263,0
155568,0.020523,0.979477,0
271659,0.039053,0.960947,0
112162,0.009307,0.990693,0
323577,0.039125,0.960875,0
342018,0.056448,0.943552,0
104436,0.012045,0.987955,0
196638,0.12626,0.87374,0
205288,0.084449,0.915551,0
351379,0.187513,0.812488,0
143252,0.156025,0.843975,0
197317,0.121799,0.878201,0
128675,0.013959,0.986041,0
143120,0.048428,0.951572,0
360038,0.021403,0.978597,0
186390,0.023151,0.976849,0
445922,0.02878,0.97122,0
429312,0.059396,0.940604,0
228554,0.018953,0.981047,0
156791,0.016527,0.983473,0
126679,0.209268,0.790732,0
136340,0.058659,0.941341,0
194672,0.045861,0.954139,0
125588,0.016144,0.983856,1
113858,0.025471,0.974529,0
370836,0.184323,0.815677,0
183364,0.026821,0.973179,0
227172,0.014061,0.985939,0
304037,0.037383,0.962617,0
428530,0.020907,0.979093,0
204395,0.027764,0.972236,0
375427,0.034403,0.965597,0
166140,0.073969,0.926031,0
400261,0.020268,0.979732,0
309514,0.108508,0.891492,0
273888,0.017755,0.982245,0
332254,0.014711,0.985289,0
315028,0.045827,0.954173,0
350195,0.010976,0.989024,0
376227,0.051561,0.948439,0
133687,0.044236,0.955764,0
350251,0.2205,0.7795,0
443515,0.00888,0.99112,0
427553,0.029715,0.970285,0
216497,0.007429,0.992571,0
271012,0.01455,0.98545,0
407250,0.04609,0.95391,0
343924,0.07588,0.92412,0
140514,0.052552,0.947448,0
384166,0.09721,0.90279,0
312405,0.075002,0.924998,0
289879,0.063211,0.936789,1
248492,0.086464,0.913536,0
269713,0.006695,0.993305,0
261698,0.011963,0.988037,0
384322,0.033668,0.966332,0
280049,0.058393,0.941607,0
322114,0.023585,0.976415,0
415457,0.237819,0.762181,0
163407,0.051396,0.948604,0
273931,0.074512,0.925488,0
334079,0.05502,0.94498,1
345736,0.066373,0.933627,0
433150,0.071949,0.928051,0
241452,0.085807,0.914193,0
269882,0.052819,0.947181,0
350141,0.016074,0.983926,0
201633,0.046512,0.953488,0
412227,0.044172,0.955828,0
160280,0.150903,0.849097,0
319299,0.099515,0.900484,0
176600,0.039604,0.960396,0
342044,0.11369,0.88631,0
282970,0.018293,0.981707,0
172704,0.025714,0.974286,0
429556,0.019942,0.980058,0
147130,0.014767,0.985234,0
259474,0.00793,0.99207,1
353343,0.091652,0.908348,0
439231,0.03392,0.96608,0
247962,0.191865,0.808135,0
441989,0.272055,0.727945,0
305213,0.023912,0.976088,0
136135,0.021974,0.978026,0
333526,0.012322,0.987678,0
330099,0.029792,0.970208,0
320073,0.022392,0.977608,0
152867,0.007772,0.992228,0
117002,0.005206,0.994794,0
210557,0.03941,0.96059,0
248711,0.011431,0.988569,0
417177,0.012714,0.987286,0
447949,0.04007,0.95993,0
365525,0.021481,0.978519,0
142158,0.094938,0.905062,0
278710,0.010588,0.989412,0
133454,0.016854,0.983146,0
306417,0.079778,0.920222,0
362624,0.024305,0.975695,0
121674,0.049554,0.950446,0
252307,0.093717,0.906283,0
249706,0.09016,0.90984,0
449418,0.018641,0.981359,0
406551,0.149853,0.850147,0
112117,0.064963,0.935037,0
358366,0.271753,0.728247,0
262977,0.038057,0.961943,0
364696,0.015787,0.984213,0
198240,0.009736,0.990264,0
350046,0.034585,0.965415,0
343084,0.028282,0.971718,1
139601,0.073761,0.926239,0
309700,0.006308,0.993692,0
343012,0.055621,0.94438,0
130958,0.004095,0.995905,0
387101,0.068396,0.931604,0
276094,0.006817,0.993183,0
364241,0.029495,0.970504,0
242495,0.112665,0.887335,0
262750,0.067814,0.932186,0
349891,0.029911,0.970089,0
426693,0.214279,0.785721,0
291682,0.059423,0.940577,0
178326,0.424949,0.575051,1
414015,0.044723,0.955277,0
322361,0.017134,0.982866,0
409019,0.05735,0.94265,1
284475,0.070134,0.929866,0
222652,0.064641,0.935359,0
438530,0.116146,0.883854,0
337853,0.025516,0.974484,0
434635,0.081826,0.918174,0
228780,0.010812,0.989188,0
344711,0.024188,0.975812,0
369711,0.018839,0.981161,0
295433,0.032646,0.967354,0
107714,0.052997,0.947003,0
210057,0.153333,0.846666,0
256737,0.078227,0.921773,0
293737,0.032403,0.967597,0
455154,0.021254,0.978746,0
304678,0.093846,0.906154,0
343408,0.085803,0.914197,0
294480,0.203785,0.796215,0
270590,0.144359,0.85564,0
371256,0.014931,0.985069,0
141688,0.017679,0.982321,0
140041,0.020144,0.979856,0
137859,0.011501,0.988499,0
394489,0.036434,0.963566,0
414887,0.050712,0.949288,0
174738,0.099529,0.900471,0
395818,0.030697,0.969303,0
288413,0.0145,0.9855,0
141561,0.047086,0.952914,0
435406,0.071359,0.928641,0
417771,0.009416,0.990584,0
183637,0.068729,0.931271,0
272704,0.035413,0.964587,0
144014,0.073125,0.926875,0
336439,0.105742,0.894258,0
168589,0.085789,0.914211,0
393829,0.052232,0.947768,0
451725,0.142387,0.857613,0
380677,0.117333,0.882667,0
129551,0.032646,0.967354,0
440888,0.031637,0.968363,0
124188,0.041798,0.958202,0
293892,0.032042,0.967958,0
221113,0.012726,0.987274,0
189124,0.02425,0.97575,0
375119,0.066674,0.933326,0
162199,0.07002,0.92998,0
206104,0.050708,0.949292,1
199814,0.127699,0.872301,1
265411,0.006711,0.993289,0
286956,0.060162,0.939838,0
376744,0.077803,0.922197,0
343599,0.015453,0.984547,0
380383,0.03394,0.96606,0
397105,0.02966,0.97034,0
144812,0.03632,0.96368,0
194444,0.083232,0.916768,0
253289,0.048332,0.951668,0
164253,0.07314,0.92686,0
169765,0.213567,0.786433,0
151616,0.081748,0.918252,0
136018,0.308114,0.691886,0
113300,0.020239,0.979761,0
248943,0.040377,0.959623,0
288623,0.034799,0.965201,1
144132,0.231215,0.768785,0
402695,0.042168,0.957832,0
174124,0.036116,0.963884,0
403399,0.029866,0.970134,0
390950,0.033046,0.966954,0
296408,0.070892,0.929108,0
104965,0.050501,0.949499,0
393734,0.099886,0.900114,0
272541,0.025213,0.974787,0
120000,0.014261,0.985739,0
412183,0.025847,0.974153,0
125967,0.114787,0.885213,0
269560,0.017084,0.982916,0
262789,0.027197,0.972803,0
418121,0.015353,0.984647,0
238503,0.007748,0.992252,0
250686,0.069163,0.930837,1
269385,0.030604,0.969396,0
115189,0.029926,0.970074,0
417718,0.007521,0.992479,0
374722,0.00805,0.99195,0
394931,0.076129,0.923871,0
222803,0.006945,0.993055,0
110886,0.033074,0.966926,0
358492,0.156472,0.843528,0
187567,0.057093,0.942907,0
374004,0.027744,0.972256,0
118128,0.008073,0.991927,0
412747,0.112134,0.887866,0
116927,0.044088,0.955912,0
116812,0.011748,0.988252,0
206161,0.019888,0.980112,0
282866,0.084057,0.915943,0
145432,0.014453,0.985547,0
337358,0.041954,0.958046,0
106702,0.010031,0.989969,0
144625,0.006322,0.993678,0
219652,0.041132,0.958868,0
234675,0.028987,0.971013,0
179055,0.300654,0.699346,0
439659,0.035482,0.964518,0
141245,0.019153,0.980847,0
116827,0.008747,0.991253,0
441153,0.006839,0.993161,0
111411,0.117824,0.882176,0
320489,0.008856,0.991144,0
417410,0.099653,0.900347,1
451060,0.106622,0.893378,0
243239,0.017602,0.982398,0
282730,0.07013,0.92987,0
341699,0.112617,0.887382,1
190601,0.011844,0.988156,0
209261,0.019389,0.980611,0
132554,0.072294,0.927706,0
397616,0.206627,0.793373,1
205876,0.010752,0.989248,0
242454,0.016908,0.983092,0
357436,0.213981,0.786019,0
158610,0.076614,0.923386,0
263512,0.035507,0.964493,0
156779,0.023284,0.976716,0
350594,0.096915,0.903086,0
414655,0.022228,0.977772,0
117045,0.08398,0.91602,0
336047,0.052596,0.947404,0
415164,0.031649,0.968351,0
139643,0.015715,0.984285,0
131380,0.23958,0.76042,0
216678,0.228723,0.771277,0
297386,0.017538,0.982462,0
217206,0.056136,0.943864,1
247568,0.097949,0.902051,0
100973,0.04403,0.95597,0
391954,0.060602,0.939398,0
204838,0.206204,0.793796,1
325480,0.004854,0.995146,0
450370,0.215969,0.784031,0
448794,0.028711,0.97129,0
170749,0.088306,0.911694,0
326886,0.015101,0.984899,0
362323,0.066622,0.933378,1
374528,0.026328,0.973672,0
138518,0.044943,0.955057,0
451883,0.055629,0.944371,0
235719,0.144301,0.855699,0
398342,0.004619,0.995381,0
140157,0.04146,0.95854,0
425780,0.05595,0.94405,0
224484,0.01348,0.98652,0
118847,0.008159,0.991841,0
248897,0.253574,0.746426,0
177963,0.28773,0.71227,1
435442,0.03984,0.96016,0
367085,0.068075,0.931925,0
126565,0.094026,0.905974,0
282348,0.156011,0.84399,0
287219,0.024076,0.975924,0
188188,0.008003,0.991997,0
317678,0.059313,0.940686,0
324425,0.075576,0.924424,1
298424,0.097398,0.902602,0
165814,0.021613,0.978386,0
145886,0.048586,0.951414,0
162643,0.049372,0.950628,0
336576,0.01886,0.98114,0
238571,0.024699,0.975301,0
327059,0.027446,0.972554,0
410421,0.047945,0.952055,0
169399,0.02893,0.97107,0
257519,0.250543,0.749457,0
412437,0.018852,0.981148,0
201759,0.12865,0.87135,1
291532,0.092201,0.907799,0
172649,0.008669,0.991331,0
142413,0.050214,0.949786,0
399544,0.006813,0.993187,0
169973,0.029224,0.970776,0
191980,0.019527,0.980472,0
393502,0.006227,0.993773,0
281510,0.005137,0.994863,1
366488,0.011565,0.988435,0
224150,0.018294,0.981706,0
275403,0.017769,0.982231,0
271198,0.038865,0.961135,0
428909,0.018158,0.981842,1
189122,0.004516,0.995484,0
161530,0.009984,0.990016,0
334531,0.217501,0.782499,0
345579,0.012819,0.987181,0
420987,0.194493,0.805507,0
234867,0.040783,0.959217,0
162830,0.038285,0.961715,0
256402,0.04558,0.95442,0
362345,0.003594,0.996406,0
341664,0.133246,0.866754,0
230479,0.287516,0.712484,1
219669,0.17935,0.82065,0
231836,0.137772,0.862228,0
118825,0.046573,0.953427,0
162881,0.009692,0.990308,0
239768,0.03531,0.96469,0
321095,0.019954,0.980046,0
210563,0.037096,0.962904,0
132893,0.011364,0.988636,0
261643,0.113405,0.886595,1
303661,0.009874,0.990126,0
441422,0.007739,0.992261,0
205874,0.069117,0.930883,0
445494,0.113384,0.886616,0
371630,0.165878,0.834122,0
428631,0.005331,0.994669,0
186698,0.049855,0.950145,0
192044,0.08739,0.91261,0
311328,0.022187,0.977813,0
358765,0.03952,0.96048,0
165899,0.022475,0.977524,0
449979,0.206917,0.793083,0
434041,0.25803,0.74197,0
219696,0.017657,0.982343,0
205944,0.040096,0.959904,0
255295,0.006263,0.993737,0
439933,0.044852,0.955148,1
240246,0.021617,0.978383,0
298999,0.03393,0.96607,0
217443,0.009553,0.990446,0
372604,0.113445,0.886555,0
327588,0.174433,0.825567,0
320243,0.064871,0.935129,0
215533,0.049114,0.950886,0
328032,0.099429,0.900571,0
100036,0.107164,0.892836,0
117472,0.184402,0.815598,0
192365,0.01134,0.98866,0
272504,0.021475,0.978525,0
280127,0.085474,0.914526,0
185253,0.106511,0.893489,0
299227,0.053228,0.946772,0
178251,0.024688,0.975312,0
130821,0.006153,0.993848,0
283249,0.021003,0.978997,0
342504,0.002962,0.997038,0
312094,0.034054,0.965946,0
277709,0.036697,0.963303,0
410079,0.059727,0.940273,0
120550,0.191412,0.808588,0
256265,0.009429,0.990571,0
397821,0.009833,0.990167,0
414552,0.117586,0.882414,0
255614,0.016145,0.983856,0
283449,0.065646,0.934354,0
229871,0.049804,0.950196,0
439592,0.030594,0.969406,0
105307,0.018492,0.981508,0
309503,0.130309,0.869691,0
303763,0.009632,0.990368,0
412120,0.025064,0.974936,0
364322,0.096723,0.903278,0
401236,0.037925,0.962076,0
320304,0.185483,0.814517,1
101283,0.029815,0.970185,0
115068,0.026219,0.973781,0
256097,0.116142,0.883858,0
108126,0.078085,0.921915,0
305363,0.089365,0.910635,1
127498,0.040229,0.959771,0
256446,0.03207,0.96793,0
352787,0.007919,0.992081,0
404826,0.061645,0.938355,0
313522,0.044472,0.955528,0
235059,0.026682,0.973318,0
233681,0.012463,0.987537,0
375391,0.012255,0.987745,0
389046,0.113004,0.886996,0
138759,0.045993,0.954007,0
261560,0.040262,0.959738,0
305724,0.01654,0.98346,0
158482,0.023034,0.976966,0
127775,0.006978,0.993022,0
300006,0.006275,0.993725,0
202361,0.069576,0.930424,0
164135,0.008593,0.991407,0
144361,0.028849,0.971151,0
444838,0.381725,0.618275,0
352369,0.048114,0.951886,0
251236,0.042069,0.957931,0
172180,0.064781,0.935219,0
284250,0.005725,0.994275,0
298090,0.011705,0.988295,0
340617,0.037309,0.962692,0
216970,0.00433,0.99567,0
281013,0.071355,0.928646,0
135862,0.012623,0.987377,0
181119,0.016237,0.983763,0
136187,0.030566,0.969434,0
255627,0.102297,0.897703,0
292399,0.005039,0.994961,0
352532,0.041759,0.958241,0
183724,0.094906,0.905094,0
141686,0.104147,0.895853,0
150432,0.047577,0.952423,0
105551,0.006481,0.993519,0
162531,0.092739,0.907262,0
227673,0.127486,0.872514,0
269662,0.034969,0.965031,0
267503,0.022243,0.977757,0
144694,0.033072,0.966928,0
275106,0.050289,0.949711,0
365912,0.028981,0.971018,0
378798,0.010436,0.989564,0
418579,0.081488,0.918512,0
240855,0.073262,0.926738,0
232832,0.04932,0.95068,0
192372,0.010029,0.989971,0
179436,0.050982,0.949018,0
396603,0.018309,0.981691,0
169915,0.041279,0.958721,1
405942,0.037042,0.962958,0
431734,0.022157,0.977843,0
244563,0.071937,0.928063,0
264216,0.003957,0.996042,0
385298,0.017034,0.982966,0
300316,0.025202,0.974798,0
432679,0.01704,0.98296,0
131606,0.021333,0.978667,0
134962,0.038079,0.961921,0
325350,0.030252,0.969748,0
407843,0.042769,0.957231,0
107648,0.13945,0.86055,0
325023,0.010085,0.989915,0
433560,0.135064,0.864936,1
301536,0.008625,0.991375,0
412182,0.018029,0.981971,0
455486,0.010311,0.989689,0
276002,0.053387,0.946613,0
316745,0.058175,0.941825,0
323958,0.021616,0.978384,0
306157,0.096387,0.903613,0
184881,0.014957,0.985043,0
297750,0.07777,0.92223,0
447399,0.041539,0.958461,0
431802,0.007075,0.992925,0
316839,0.032571,0.967429,0
182928,0.027568,0.972432,0
353541,0.011638,0.988362,0
396148,0.040996,0.959004,0
107758,0.009428,0.990572,0
195894,0.019923,0.980077,0
387810,0.022723,0.977277,0
102734,0.032235,0.967765,0
215180,0.024931,0.975069,0
118257,0.07046,0.92954,0
293174,0.018688,0.981312,0
105909,0.091826,0.908174,0
435454,0.055324,0.944676,0
321647,0.012435,0.987565,0
230255,0.015874,0.984126,0
137471,0.122584,0.877416,1
285913,0.05104,0.94896,0
180421,0.009991,0.990009,0
194162,0.034653,0.965347,0
226667,0.003898,0.996102,0
227266,0.012089,0.987911,0
417315,0.063708,0.936292,0
285387,0.04681,0.95319,0
211250,0.062929,0.93707,0
395557,0.021018,0.978982,0
376890,0.177993,0.822007,0
230387,0.159329,0.840671,0
218745,0.061689,0.938311,0
116514,0.055084,0.944916,0
420566,0.032122,0.967878,0
131191,0.033089,0.966911,0
107360,0.045457,0.954542,0
131453,0.013324,0.986676,0
158699,0.062804,0.937196,1
397618,0.016564,0.983436,0
286673,0.049785,0.950215,0
226381,0.048534,0.951466,0
213345,0.052133,0.947867,0
366567,0.042895,0.957105,0
372434,0.003601,0.996399,0
188824,0.004951,0.995048,0
264850,0.016272,0.983728,0
329769,0.102906,0.897094,0
429607,0.145348,0.854652,0
245093,0.016821,0.983179,0
415175,0.082627,0.917373,0
454013,0.005679,0.994321,0
363640,0.029276,0.970724,0
424450,0.039605,0.960395,0
311198,0.058774,0.941226,0
286923,0.060418,0.939582,0
445701,0.014156,0.985844,0
435778,0.160446,0.839554,0
199989,0.084496,0.915504,0
422998,0.08711,0.91289,0
122756,0.053719,0.946281,1
334304,0.077143,0.922857,0
113764,0.063094,0.936906,0
381110,0.081015,0.918985,0
295829,0.017476,0.982524,0
437422,0.028814,0.971186,0
198397,0.01672,0.98328,0
336162,0.172931,0.827069,0
249232,0.01704,0.98296,0
360270,0.153434,0.846566,0
149864,0.110339,0.889661,0
307650,0.015603,0.984397,0
251390,0.045831,0.954169,0
289470,0.011135,0.988865,0
441830,0.029852,0.970148,0
200807,0.004263,0.995737,0
268755,0.110132,0.889868,0
189563,0.007755,0.992245,0
440724,0.052629,0.947371,0
426338,0.052212,0.947788,0
433226,0.049371,0.950628,0
129267,0.211213,0.788787,0
191461,0.153575,0.846425,0
153660,0.128576,0.871424,0
118626,0.139691,0.860309,1
175247,0.066485,0.933515,0
332109,0.017089,0.982911,0
334677,0.104643,0.895357,0
224908,0.01166,0.98834,0
130014,0.009987,0.990013,0
332643,0.019911,0.980089,0
147057,0.056719,0.943281,0
346514,0.114434,0.885566,0
215620,0.040089,0.959911,0
293517,0.011263,0.988737,0
451263,0.072197,0.927803,0
266662,0.124829,0.875171,0
198920,0.042369,0.957631,0
192543,0.06828,0.93172,0
131880,0.034583,0.965417,0
141919,0.068569,0.931431,0
315012,0.027253,0.972747,0
394207,0.032103,0.967897,0
242153,0.193966,0.806034,0
141938,0.093695,0.906305,0
270215,0.019878,0.980122,0
181078,0.113892,0.886108,0
332393,0.049548,0.950452,0
261417,0.02323,0.97677,0
167233,0.028831,0.971169,0
347601,0.300877,0.699123,0
329722,0.053359,0.946641,0
334849,0.026204,0.973796,0
212890,0.128036,0.871964,0
315762,0.120232,0.879768,0
371900,0.179184,0.820816,0
421515,0.171976,0.828024,0
106941,0.00665,0.99335,0
403621,0.074802,0.925198,0
282770,0.006559,0.99344,0
372822,0.111526,0.888474,0
260699,0.014239,0.985761,0
232529,0.021374,0.978626,0
221243,0.172584,0.827416,0
245320,0.075214,0.924786,1
144748,0.172021,0.827979,0
381935,0.165492,0.834508,1
182990,0.011822,0.988178,0
438028,0.034965,0.965035,0
283762,0.238942,0.761058,0
296255,0.008815,0.991185,0
125570,0.012465,0.987535,0
275113,0.010705,0.989295,0
254140,0.191392,0.808608,0
285045,0.017494,0.982506,0
233678,0.019588,0.980412,1
373835,0.108779,0.891221,0
419100,0.010221,0.989779,0
292955,0.210671,0.789329,0
182447,0.127495,0.872505,0
388348,0.012483,0.987517,0
188581,0.120372,0.879628,0
234370,0.092602,0.907398,0
422111,0.07885,0.92115,0
228532,0.163668,0.836332,0
203386,0.084587,0.915413,0
422291,0.040624,0.959376,0
197457,0.210544,0.789456,0
247056,0.247206,0.752794,0
138012,0.023684,0.976316,0
196722,0.015724,0.984276,0
294120,0.016482,0.983518,0
285618,0.041257,0.958743,0
117173,0.017154,0.982846,1
377872,0.022829,0.977171,0
310723,0.021249,0.978751,0
197343,0.091762,0.908238,0
183355,0.081881,0.918119,0
103556,0.014656,0.985344,0
423516,0.035721,0.964279,0
387063,0.076137,0.923863,1
152742,0.007404,0.992596,0
287067,0.038381,0.961619,0
143211,0.035572,0.964428,0
318697,0.013557,0.986443,0
132160,0.10959,0.89041,0
236795,0.212495,0.787505,0
314345,0.030409,0.969591,0
346495,0.013923,0.986077,0
258783,0.012828,0.987172,0
362083,0.007158,0.992842,0
316004,0.076638,0.923362,0
185192,0.039129,0.96087,0
174316,0.027619,0.972382,0
379701,0.015244,0.984756,0
268456,0.148372,0.851628,0
142265,0.047297,0.952703,0
179293,0.01171,0.98829,0
388907,0.017236,0.982764,0
237327,0.073683,0.926317,0
133341,0.034793,0.965207,0
147868,0.235906,0.764094,0
239468,0.05595,0.94405,1
200696,0.007263,0.992737,0
429578,0.078881,0.921119,0
251193,0.006943,0.993057,0
211069,0.07029,0.92971,1
384306,0.025749,0.974251,0
214573,0.025493,0.974507,0
384580,0.034188,0.965812,0
330920,0.011396,0.988604,0
259442,0.013692,0.986308,0
212399,0.030878,0.969122,0
300946,0.005822,0.994178,0
312882,0.09362,0.90638,0
102440,0.006819,0.993181,0
320407,0.052717,0.947283,0
261584,0.046663,0.953337,0
255330,0.221341,0.778659,0
295441,0.025271,0.974729,0
315465,0.025836,0.974164,0
415771,0.030427,0.969573,0
387801,0.046165,0.953835,0
211100,0.106155,0.893845,0
244620,0.126169,0.873831,0
284019,0.019442,0.980558,0
316046,0.019561,0.980439,0
317660,0.019832,0.980168,0
264233,0.015765,0.984235,0
239936,0.176933,0.823067,0
113043,0.018322,0.981678,0
214450,0.034048,0.965952,0
233244,0.02038,0.97962,0
125419,0.049534,0.950466,0
268977,0.030839,0.969161,0
374901,0.014195,0.985805,0
366563,0.015809,0.984191,0
155036,0.034459,0.965541,0
257886,0.04233,0.95767,0
162774,0.013952,0.986048,0
173767,0.013354,0.986646,0
167369,0.114351,0.885649,1
281665,0.067302,0.932698,0
360450,0.080487,0.919513,0
247060,0.121498,0.878502,0
232197,0.047595,0.952405,0
303616,0.043545,0.956455,0
108254,0.090986,0.909014,0
191913,0.018143,0.981857,0
184538,0.023404,0.976596,0
198880,0.026475,0.973525,0
187981,0.099653,0.900347,0
159867,0.073981,0.926019,0
444848,0.10612,0.89388,0
253553,0.039007,0.960993,0
450502,0.026483,0.973517,0
443713,0.022732,0.977268,0
307116,0.017304,0.982696,0
452646,0.023394,0.976606,0
363978,0.0504,0.9496,0
389489,0.008929,0.991071,0
284909,0.066537,0.933463,1
110525,0.038084,0.961916,1
419502,0.273703,0.726297,0
103977,0.171644,0.828356,1
245271,0.050152,0.949848,0
232705,0.035108,0.964892,0
277475,0.257322,0.742678,0
202598,0.013534,0.986466,0
275781,0.011418,0.988582,0
212115,0.03478,0.96522,0
139621,0.022886,0.977114,0
416954,0.15402,0.84598,0
208010,0.030115,0.969885,0
284198,0.171192,0.828808,0
171537,0.021077,0.978923,0
172086,0.083636,0.916364,0
205105,0.035089,0.964911,0
387011,0.023163,0.976837,0
109760,0.102009,0.897991,0
385375,0.021744,0.978256,0
223958,0.040043,0.959957,0
204982,0.009177,0.990823,0
381672,0.049267,0.950733,0
253223,0.006736,0.993264,0
306392,0.043864,0.956136,0
276165,0.056472,0.943528,0
437038,0.061113,0.938887,1
176812,0.118548,0.881452,0
349680,0.011058,0.988942,0
143940,0.038826,0.961174,0
421012,0.045473,0.954527,0
330869,0.02664,0.97336,0
381787,0.079099,0.920901,1
184361,0.098127,0.901873,0
432403,0.041775,0.958225,0
194825,0.024798,0.975202,0
393722,0.015769,0.984231,0
447187,0.046084,0.953916,0
279518,0.157998,0.842002,0
240858,0.087598,0.912402,0
431706,0.038518,0.961482,1
195385,0.203257,0.796743,0
298951,0.033409,0.96659,0
213398,0.046637,0.953363,0
144529,0.034504,0.965496,0
412043,0.181401,0.818599,0
413072,0.017476,0.982524,0
124386,0.169328,0.830672,0
177635,0.081295,0.918705,0
267426,0.014692,0.985308,0
397998,0.21359,0.78641,0
295225,0.122059,0.877941,0
303882,0.02304,0.97696,0
455649,0.07066,0.92934,1
366949,0.025273,0.974727,0
401328,0.012862,0.987138,0
178518,0.101167,0.898833,0
435546,0.011742,0.988258,0
446069,0.00634,0.99366,0
314189,0.177451,0.822549,1
211836,0.080876,0.919124,0
273184,0.089092,0.910908,0
427999,0.007755,0.992245,0
404719,0.011865,0.988135,0
365449,0.026368,0.973632,0
143578,0.018269,0.981731,0
389341,0.045361,0.954639,0
297947,0.327148,0.672852,0
397620,0.119873,0.880127,0
419373,0.013355,0.986645,0
245324,0.059602,0.940398,0
201111,0.094617,0.905383,0
141802,0.243054,0.756946,0
128721,0.071508,0.928492,0
306351,0.024182,0.975818,0
148367,0.102303,0.897697,0
160578,0.014296,0.985704,0
344639,0.043232,0.956768,0
408785,0.054267,0.945733,0
230556,0.181706,0.818294,0
445035,0.016795,0.983205,0
218509,0.090724,0.909276,0
184217,0.01384,0.98616,0
322932,0.218885,0.781115,0
120901,0.299082,0.700918,1
180069,0.051815,0.948185,0
231949,0.04788,0.95212,1
335535,0.032917,0.967083,1
415840,0.078673,0.921327,0
373800,0.049552,0.950448,0
290161,0.016177,0.983823,0
206337,0.056493,0.943507,0
203151,0.199753,0.800247,0
193114,0.080859,0.919141,1
420268,0.088124,0.911876,0
414746,0.038332,0.961668,1
354688,0.011348,0.988652,0
217324,0.006232,0.993768,0
154817,0.076661,0.923339,0
237987,0.036832,0.963168,0
131857,0.042229,0.957771,1
184135,0.034384,0.965616,0
289363,0.038316,0.961684,1
394150,0.089473,0.910527,0
134977,0.060522,0.939478,0
167818,0.051694,0.948306,0
281343,0.038024,0.961976,0
407450,0.080187,0.919813,0
311076,0.123892,0.876108,1
184180,0.007366,0.992634,0
391342,0.35176,0.64824,0
329995,0.020988,0.979012,0
176594,0.043995,0.956005,0
195926,0.207016,0.792984,0
301305,0.334079,0.665921,0
455667,0.074842,0.925158,0
227791,0.199837,0.800163,0
429158,0.063922,0.936078,0
260463,0.126366,0.873634,0
324730,0.02036,0.97964,0
392129,0.133763,0.866237,0
270025,0.015378,0.984622,0
274904,0.011378,0.988622,0
255122,0.008943,0.991057,0
263599,0.015055,0.984944,0
446066,0.089466,0.910534,0
455779,0.013785,0.986215,0
455125,0.085528,0.914472,0
248371,0.013775,0.986225,0
116375,0.027364,0.972636,0
414227,0.057365,0.942635,0
315320,0.004373,0.995627,0
261709,0.055821,0.944179,0
365277,0.089357,0.910643,1
310060,0.054576,0.945424,0
164987,0.067531,0.932469,0
120241,0.011639,0.988361,0
101076,0.183848,0.816152,1
179915,0.050959,0.949041,0
225955,0.082652,0.917348,0
391744,0.024427,0.975573,1
219334,0.183456,0.816544,1
286366,0.089414,0.910586,0
389033,0.194119,0.805881,1
338048,0.05002,0.94998,1
449163,0.025407,0.974593,0
200360,0.098148,0.901852,0
446020,0.362133,0.637867,1
256477,0.029882,0.970118,0
143113,0.144562,0.855438,1
292108,0.044977,0.955023,0
429543,0.012073,0.987927,0
370764,0.017534,0.982466,0
229270,0.032693,0.967307,0
298923,0.039356,0.960644,1
306405,0.022428,0.977572,0
158515,0.006689,0.993311,0
326536,0.131908,0.868092,0
105017,0.035174,0.964826,0
216906,0.019458,0.980542,0
270907,0.057887,0.942113,0
439311,0.024134,0.975866,0
221983,0.044441,0.955559,0
262381,0.052866,0.947134,0
259337,0.112474,0.887526,0
242339,0.041338,0.958662,0
273096,0.029698,0.970302,0
119196,0.033353,0.966647,0
182727,0.109658,0.890342,0
110074,0.023267,0.976733,0
143083,0.024367,0.975633,0
389925,0.039872,0.960128,0
322148,0.008162,0.991838,0
327652,0.096005,0.903995,0
104130,0.012342,0.987658,0
383829,0.07638,0.92362,0
311981,0.027516,0.972484,0
386482,0.09866,0.90134,0
354404,0.048718,0.951282,0
166579,0.046052,0.953948,0
325860,0.020304,0.979696,0
123500,0.115708,0.884292,0
328289,0.079585,0.920415,0
360431,0.017853,0.982147,0
416032,0.090187,0.909813,0
276461,0.044582,0.955418,0
241812,0.05791,0.94209,0
440676,0.089953,0.910047,1
284582,0.259675,0.740325,1
313073,0.039082,0.960918,0
122504,0.01495,0.98505,0
108711,0.123204,0.876796,0
346758,0.15702,0.84298,1
334213,0.051376,0.948624,0
373765,0.070259,0.929741,0
266800,0.185412,0.814588,0
297185,0.12988,0.87012,0
393062,0.051756,0.948244,0
146307,0.018074,0.981926,0
333652,0.018013,0.981987,0
119030,0.016019,0.983981,0
303674,0.012948,0.987052,0
361462,0.053767,0.946233,0
160258,0.0464,0.9536,0
214024,0.03493,0.96507,0
337798,0.035657,0.964343,0
437729,0.031912,0.968088,0
430869,0.018741,0.981259,0
338511,0.042727,0.957273,0
449601,0.140045,0.859955,0
347961,0.21389,0.78611,1
407930,0.024264,0.975736,0
117994,0.015635,0.984365,0
337773,0.048146,0.951854,0
239652,0.080057,0.919943,0
414886,0.00888,0.99112,0
104674,0.061014,0.938986,0
159937,0.098355,0.901645,1
368209,0.014809,0.985191,0
266720,0.059738,0.940262,0
159235,0.045168,0.954832,0
186824,0.007884,0.992116,0
238341,0.035319,0.964681,0
358407,0.062825,0.937175,0
250822,0.106478,0.893522,1
304672,0.019703,0.980297,0
419108,0.110378,0.889622,0
447604,0.026961,0.973039,0
344246,0.030073,0.969927,0
372530,0.109949,0.890051,0
416126,0.029463,0.970537,0
331931,0.008699,0.991301,0
404410,0.011869,0.988131,0
319924,0.023061,0.976939,0
378941,0.050871,0.949129,0
149827,0.011682,0.988318,0
371969,0.087058,0.912942,0
252259,0.004044,0.995956,0
166429,0.104474,0.895526,0
205267,0.017278,0.982722,0
130196,0.012717,0.987283,0
374726,0.011936,0.988064,0
178158,0.142135,0.857865,0
208085,0.028533,0.971467,0
285488,0.190669,0.809331,1
126541,0.133819,0.866181,0
352224,0.051619,0.948381,0
165564,0.009367,0.990633,0
373814,0.048182,0.951818,0
403515,0.029705,0.970295,0
394744,0.010468,0.989532,0
248788,0.139432,0.860568,0
165364,0.046878,0.953122,0
237886,0.064172,0.935828,1
392028,0.046506,0.953494,0
274527,0.048867,0.951133,0
306000,0.01132,0.98868,0
244036,0.022931,0.977069,0
393581,0.035943,0.964057,1
175110,0.041149,0.958851,0
214900,0.011764,0.988236,0
350104,0.071844,0.928156,0
266207,0.0297,0.9703,0
328237,0.131297,0.868703,0
227096,0.076542,0.923458,0
379619,0.112582,0.887418,0
428883,0.066338,0.933662,0
349499,0.005037,0.994963,0
194411,0.223341,0.776659,0
250930,0.157239,0.842761,0
418916,0.015801,0.984198,0
406810,0.01044,0.98956,0
235367,0.094637,0.905363,0
279503,0.022139,0.977861,0
303855,0.018988,0.981012,0
216661,0.07103,0.92897,0
215168,0.023836,0.976164,0
336755,0.044846,0.955154,0
243343,0.090473,0.909528,1
288748,0.006723,0.993277,0
348137,0.022893,0.977107,0
310442,0.117528,0.882472,0
164338,0.246831,0.753169,1
436073,0.041264,0.958736,0
391318,0.008338,0.991662,1
210343,0.10419,0.89581,0
135038,0.150426,0.849574,0
347341,0.017269,0.982731,0
391778,0.10025,0.89975,0
185312,0.02798,0.97202,0
407914,0.015511,0.984489,0
227593,0.040399,0.959601,0
280764,0.073588,0.926412,0
419326,0.038899,0.961101,0
421034,0.059836,0.940164,0
324672,0.151304,0.848696,1
149239,0.016073,0.983927,0
223004,0.097011,0.902989,0
299155,0.229404,0.770596,0
176523,0.013532,0.986468,0
213952,0.013577,0.986423,0
125851,0.013257,0.986743,0
343444,0.015036,0.984964,0
266104,0.121233,0.878767,0
143000,0.022661,0.977339,0
291197,0.013475,0.986525,0
409466,0.067791,0.932209,0
450359,0.03951,0.96049,1
378685,0.06318,0.93682,0
276706,0.02156,0.97844,0
312155,0.316087,0.683913,1
102511,0.147823,0.852177,0
162735,0.239129,0.760872,0
406758,0.067353,0.932647,0
451581,0.01765,0.98235,0
449347,0.022168,0.977832,0
316257,0.030243,0.969757,0
130483,0.055184,0.944816,0
213748,0.045105,0.954895,0
113644,0.011001,0.988999,0
210024,0.03087,0.96913,0
322921,0.006709,0.993291,0
116236,0.017315,0.982685,0
206646,0.18276,0.81724,1
355421,0.10935,0.89065,0
342375,0.013167,0.986833,0
289722,0.142249,0.857751,1
235696,0.031256,0.968744,0
247722,0.022604,0.977396,0
225857,0.008672,0.991328,0
333294,0.098075,0.901925,1
145913,0.078975,0.921025,0
420402,0.069606,0.930394,0
188098,0.026799,0.973201,0
263739,0.023744,0.976256,0
264353,0.053729,0.946271,1
282980,0.056281,0.943719,0
361999,0.055245,0.944755,0
326022,0.007853,0.992147,0
191530,0.006364,0.993636,0
186417,0.076695,0.923305,0
262605,0.014293,0.985707,0
170455,0.009877,0.990123,0
181727,0.057226,0.942774,0
315041,0.039328,0.960672,0
440992,0.138366,0.861634,0
332102,0.113133,0.886867,1
212006,0.052339,0.947661,1
182436,0.018241,0.981759,0
300160,0.085138,0.914862,0
322453,0.010781,0.989219,0
160251,0.139122,0.860878,0
380976,0.245713,0.754287,0
171807,0.013873,0.986127,0
425495,0.018945,0.981055,0
286204,0.01172,0.98828,0
111788,0.025938,0.974062,0
339869,0.00803,0.99197,0
408854,0.021806,0.978194,0
278650,0.032777,0.967223,0
108358,0.028469,0.971531,0
245886,0.033415,0.966585,0
365384,0.037747,0.962254,0
450379,0.010182,0.989818,0
442327,0.011538,0.988462,0
259127,0.080014,0.919986,0
153652,0.076918,0.923082,1
357528,0.030563,0.969437,0
247399,0.027327,0.972673,0
411177,0.074479,0.925521,0
151541,0.009737,0.990263,0
386717,0.015447,0.984553,0
435841,0.07167,0.92833,0
364297,0.10504,0.89496,0
275674,0.014023,0.985977,0
342658,0.051364,0.948636,0
161183,0.130986,0.869014,0
259711,0.019371,0.980629,0
282564,0.038712,0.961288,0
189781,0.101434,0.898566,0
371220,0.294148,0.705852,1
257092,0.038339,0.961661,0
187331,0.197181,0.802819,1
356263,0.049498,0.950502,0
205920,0.259107,0.740893,0
191269,0.017702,0.982298,0
398975,0.171226,0.828774,0
394763,0.029747,0.970253,1
216754,0.003615,0.996385,0
375751,0.011512,0.988488,0
449056,0.03663,0.96337,0
221201,0.055485,0.944515,0
290323,0.026791,0.973209,0
171931,0.010621,0.989379,0
387470,0.036813,0.963187,0
364195,0.054361,0.945639,0
375129,0.046805,0.953195,0
375903,0.057293,0.942707,0
139619,0.040611,0.959389,0
268702,0.015198,0.984802,0
414028,0.011681,0.988319,0
207788,0.025775,0.974225,0
384976,0.050986,0.949014,0
407859,0.018959,0.981041,0
118649,0.006142,0.993858,0
345577,0.054932,0.945068,0
309412,0.147581,0.852419,0
115912,0.252349,0.747651,1
206899,0.013734,0.986266,0
144228,0.071475,0.928525,0
448744,0.01821,0.98179,0
264972,0.006442,0.993558,0
229932,0.060138,0.939862,1
438204,0.011715,0.988285,0
235443,0.019392,0.980608,0
312116,0.071339,0.928661,0
356919,0.034925,0.965075,0
452384,0.035279,0.964721,0
218417,0.01483,0.98517,0
104507,0.182206,0.817794,1
236264,0.052772,0.947228,0
296707,0.058283,0.941717,1
130296,0.01627,0.98373,0
251925,0.082176,0.917824,1
438278,0.042504,0.957496,0
166898,0.004803,0.995197,0
115331,0.010931,0.989068,0
210539,0.002921,0.997079,0
417519,0.028967,0.971033,0
217611,0.024226,0.975774,0
379740,0.396019,0.603981,0
222929,0.037023,0.962978,0
315072,0.055392,0.944608,0
232021,0.066997,0.933003,0
110001,0.066981,0.933019,0
170985,0.029861,0.970139,0
285573,0.015499,0.984501,0
217831,0.134636,0.865364,0
431819,0.098095,0.901906,0
382844,0.007784,0.992216,0
225708,0.054708,0.945292,0
354852,0.02431,0.97569,0
348927,0.01724,0.98276,0
162707,0.054434,0.945566,0
413071,0.025151,0.974849,0
153210,0.026772,0.973228,1
243422,0.024873,0.975127,0
189702,0.046649,0.953351,0
258774,0.071853,0.928147,1
309691,0.020146,0.979854,0
411351,0.12068,0.87932,0
172609,0.114073,0.885927,0
440108,0.06055,0.93945,1
271089,0.029592,0.970408,1
109286,0.088666,0.911334,1
158349,0.097552,0.902448,0
435950,0.004289,0.995711,0
174649,0.047888,0.952112,0
265352,0.013932,0.986068,0
272794,0.104749,0.895251,0
278294,0.150053,0.849947,0
411936,0.022168,0.977832,0
164421,0.068241,0.931759,0
297546,0.033772,0.966228,0
454822,0.028475,0.971525,0
448117,0.098747,0.901253,0
228766,0.017926,0.982074,0
276481,0.105737,0.894263,0
352480,0.053946,0.946054,0
402018,0.214565,0.785435,0
381095,0.022465,0.977535,0
306761,0.069024,0.930976,1
241288,0.011424,0.988576,0
216652,0.181183,0.818817,1
207585,0.089896,0.910104,1
191839,0.054843,0.945157,0
147837,0.025524,0.974476,0
298197,0.049359,0.950641,0
148525,0.12968,0.87032,0
223217,0.030528,0.969472,0
396541,0.011044,0.988956,0
320145,0.045306,0.954694,0
154082,0.138285,0.861715,0
169747,0.011359,0.988641,0
134452,0.018323,0.981677,0
353180,0.183173,0.816827,0
115352,0.018649,0.981351,0
160353,0.103825,0.896175,0
184947,0.028673,0.971327,0
389536,0.030686,0.969314,0
225359,0.013643,0.986357,0
299620,0.015621,0.984379,0
319456,0.140353,0.859647,1
345334,0.007289,0.992711,0
322428,0.016713,0.983287,0
306122,0.027525,0.972475,0
267951,0.075488,0.924512,0
455172,0.16229,0.83771,0
409114,0.095425,0.904575,1
363250,0.019779,0.980221,0
158737,0.004782,0.995218,0
251132,0.120299,0.879701,0
340608,0.023631,0.976369,0
182839,0.028311,0.971689,0
239476,0.089108,0.910892,0
206971,0.052706,0.947294,0
328676,0.074112,0.925888,0
281753,0.02623,0.97377,0
293714,0.021619,0.978381,0
397982,0.014539,0.985461,0
397244,0.026701,0.973299,0
239442,0.041073,0.958927,0
430498,0.004485,0.995515,0
171316,0.031609,0.968391,0
264883,0.020131,0.979869,0
380361,0.010075,0.989925,0
100228,0.026626,0.973374,0
298634,0.066113,0.933887,0
111941,0.068749,0.931251,0
281608,0.0253,0.9747,0
204308,0.085948,0.914052,0
403638,0.010887,0.989113,0
282722,0.054653,0.945348,0
318355,0.010671,0.989328,0
420479,0.131998,0.868002,0
376159,0.024692,0.975308,0
281333,0.049716,0.950284,0
241539,0.246813,0.753187,0
157612,0.090692,0.909308,0
407083,0.012343,0.987657,0
149557,0.137256,0.862744,0
101543,0.052209,0.947791,0
103438,0.032609,0.967391,1
239035,0.071606,0.928394,0
357792,0.062557,0.937444,0
347694,0.024786,0.975214,0
388601,0.117267,0.882733,0
356275,0.020046,0.979954,0
404263,0.036976,0.963024,0
277916,0.006699,0.993301,0
232563,0.251319,0.748681,0
446429,0.003038,0.996962,0
135473,0.019374,0.980626,0
225559,0.012421,0.987579,0
430643,0.007552,0.992448,0
416781,0.203135,0.796865,0
447647,0.022397,0.977603,0
162377,0.085539,0.914461,0
212125,0.018188,0.981812,0
266600,0.157616,0.842384,0
193811,0.011339,0.988661,0
254975,0.006811,0.993189,0
431414,0.072624,0.927376,0
364680,0.010334,0.989666,0
149807,0.176632,0.823368,0
396579,0.067744,0.932256,0
346282,0.116409,0.883591,0
209397,0.117233,0.882767,1
212216,0.031367,0.968633,0
211644,0.057022,0.942978,0
430956,0.026412,0.973588,0
221330,0.011965,0.988035,0
191122,0.121352,0.878648,0
302212,0.016975,0.983025,0
295220,0.01111,0.98889,0
120479,0.238023,0.761977,0
386580,0.024787,0.975213,0
129931,0.019323,0.980677,0
451365,0.196161,0.803839,0
129725,0.076827,0.923173,0
273950,0.152558,0.847442,0
233019,0.132676,0.867324,0
275264,0.076549,0.923451,0
404457,0.043185,0.956815,0
319607,0.041713,0.958287,0
204110,0.022004,0.977996,0
134942,0.171248,0.828752,1
243853,0.075742,0.924258,0
322403,0.02079,0.97921,0
197962,0.041756,0.958244,0
358811,0.024036,0.975964,0
198648,0.0338,0.9662,0
376845,0.015494,0.984506,0
238730,0.199087,0.800913,0
381951,0.048539,0.951461,0
287971,0.020054,0.979946,0
293690,0.008668,0.991332,0
245100,0.106784,0.893216,0
216665,0.026593,0.973407,0
130538,0.045586,0.954414,0
382637,0.035624,0.964376,0
424110,0.017378,0.982622,0
250788,0.007025,0.992976,0
192295,0.040222,0.959778,0
159621,0.01684,0.98316,0
296563,0.019908,0.980092,0
159183,0.176868,0.823132,1
247499,0.011496,0.988504,0
202788,0.048825,0.951175,0
122810,0.024123,0.975877,0
174891,0.018032,0.981968,0
448815,0.06394,0.93606,0
375776,0.010379,0.989621,0
255384,0.111923,0.888077,0
363917,0.026696,0.973304,0
414136,0.232121,0.767879,0
449746,0.015068,0.984932,0
385324,0.107481,0.89252,0
435673,0.031167,0.968833,0
102397,0.014032,0.985968,0
356645,0.06631,0.93369,0
328024,0.035888,0.964112,0
312875,0.046826,0.953174,0
219763,0.206382,0.793618,0
133619,0.06164,0.93836,0
373359,0.040859,0.959142,0
138514,0.038807,0.961193,0
200783,0.004536,0.995464,0
275418,0.010294,0.989706,0
141595,0.102893,0.897107,0
290519,0.026362,0.973638,0
176033,0.021151,0.978849,0
254675,0.008425,0.991575,0
373552,0.029983,0.970017,0
191333,0.085504,0.914496,0
143823,0.189609,0.810391,0
230751,0.012457,0.987543,0
224280,0.125065,0.874935,0
313211,0.070707,0.929293,1
156705,0.035118,0.964882,0
333161,0.044847,0.955153,0
313477,0.056472,0.943528,0
273658,0.003183,0.996817,0
291332,0.019325,0.980675,0
300225,0.035933,0.964067,0
150030,0.014162,0.985838,0
119405,0.129763,0.870237,0
272384,0.167505,0.832495,0
281961,0.011135,0.988865,0
104724,0.011523,0.988477,0
448196,0.032595,0.967405,0
117435,0.112218,0.887782,0
282796,0.026653,0.973347,0
222434,0.080825,0.919175,0
448339,0.035245,0.964755,0
193748,0.202108,0.797892,0
211151,0.025107,0.974893,0
116070,0.014188,0.985812,0
407851,0.017566,0.982434,0
166952,0.016948,0.983052,0
441308,0.02406,0.97594,0
215238,0.02325,0.97675,0
171143,0.05907,0.94093,0
181857,0.14252,0.85748,0
186163,0.02552,0.97448,0
447719,0.003596,0.996404,0
217606,0.04181,0.95819,0
268103,0.018326,0.981674,0
121082,0.02026,0.97974,1
296786,0.016605,0.983395,0
152532,0.115992,0.884008,0
380530,0.065422,0.934578,0
322487,0.032133,0.967867,0
312641,0.039354,0.960646,0
283209,0.024699,0.975301,0
123440,0.022395,0.977605,0
430181,0.022759,0.977241,0
348957,0.020588,0.979412,0
258436,0.119141,0.880859,0
215240,0.037592,0.962408,0
394497,0.009515,0.990485,0
312418,0.011163,0.988838,0
244568,0.162764,0.837236,1
232960,0.041021,0.958979,1
176885,0.048136,0.951864,0
370368,0.004627,0.995373,0
118240,0.012216,0.987784,0
443990,0.020843,0.979157,0
346335,0.330605,0.669395,0
229421,0.099887,0.900113,0
297921,0.188934,0.811066,0
367389,0.037731,0.962269,1
255268,0.052041,0.947959,0
142695,0.109708,0.890292,0
290459,0.087591,0.912409,0
231521,0.074342,0.925658,0
312038,0.082775,0.917224,0
213099,0.039759,0.960241,0
382996,0.031812,0.968188,0
406370,0.029143,0.970857,1
434299,0.031337,0.968663,0
247507,0.031584,0.968416,0
294297,0.025268,0.974732,0
224335,0.004942,0.995058,0
451198,0.019989,0.980011,0
212306,0.17456,0.82544,0
167400,0.168395,0.831605,0
174558,0.008393,0.991607,0
142765,0.094111,0.905889,0
387319,0.010267,0.989733,0
408730,0.0269,0.9731,0
156044,0.037732,0.962268,0
360522,0.009797,0.990203,0
114448,0.037942,0.962058,0
170052,0.027935,0.972065,0
230399,0.073555,0.926445,0
154993,0.22562,0.77438,0
181925,0.038516,0.961484,0
178025,0.014244,0.985756,0
407241,0.017892,0.982108,0
207106,0.047003,0.952997,0
210548,0.015602,0.984398,0
445120,0.127901,0.872099,1
205462,0.244828,0.755172,1
265451,0.023649,0.976352,0
206222,0.012024,0.987976,0
229780,0.313115,0.686885,0
269326,0.03202,0.96798,0
284354,0.030137,0.969863,0
374983,0.124229,0.875771,0
146148,0.266497,0.733503,0
409544,0.06492,0.93508,1
345693,0.109163,0.890837,0
144144,0.00984,0.99016,0
352888,0.073769,0.926231,0
398084,0.014506,0.985494,0
374412,0.078534,0.921466,0
445816,0.314981,0.685019,0
344033,0.137444,0.862556,1
439363,0.006981,0.993019,0
100817,0.152054,0.847946,0
353838,0.26486,0.73514,1
349554,0.078052,0.921948,0
191500,0.031412,0.968588,0
417507,0.011805,0.988195,0
286944,0.11107,0.88893,0
159615,0.014926,0.985074,0
203342,0.015002,0.984998,0
406406,0.024092,0.975908,0
426150,0.025178,0.974822,0
348673,0.013284,0.986716,0
332030,0.052353,0.947647,0
112444,0.05531,0.94469,0
355567,0.134494,0.865506,0
201193,0.078625,0.921375,0
429733,0.044076,0.955924,1
403295,0.188525,0.811475,0
435484,0.007641,0.992359,0
314946,0.042579,0.957421,0
377377,0.039131,0.960869,0
426227,0.083329,0.916671,0
293076,0.085768,0.914232,0
225137,0.107936,0.892064,0
274329,0.015655,0.984345,0
244400,0.071916,0.928084,0
389634,0.012495,0.987505,0
192916,0.01724,0.98276,0
436895,0.052281,0.947719,0
204787,0.124279,0.875721,1
107262,0.057164,0.942836,0
390892,0.035072,0.964928,0
166906,0.068332,0.931668,0
433450,0.082837,0.917163,0
406619,0.012101,0.987899,0
367281,0.046051,0.953949,0
166878,0.111834,0.888166,0
300091,0.081296,0.918704,0
244427,0.058191,0.941808,1
166593,0.006067,0.993934,0
244511,0.035394,0.964606,0
343511,0.018627,0.981373,0
383484,0.057806,0.942194,0
107494,0.020436,0.979564,0
178121,0.111369,0.888631,1
206385,0.033301,0.966699,0
151142,0.012658,0.987342,0
273919,0.00451,0.99549,0
179057,0.049208,0.950792,0
259176,0.040369,0.959632,0
300606,0.049584,0.950416,1
186009,0.095813,0.904187,0
427799,0.022034,0.977966,0
136498,0.02077,0.97923,0
150144,0.093344,0.906656,0
257058,0.062511,0.937489,0
297808,0.007127,0.992873,0
303911,0.010749,0.989251,0
277353,0.018927,0.981073,0
446873,0.255448,0.744552,0
397965,0.011641,0.988359,0
240958,0.026071,0.973929,0
214461,0.016317,0.983683,1
279019,0.020577,0.979423,0
132626,0.164854,0.835146,0
289876,0.071358,0.928642,0
145400,0.042436,0.957564,0
104123,0.012333,0.987667,0
213426,0.030392,0.969608,1
169058,0.018072,0.981928,0
335510,0.106415,0.893585,1
429515,0.029464,0.970536,0
208539,0.141553,0.858447,1
193101,0.017697,0.982302,0
433393,0.0584,0.9416,0
455837,0.13033,0.86967,0
157638,0.085184,0.914816,0
331601,0.087777,0.912223,1
348676,0.022124,0.977876,0
205416,0.005061,0.994939,0
286301,0.038076,0.961924,1
290372,0.254644,0.745356,0
214091,0.008895,0.991105,0
158758,0.04391,0.95609,0
131127,0.147991,0.852009,0
182831,0.01698,0.98302,0
288652,0.017596,0.982404,0
368943,0.0235,0.9765,0
358335,0.015943,0.984057,0
333944,0.013842,0.986158,0
286393,0.200976,0.799024,0
232599,0.030969,0.969031,0
452218,0.09856,0.90144,1
288409,0.02902,0.97098,1
144765,0.018989,0.981011,0
387721,0.029336,0.970664,0
190430,0.02676,0.97324,1
396131,0.140851,0.859149,1
182692,0.044235,0.955766,0
180693,0.158785,0.841215,1
347086,0.129082,0.870918,0
336647,0.012527,0.987473,0
341996,0.026874,0.973126,0
405798,0.069421,0.930579,0
198971,0.127804,0.872196,0
339574,0.061601,0.938399,1
361294,0.068613,0.931387,0
110656,0.019181,0.980819,0
141139,0.091034,0.908966,0
381317,0.036522,0.963478,0
128373,0.029468,0.970532,0
229288,0.00614,0.99386,0
254198,0.071955,0.928045,0
196998,0.022965,0.977035,0
302514,0.047232,0.952768,0
226019,0.01463,0.98537,0
146662,0.044576,0.955424,0
106139,0.028316,0.971684,0
397269,0.146451,0.853549,0
149833,0.03649,0.96351,1
102229,0.029439,0.970561,0
281902,0.029204,0.970796,0
401610,0.08217,0.91783,0
347407,0.012375,0.987625,0
104527,0.008324,0.991676,0
295965,0.199701,0.800299,0
179219,0.026516,0.973484,0
151020,0.178631,0.821369,0
280581,0.009634,0.990366,0
399082,0.161642,0.838358,0
108496,0.011613,0.988387,0
245334,0.02813,0.97187,0
439686,0.012501,0.987499,0
416131,0.013529,0.986471,0
403507,0.033996,0.966004,0
177718,0.056543,0.943456,0
227955,0.031732,0.968268,0
119662,0.017176,0.982824,0
287120,0.057608,0.942392,0
452810,0.018756,0.981244,0
275687,0.02359,0.97641,0
250132,0.052286,0.947714,0
209099,0.05265,0.94735,0
178880,0.014358,0.985642,0
147613,0.330656,0.669344,0
260857,0.103221,0.89678,0
112433,0.045098,0.954902,0
110743,0.081025,0.918974,0
170982,0.004486,0.995514,0
347594,0.073899,0.926101,0
349478,0.078363,0.921637,0
434885,0.010384,0.989616,0
275163,0.028032,0.971968,0
382465,0.035996,0.964004,0
360818,0.08878,0.91122,0
273344,0.04103,0.95897,0
160204,0.066506,0.933494,0
400919,0.047808,0.952192,0
238837,0.054244,0.945756,0
271900,0.057254,0.942746,0
266318,0.038587,0.961413,0
322208,0.065499,0.934501,0
359995,0.060684,0.939316,0
320809,0.014729,0.985271,0
295082,0.035544,0.964456,0
102607,0.232014,0.767985,0
231683,0.057216,0.942784,0
394543,0.311933,0.688067,0
382048,0.02529,0.97471,0
321278,0.104419,0.895581,0
354048,0.059917,0.940083,0
244768,0.011657,0.988343,0
268369,0.006744,0.993256,0
169696,0.015343,0.984657,0
321705,0.019496,0.980504,0
101924,0.016854,0.983146,0
297682,0.042107,0.957893,0
423478,0.009775,0.990225,0
436754,0.043545,0.956455,0
400722,0.051907,0.948093,0
142815,0.135341,0.864659,1
303289,0.070186,0.929814,0
390239,0.003097,0.996903,0
404020,0.038475,0.961525,0
355684,0.026024,0.973976,0
110976,0.098591,0.901409,0
370890,0.058138,0.941862,0
320542,0.01925,0.98075,0
376895,0.32434,0.67566,1
382311,0.073978,0.926022,0
364157,0.163326,0.836674,0
190344,0.101867,0.898133,0
143610,0.010372,0.989628,0
407207,0.023258,0.976742,0
403623,0.19054,0.80946,1
275196,0.169163,0.830837,0
415674,0.069743,0.930257,0
330298,0.052749,0.947251,0
223576,0.086546,0.913454,0
166193,0.087547,0.912453,0
261278,0.063997,0.936002,0
331787,0.157111,0.842889,0
358581,0.023814,0.976186,0
166678,0.134797,0.865203,0
396194,0.208636,0.791364,0
453901,0.162763,0.837237,0
412491,0.005255,0.994745,0
454193,0.23646,0.76354,0
429842,0.018277,0.981723,0
347668,0.039991,0.960009,0
287087,0.185027,0.814973,0
262137,0.096939,0.903061,0
370059,0.01074,0.98926,0
129626,0.038653,0.961347,0
205280,0.045379,0.954621,0
153346,0.03123,0.96877,0
149218,0.015717,0.984283,0
219790,0.041353,0.958648,0
129554,0.015291,0.984709,0
173887,0.007151,0.992849,0
397448,0.038281,0.961719,0
249606,0.012311,0.987689,0
419390,0.047175,0.952825,0
196596,0.019981,0.980019,1
348988,0.122323,0.877677,0
443002,0.064793,0.935207,0
351529,0.053184,0.946816,0
209023,0.052711,0.947289,0
156990,0.00681,0.99319,0
393368,0.166667,0.833333,0
393619,0.054889,0.945111,0
270642,0.170482,0.829518,0
317613,0.038717,0.961283,0
204302,0.006638,0.993362,0
356860,0.222862,0.777138,1
387706,0.036761,0.963239,0
147134,0.105688,0.894312,1
241309,0.022597,0.977403,0
188620,0.044464,0.955536,0
107325,0.100375,0.899624,0
390572,0.038422,0.961578,0
320032,0.032618,0.967382,0
114268,0.034014,0.965986,0
210392,0.015694,0.984306,0
121007,0.203844,0.796156,1
264994,0.006686,0.993314,0
120667,0.02951,0.97049,0
386673,0.026021,0.973979,0
145906,0.100005,0.899995,0
379433,0.063138,0.936862,0
432843,0.101103,0.898897,0
164034,0.096706,0.903294,0
443714,0.068313,0.931687,0
369037,0.016056,0.983944,0
292738,0.026683,0.973317,0
192364,0.075991,0.924009,0
261844,0.049815,0.950185,0
268710,0.019124,0.980876,0
220154,0.090303,0.909697,0
318316,0.064379,0.935621,0
191072,0.013871,0.986129,0
332154,0.00613,0.99387,0
426006,0.082791,0.917209,0
441886,0.043044,0.956956,0
203792,0.345517,0.654483,0
292195,0.0043,0.9957,0
209029,0.067629,0.932371,0
329502,0.028492,0.971508,0
294166,0.026712,0.973288,0
395464,0.051786,0.948214,0
368980,0.013133,0.986867,0
126521,0.012511,0.987489,0
159542,0.110347,0.889653,0
170525,0.015329,0.984671,0
343115,0.02096,0.97904,0
321005,0.014438,0.985562,0
255555,0.039558,0.960442,1
319851,0.038024,0.961976,0
261443,0.120526,0.879474,0
293665,0.011508,0.988492,0
416772,0.074931,0.925069,0
324637,0.158991,0.841009,0
299015,0.03413,0.96587,0
167531,0.023855,0.976145,0
361980,0.0052,0.9948,0
157180,0.008675,0.991325,0
204517,0.040466,0.959534,0
423627,0.036795,0.963205,0
421716,0.025394,0.974606,0
410846,0.016168,0.983832,0
353381,0.031295,0.968705,0
206572,0.025422,0.974578,0
274647,0.044913,0.955087,0
130400,0.074149,0.925851,1
109016,0.004965,0.995035,0
340893,0.068792,0.931208,0
422945,0.116753,0.883247,0
361009,0.038295,0.961705,0
199399,0.072037,0.927963,0
393228,0.166242,0.833758,0
292648,0.016953,0.983047,0
253411,0.083553,0.916447,0
218878,0.027274,0.972726,0
224932,0.032327,0.967673,0
231518,0.03038,0.96962,0
349959,0.057917,0.942083,0
350914,0.162497,0.837503,1
254571,0.019876,0.980124,0
287183,0.014151,0.985849,0
341569,0.043575,0.956425,0
399822,0.043249,0.956751,0
309171,0.019001,0.980999,0
278558,0.041912,0.958088,0
213296,0.172458,0.827542,0
194592,0.01191,0.98809,0
454411,0.076333,0.923667,0
228913,0.081052,0.918948,0
401692,0.052775,0.947225,0
203901,0.003784,0.996216,0
207196,0.061564,0.938436,0
103696,0.123289,0.876711,0
151534,0.015876,0.984124,0
404676,0.023135,0.976865,0
203501,0.006192,0.993808,0
412910,0.038907,0.961093,0
318804,0.021508,0.978492,0
358360,0.03704,0.96296,1
137197,0.039573,0.960427,0
230112,0.049126,0.950874,0
292136,0.042453,0.957548,0
168978,0.216148,0.783852,0
138762,0.05593,0.94407,0
251477,0.100811,0.899189,0
237129,0.078723,0.921277,0
163072,0.017631,0.982369,0
352466,0.009731,0.990269,0
424611,0.005073,0.994927,0
357267,0.035214,0.964786,0
168713,0.015271,0.984729,0
336557,0.11391,0.88609,1
365752,0.060805,0.939195,1
343083,0.025697,0.974303,0
432676,0.011934,0.988066,0
319888,0.087922,0.912078,1
421595,0.058523,0.941478,0
330663,0.038319,0.961681,0
183850,0.056743,0.943257,0
185102,0.070576,0.929424,0
406458,0.032927,0.967074,0
301499,0.102136,0.897864,1
419918,0.054136,0.945864,0
432865,0.068751,0.931249,0
371058,0.120426,0.879574,1
237067,0.152799,0.847201,0
390756,0.022299,0.977701,0
452725,0.115763,0.884237,1
453750,0.046601,0.953399,0
362765,0.032611,0.967389,0
183376,0.171557,0.828443,0
148466,0.152443,0.847557,0
439795,0.022689,0.977311,0
169207,0.014445,0.985555,0
235232,0.04061,0.95939,0
116611,0.058194,0.941806,0
349240,0.198778,0.801222,1
433285,0.119067,0.880933,0
145468,0.009678,0.990322,0
322865,0.067911,0.932089,0
425290,0.013841,0.986159,0
163108,0.046638,0.953362,0
338186,0.03645,0.96355,0
288958,0.114993,0.885007,0
212212,0.009418,0.990582,0
317733,0.066643,0.933357,0
179900,0.098008,0.901992,0
310151,0.00354,0.99646,0
378598,0.012959,0.987041,0
253071,0.189229,0.810771,0
112006,0.015452,0.984548,0
164497,0.032932,0.967068,0
302637,0.042653,0.957347,0
269689,0.162762,0.837238,1
176170,0.021904,0.978096,1
193429,0.046071,0.95393,0
209925,0.040257,0.959743,0
418454,0.021055,0.978945,0
189785,0.304093,0.695907,1
322670,0.088872,0.911128,0
287739,0.008878,0.991122,0
349987,0.006438,0.993562,0
171154,0.052079,0.947921,0
165694,0.032363,0.967637,0
163157,0.033358,0.966642,0
388161,0.02585,0.97415,0
418016,0.018066,0.981934,0
175757,0.006424,0.993576,0
419664,0.25243,0.74757,0
224000,0.173179,0.826821,1
142194,0.021821,0.978179,1
100281,0.03238,0.96762,0
362585,0.092149,0.907851,0
298888,0.006197,0.993803,0
162465,0.09833,0.90167,0
448764,0.074682,0.925318,0
204652,0.014708,0.985292,0
416827,0.085316,0.914684,0
382125,0.077027,0.922973,1
339278,0.053135,0.946866,0
345316,0.013582,0.986418,0
253152,0.005294,0.994706,0
239103,0.046986,0.953014,0
184375,0.050906,0.949094,0
201584,0.223844,0.776156,0
174573,0.00869,0.99131,0
255702,0.006688,0.993312,0
386592,0.018633,0.981367,0
209693,0.006048,0.993952,0
187702,0.041846,0.958154,0
218306,0.049708,0.950292,0
265919,0.166371,0.833629,1
296742,0.0304,0.9696,0
141703,0.023767,0.976233,0
174437,0.030362,0.969638,0
194495,0.015166,0.984834,0
304611,0.010272,0.989728,0
449280,0.035913,0.964087,0
347164,0.060076,0.939924,0
340201,0.048893,0.951107,0
285150,0.051099,0.948901,0
224817,0.023901,0.9761,0
122345,0.119134,0.880866,1
435294,0.099829,0.900171,0
119275,0.019367,0.980633,0
190603,0.110531,0.889469,0
164732,0.046636,0.953364,0
324012,0.047565,0.952435,0
196096,0.223898,0.776102,0
383654,0.106673,0.893327,0
219759,0.035891,0.964109,0
431436,0.067756,0.932244,0
334752,0.021679,0.978322,0
172311,0.130046,0.869954,0
224574,0.08098,0.91902,0
313764,0.15417,0.84583,0
176217,0.013282,0.986718,0
213732,0.15081,0.84919,0
256176,0.006683,0.993317,0
234985,0.026378,0.973622,0
139154,0.056852,0.943148,1
376695,0.024193,0.975807,0
231470,0.105558,0.894442,0
133593,0.056183,0.943817,0
157645,0.052834,0.947166,0
382388,0.046888,0.953112,0
232700,0.077321,0.922679,0
228545,0.140369,0.859632,0
296783,0.025974,0.974026,0
241632,0.094698,0.905302,0
375933,0.016943,0.983057,0
411146,0.009622,0.990378,0
152502,0.04588,0.95412,0
401267,0.076269,0.923731,0
255358,0.155388,0.844612,0
272153,0.008369,0.991631,0
326974,0.040493,0.959507,0
252648,0.139297,0.860703,0
440534,0.078249,0.921751,0
420034,0.02293,0.97707,0
106156,0.103195,0.896805,0
311431,0.228954,0.771046,0
216040,0.018407,0.981593,0
224498,0.097731,0.902269,0
116800,0.031327,0.968673,0
102060,0.023763,0.976237,0
266353,0.011633,0.988367,0
188922,0.059454,0.940546,1
329437,0.188189,0.811811,1
175102,0.058465,0.941534,0
370469,0.067868,0.932132,0
162853,0.014492,0.985508,0
440531,0.107031,0.892969,0
414680,0.077781,0.922219,1
253438,0.003207,0.996792,0
450665,0.147421,0.852579,1
337770,0.011387,0.988613,0
376057,0.005938,0.994062,0
446576,0.029224,0.970776,0
232641,0.024791,0.975209,0
376069,0.006316,0.993684,0
380143,0.038606,0.961394,0
221830,0.081973,0.918027,0
187504,0.053059,0.946941,0
153400,0.035622,0.964378,0
308733,0.04568,0.95432,0
157303,0.128997,0.871003,0
312989,0.026178,0.973822,0
171777,0.415829,0.584171,1
350798,0.074163,0.925837,0
192378,0.081065,0.918935,1
198170,0.04454,0.95546,0
387717,0.004132,0.995868,0
106782,0.023185,0.976815,0
256005,0.020443,0.979557,0
362878,0.037528,0.962472,0
413327,0.003583,0.996417,0
238770,0.072643,0.927357,1
448082,0.163017,0.836983,0
259138,0.049457,0.950543,0
320885,0.107851,0.892149,0
439022,0.034962,0.965038,0
305277,0.076438,0.923562,0
431654,0.029401,0.970599,0
390595,0.09238,0.90762,0
231045,0.056558,0.943442,0
124229,0.041692,0.958308,1
446592,0.134688,0.865312,1
340419,0.010437,0.989563,0
242976,0.044204,0.955796,0
402086,0.029671,0.970329,0
448378,0.024522,0.975478,0
117620,0.062653,0.937347,0
130242,0.050271,0.949729,0
386387,0.146503,0.853497,0
258021,0.059897,0.940103,1
305926,0.091047,0.908953,0
410717,0.049324,0.950676,0
385755,0.04463,0.95537,0
102992,0.048202,0.951798,0
421232,0.010505,0.989495,0
316573,0.019512,0.980488,0
381271,0.012948,0.987052,0
180169,0.044498,0.955502,0
239668,0.139648,0.860352,0
288025,0.051276,0.948724,0
264158,0.14691,0.85309,0
343612,0.020711,0.979289,0
252237,0.070053,0.929947,0
216913,0.164485,0.835515,0
257708,0.027554,0.972446,0
189090,0.058201,0.941799,0
214341,0.022397,0.977603,0
443624,0.217014,0.782986,1
356149,0.023183,0.976817,0
182178,0.127458,0.872542,0
251040,0.058022,0.941978,0
210878,0.022405,0.977595,0
115788,0.042044,0.957956,0
227038,0.103096,0.896904,0
346819,0.016748,0.983252,0
342389,0.035998,0.964002,0
248823,0.079055,0.920945,0
125011,0.145347,0.854653,0
352483,0.101511,0.898488,0
170829,0.009606,0.990394,1
436206,0.012525,0.987475,0
279789,0.140207,0.859793,1
207508,0.01875,0.98125,0
292494,0.027047,0.972953,0
296558,0.023815,0.976185,0
227359,0.034544,0.965456,0
309862,0.022434,0.977566,0
373845,0.012667,0.987332,0
189476,0.055496,0.944504,0
217884,0.201548,0.798452,0
183968,0.017064,0.982936,0
175855,0.015738,0.984262,0
444874,0.174701,0.825299,0
443349,0.038143,0.961857,0
371777,0.008772,0.991228,0
166676,0.016311,0.983689,0
246838,0.047951,0.952049,0
169394,0.084628,0.915372,0
402166,0.356814,0.643186,1
335442,0.133791,0.866209,1
210424,0.050202,0.949798,0
148103,0.029035,0.970965,0
360401,0.019321,0.980679,0
215325,0.07004,0.92996,0
283422,0.126748,0.873252,0
239369,0.004848,0.995152,0
136034,0.033422,0.966578,0
207764,0.174623,0.825377,0
394795,0.077198,0.922802,0
296370,0.006717,0.993283,0
384674,0.015415,0.984585,0
116999,0.017915,0.982085,0
209876,0.015076,0.984924,0
414189,0.029436,0.970564,0
347772,0.009643,0.990357,0
241758,0.010826,0.989174,0
196022,0.092134,0.907866,0
254152,0.020857,0.979143,0
205592,0.071021,0.928979,0
104217,0.058988,0.941012,0
364388,0.007926,0.992074,0
375734,0.022811,0.977189,0
337195,0.167956,0.832044,0
195733,0.007441,0.992559,0
152485,0.038708,0.961292,1
202031,0.134163,0.865837,0
151086,0.015165,0.984835,0
257314,0.017683,0.982317,1
151949,0.242741,0.757259,0
365258,0.074666,0.925334,0
185377,0.016947,0.983053,0
244691,0.022075,0.977924,0
129025,0.260178,0.739822,0
193218,0.016672,0.983328,0
228167,0.010061,0.989939,0
322162,0.006595,0.993405,0
144408,0.084164,0.915836,1
133550,0.016384,0.983616,0
317407,0.003606,0.996394,0
386944,0.048653,0.951347,0
437495,0.060902,0.939098,0
128302,0.008631,0.991369,0
210899,0.013042,0.986958,0
221761,0.096156,0.903844,0
387385,0.02438,0.97562,0
169566,0.013144,0.986856,0
209217,0.113971,0.886029,0
413194,0.126653,0.873347,0
327709,0.046959,0.953041,0
272798,0.019016,0.980984,0
424403,0.061028,0.938972,1
374050,0.011734,0.988266,0
135334,0.017197,0.982803,0
149343,0.259068,0.740932,1
445926,0.08011,0.91989,0
312463,0.012391,0.987609,0
154156,0.071422,0.928578,0
249877,0.023014,0.976986,0
315082,0.069632,0.930368,0
283028,0.041937,0.958063,0
364444,0.054988,0.945012,0
418274,0.042745,0.957255,0
228030,0.025186,0.974814,0
395695,0.015258,0.984742,0
278557,0.013516,0.986484,0
445142,0.038417,0.961583,0
320702,0.033346,0.966654,0
408125,0.096562,0.903438,0
138151,0.025949,0.974051,0
312537,0.01403,0.98597,0
392442,0.096027,0.903972,0
402453,0.012999,0.987001,0
417597,0.015001,0.984998,0
146230,0.210527,0.789473,1
277682,0.01454,0.98546,0
113756,0.06482,0.93518,0
112807,0.009724,0.990276,0
426801,0.098068,0.901932,0
276062,0.020896,0.979104,0
441068,0.049833,0.950167,0
189703,0.068097,0.931903,0
296314,0.027177,0.972823,0
148059,0.024068,0.975932,0
199034,0.010574,0.989426,0
430525,0.015724,0.984276,1
398903,0.041183,0.958817,1
224969,0.058091,0.941909,0
353674,0.227804,0.772196,0
288869,0.057757,0.942243,0
144823,0.029902,0.970098,0
297863,0.31732,0.68268,0
229526,0.013174,0.986826,0
212020,0.069889,0.930111,0
206857,0.007133,0.992867,0
274317,0.099368,0.900632,0
408656,0.024593,0.975407,0
154931,0.055351,0.944649,0
453013,0.011112,0.988888,0
437940,0.008746,0.991254,0
393190,0.054743,0.945257,0
180308,0.0208,0.9792,0
256986,0.071957,0.928043,0
265764,0.038524,0.961476,0
361876,0.074259,0.925741,0
320560,0.055983,0.944017,0
171324,0.048566,0.951434,0
247216,0.127926,0.872074,0
436589,0.040147,0.959853,0
105391,0.037578,0.962422,0
423792,0.057128,0.942872,1
178642,0.012377,0.987623,0
153142,0.029843,0.970157,0
446868,0.016046,0.983954,0
149760,0.027914,0.972086,0
398278,0.020147,0.979853,0
101036,0.2421,0.7579,0
221018,0.02464,0.97536,0
308109,0.020299,0.979701,0
300885,0.041363,0.958637,0
125160,0.298803,0.701197,1
373300,0.008258,0.991742,0
420948,0.016655,0.983346,0
425714,0.010087,0.989913,0
422023,0.005317,0.994683,0
167784,0.042534,0.957466,0
253513,0.037494,0.962506,0
423678,0.047568,0.952432,0
146111,0.054972,0.945028,0
202588,0.069014,0.930986,1
163806,0.075913,0.924087,0
340156,0.112459,0.88754,0
402859,0.010354,0.989646,0
164519,0.003296,0.996704,0
389728,0.09348,0.90652,0
238556,0.078096,0.921904,0
330230,0.029102,0.970898,0
359045,0.014224,0.985776,0
122053,0.092194,0.907806,0
448622,0.013972,0.986028,0
198086,0.028788,0.971212,0
421251,0.020583,0.979417,0
171261,0.011587,0.988413,0
204968,0.095112,0.904888,1
333514,0.026293,0.973706,0
335297,0.031878,0.968122,0
325225,0.008772,0.991228,0
174844,0.078539,0.921461,0
444760,0.026096,0.973904,0
248047,0.008312,0.991688,0
329550,0.023584,0.976416,0
271828,0.045072,0.954928,0
164221,0.094436,0.905564,0
164292,0.239357,0.760643,0
383811,0.050485,0.949515,0
292712,0.016412,0.983588,0
278457,0.028665,0.971335,0
198960,0.032072,0.967928,0
382727,0.098784,0.901216,0
364998,0.010134,0.989866,0
254954,0.057997,0.942003,0
410885,0.079151,0.920849,1
411469,0.043385,0.956615,0
318376,0.012755,0.987245,0
368160,0.054625,0.945375,0
449653,0.035572,0.964428,0
254264,0.164903,0.835097,0
339012,0.208279,0.791721,0
455432,0.056747,0.943253,0
393473,0.044214,0.955786,0
452453,0.004193,0.995807,0
454866,0.005565,0.994435,0
210865,0.006511,0.993489,0
329780,0.020524,0.979476,0
382411,0.124246,0.875754,0
362122,0.016614,0.983386,0
336334,0.127139,0.872861,1
138503,0.010269,0.989731,0
107496,0.020281,0.979719,0
229142,0.037961,0.962039,0
416625,0.11874,0.88126,0
378101,0.011711,0.988289,0
425123,0.036278,0.963722,0
185668,0.014118,0.985882,0
191058,0.094411,0.905589,0
281694,0.1556,0.8444,0
161865,0.056098,0.943902,1
104227,0.012051,0.987949,0
268134,0.349897,0.650103,1
408024,0.114502,0.885498,0
423238,0.170083,0.829917,0
441213,0.04249,0.95751,0
241583,0.080602,0.919398,0
204947,0.132386,0.867614,1
389908,0.070729,0.929271,1
272324,0.100806,0.899194,0
147609,0.059488,0.940512,0
269198,0.020296,0.979704,0
325964,0.008802,0.991198,0
441631,0.006328,0.993672,0
326745,0.0434,0.9566,0
185911,0.016308,0.983692,0
164489,0.09211,0.90789,0
121256,0.028663,0.971337,0
371343,0.098567,0.901433,0
204146,0.154093,0.845907,0
313739,0.185623,0.814377,0
373695,0.106517,0.893483,0
186356,0.043426,0.956574,0
315521,0.100091,0.899909,0
184451,0.11033,0.88967,0
447536,0.041239,0.958761,0
139648,0.016081,0.983919,0
186684,0.049163,0.950837,0
260057,0.007075,0.992924,0
388027,0.141877,0.858123,0
271238,0.010217,0.989783,0
338396,0.107005,0.892995,0
179636,0.055875,0.944125,0
241388,0.172023,0.827977,0
197843,0.124635,0.875365,0
411789,0.035699,0.964301,0
299147,0.037381,0.962619,0
269131,0.054932,0.945068,0
308268,0.013619,0.986382,0
348869,0.003499,0.996501,0
389765,0.029396,0.970604,0
416047,0.024746,0.975254,0
362022,0.00701,0.99299,0
437472,0.020529,0.979471,0
394055,0.025907,0.974093,1
228560,0.174754,0.825246,1
164678,0.057785,0.942215,0
396907,0.02819,0.97181,0
418617,0.013851,0.986149,0
387036,0.02483,0.97517,0
357784,0.064474,0.935526,0
297334,0.055386,0.944614,0
300223,0.008229,0.991771,0
370253,0.030617,0.969383,0
317153,0.136584,0.863416,1
138895,0.070434,0.929566,0
356661,0.033839,0.966161,0
142998,0.151379,0.848622,0
267605,0.066611,0.933389,0
420562,0.019467,0.980533,0
314048,0.136871,0.863129,0
281173,0.160981,0.839019,1
120424,0.017117,0.982883,0
184205,0.036674,0.963326,0
374768,0.027866,0.972134,0
321590,0.215072,0.784928,0
316177,0.11285,0.88715,0
175532,0.052375,0.947625,0
181491,0.018234,0.981766,0
191600,0.066349,0.933651,0
311196,0.049627,0.950373,0
221010,0.112142,0.887858,0
252324,0.032638,0.967362,0
164174,0.082547,0.917453,0
123188,0.043069,0.956931,0
166439,0.019593,0.980408,0
371892,0.092648,0.907352,0
262545,0.041113,0.958887,0
115031,0.029379,0.970621,0
132001,0.015518,0.984482,0
192098,0.251076,0.748924,0
341051,0.049433,0.950567,0
275807,0.079846,0.920154,0
246584,0.083387,0.916613,0
438208,0.060766,0.939234,0
337696,0.028754,0.971246,0
215047,0.019979,0.980021,0
411174,0.261445,0.738555,1
147428,0.060086,0.939914,0
111718,0.017242,0.982758,0
443943,0.004053,0.995947,0
249585,0.048773,0.951227,0
378831,0.022797,0.977203,0
125238,0.063515,0.936485,0
305533,0.211718,0.788282,0
287489,0.054957,0.945043,0
233009,0.020707,0.979293,0
254818,0.041278,0.958722,0
173669,0.03518,0.96482,0
274973,0.022254,0.977746,0
156959,0.069532,0.930468,0
299186,0.066462,0.933538,0
138743,0.068616,0.931384,1
253103,0.025939,0.974061,0
164698,0.004767,0.995232,0
172307,0.073162,0.926838,0
315999,0.07426,0.92574,0
114039,0.108929,0.891071,0
145526,0.118864,0.881136,0
260552,0.01432,0.98568,0
301642,0.062335,0.937665,0
368720,0.110344,0.889656,1
344486,0.048179,0.951821,0
352537,0.108471,0.891529,0
171586,0.169861,0.830139,0
313580,0.113561,0.886439,0
158846,0.099766,0.900234,0
101104,0.021351,0.978649,0
209017,0.01188,0.98812,0
451414,0.04693,0.95307,1
339093,0.122257,0.877743,0
272281,0.075095,0.924905,0
260047,0.029572,0.970428,0
357643,0.00959,0.99041,0
187355,0.023637,0.976363,0
112258,0.039504,0.960496,0
305639,0.03805,0.96195,0
265316,0.101866,0.898134,0
444679,0.100751,0.899249,0
427970,0.165696,0.834304,0
172478,0.012419,0.987581,0
135739,0.122199,0.877801,0
306890,0.142918,0.857082,0
342211,0.088773,0.911227,0
234176,0.14481,0.85519,0
437460,0.240782,0.759218,0
175608,0.020841,0.979159,0
159634,0.026403,0.973597,0
144458,0.01132,0.98868,0
130460,0.074551,0.925449,0
107829,0.010104,0.989896,0
268016,0.016898,0.983102,0
102535,0.018603,0.981397,0
411254,0.048498,0.951502,0
382593,0.006779,0.993221,0
377507,0.03504,0.96496,0
118811,0.037305,0.962695,0
164930,0.007182,0.992818,0
185414,0.013159,0.986841,0
132628,0.023612,0.976388,0
192886,0.04606,0.95394,0
423236,0.077913,0.922087,0
300591,0.318488,0.681512,1
162906,0.058931,0.94107,0
144676,0.033546,0.966454,0
371348,0.010171,0.989829,0
424869,0.008335,0.991665,0
227403,0.023281,0.976719,0
133094,0.045549,0.954451,0
377400,0.054588,0.945412,0
185109,0.004754,0.995246,0
187562,0.024824,0.975176,0
179732,0.027044,0.972956,0
185217,0.02697,0.97303,0
121706,0.00943,0.99057,0
342015,0.078681,0.921319,0
187633,0.078655,0.921345,0
281858,0.035969,0.964031,0
335882,0.039419,0.960581,0
416345,0.273536,0.726464,0
322128,0.055439,0.944561,0
324660,0.144084,0.855916,1
285805,0.036043,0.963957,1
349898,0.026094,0.973906,0
426609,0.009939,0.990061,0
228896,0.203936,0.796064,0
145405,0.020366,0.979634,0
424948,0.032825,0.967175,1
300154,0.007963,0.992037,0
157452,0.090977,0.909023,0
335059,0.092298,0.907702,0
129542,0.089387,0.910613,0
344003,0.0742,0.9258,0
215340,0.070641,0.929359,0
207986,0.085067,0.914933,0
345356,0.021044,0.978956,0
199106,0.029136,0.970864,0
198274,0.006717,0.993282,0
209380,0.018822,0.981178,0
425538,0.019115,0.980885,0
319388,0.040172,0.959828,0
351510,0.015025,0.984975,0
295461,0.006673,0.993327,0
300899,0.094837,0.905163,0
249940,0.022962,0.977038,0
303025,0.221542,0.778458,1
207346,0.023528,0.976472,0
275764,0.043003,0.956997,0
443907,0.011702,0.988298,0
160958,0.007323,0.992677,0
219429,0.020869,0.979131,0
258167,0.149083,0.850917,0
324800,0.013509,0.986491,0
422085,0.047972,0.952028,0
213820,0.0559,0.9441,0
374843,0.012834,0.987166,0
375009,0.184716,0.815284,0
450426,0.042069,0.957931,0
381997,0.060633,0.939367,0
281395,0.026963,0.973037,0
237384,0.152468,0.847532,1
139857,0.114427,0.885573,0
168146,0.040189,0.959811,0
323993,0.026455,0.973545,0
285280,0.041795,0.958205,0
384097,0.04716,0.95284,0
113877,0.066486,0.933514,0
291998,0.076732,0.923268,0
168780,0.041936,0.958064,0
424279,0.010982,0.989018,0
417515,0.014861,0.985139,0
110609,0.024122,0.975878,0
292075,0.150367,0.849633,0
355637,0.09765,0.90235,0
386443,0.026891,0.973109,0
244274,0.009855,0.990145,0
101071,0.033223,0.966777,0
306858,0.047743,0.952257,0
136775,0.015902,0.984098,0
305804,0.056441,0.943559,0
410558,0.068199,0.931801,0
338251,0.212091,0.787909,0
365215,0.116852,0.883148,0
104077,0.039192,0.960808,0
418163,0.016739,0.983261,0
248407,0.064494,0.935506,0
393542,0.012126,0.987874,0
105918,0.091015,0.908985,0
442475,0.050927,0.949073,0
194404,0.007889,0.992111,0
157964,0.012454,0.987546,0
200280,0.056866,0.943134,0
358485,0.037146,0.962854,0
249274,0.014088,0.985912,0
132783,0.034615,0.965385,0
256478,0.040095,0.959905,0
204300,0.012118,0.987882,0
251293,0.038929,0.961071,0
272042,0.005928,0.994072,0
328112,0.060093,0.939907,0
436371,0.011657,0.988343,0
382082,0.084113,0.915887,0
140696,0.058444,0.941556,0
259767,0.022364,0.977636,0
431266,0.003772,0.996228,0
305897,0.05954,0.94046,0
107701,0.018769,0.981231,0
349443,0.081658,0.918342,0
201134,0.190068,0.809932,0
289928,0.058847,0.941153,0
201632,0.009284,0.990716,0
437168,0.067388,0.932612,0
277877,0.023957,0.976043,0
392338,0.014682,0.985318,0
343287,0.067795,0.932205,0
342622,0.015455,0.984545,0
147442,0.00611,0.99389,0
191559,0.013899,0.986101,0
398284,0.039925,0.960075,0
419260,0.005082,0.994918,0
444651,0.020677,0.979323,0
126319,0.022281,0.977719,0
449313,0.011306,0.988694,0
197955,0.034213,0.965787,0
425287,0.088297,0.911703,0
205046,0.059055,0.940944,0
401892,0.02418,0.97582,0
176354,0.147112,0.852888,0
236705,0.01881,0.98119,0
144771,0.037563,0.962437,0
111568,0.264838,0.735162,0
102082,0.080129,0.919871,0
303265,0.037086,0.962914,1
221409,0.099925,0.900075,0
224419,0.05071,0.94929,0
232787,0.036271,0.963729,0
318962,0.050873,0.949127,0
176778,0.029672,0.970328,0
368880,0.034416,0.965584,0
338635,0.065904,0.934096,0
108042,0.01239,0.98761,0
221786,0.054356,0.945644,0
169464,0.004758,0.995242,0
393292,0.02908,0.97092,0
107890,0.036632,0.963368,0
397895,0.129208,0.870792,0
281241,0.011499,0.988501,0
373417,0.101071,0.898929,0
385234,0.017912,0.982088,0
454697,0.050051,0.949949,0
401278,0.113696,0.886304,0
196694,0.040369,0.959631,0
388430,0.022226,0.977774,0
445474,0.032872,0.967128,0
194226,0.014044,0.985956,0
273838,0.034668,0.965332,0
243107,0.008561,0.991439,0
146963,0.034533,0.965467,0
350057,0.01268,0.98732,0
296078,0.069564,0.930436,0
113138,0.109756,0.890244,0
101317,0.02695,0.97305,0
182987,0.008623,0.991377,0
274127,0.033147,0.966853,0
317821,0.13731,0.86269,0
442817,0.014778,0.985222,0
283402,0.016702,0.983298,0
320103,0.08764,0.91236,0
170229,0.050226,0.949774,0
105823,0.012898,0.987102,0
370444,0.033302,0.966698,0
228009,0.031,0.969,0
172321,0.044009,0.955991,0
438092,0.011418,0.988582,0
308214,0.015214,0.984786,0
436144,0.142816,0.857184,0
165873,0.066064,0.933936,0
450410,0.016328,0.983672,0
393620,0.010053,0.989947,0
164533,0.032353,0.967647,0
333792,0.045876,0.954124,0
155776,0.053131,0.946869,0
276417,0.074176,0.925824,0
115678,0.138142,0.861858,0
118085,0.010876,0.989124,0
272549,0.073818,0.926182,0
419398,0.058408,0.941592,0
197846,0.017883,0.982117,0
371717,0.004978,0.995022,0
113023,0.080498,0.919502,0
346376,0.008042,0.991958,0
307290,0.011939,0.988061,0
424658,0.100388,0.899612,0
431094,0.022,0.978,0
194398,0.031185,0.968815,0
293092,0.096763,0.903237,0
300978,0.044278,0.955722,0
127016,0.072398,0.927602,0
341744,0.062452,0.937548,0
323074,0.031173,0.968827,0
140710,0.074886,0.925114,0
263814,0.038375,0.961625,0
154235,0.008339,0.991661,0
266541,0.240213,0.759787,0
241966,0.045431,0.954569,0
168321,0.102979,0.897021,0
189500,0.005708,0.994292,0
106869,0.024189,0.975812,0
167593,0.005922,0.994078,0
204479,0.009581,0.99042,0
179021,0.287158,0.712842,0
183949,0.046785,0.953215,0
440224,0.039921,0.960079,0
267170,0.017001,0.982999,0
251564,0.144251,0.85575,1
383727,0.007316,0.992684,0
388441,0.205626,0.794374,0
190298,0.007801,0.992199,0
123191,0.051467,0.948533,0
348440,0.020534,0.979466,0
441403,0.044513,0.955487,0
161612,0.028982,0.971018,0
197062,0.072941,0.927059,0
116054,0.04146,0.95854,0
287582,0.101891,0.898109,0
118736,0.045959,0.954041,0
256891,0.018707,0.981293,0
397702,0.107626,0.892374,0
433700,0.186026,0.813974,1
232304,0.042559,0.957441,0
238071,0.065279,0.934721,0
221434,0.030439,0.969561,0
445572,0.008544,0.991456,0
347587,0.22646,0.77354,0
198252,0.01221,0.98779,0
386894,0.016588,0.983412,0
343099,0.025079,0.974921,0
178743,0.007207,0.992793,0
175470,0.02598,0.97402,0
294049,0.010102,0.989898,0
444604,0.020621,0.979379,0
255153,0.031558,0.968442,0
441832,0.056189,0.943811,0
356130,0.059029,0.940971,0
401031,0.064218,0.935782,0
406726,0.269028,0.730972,0
350887,0.128895,0.871104,0
344872,0.105198,0.894802,1
129421,0.019991,0.980009,0
192362,0.051064,0.948936,0
450408,0.030832,0.969168,0
211426,0.058835,0.941165,1
114241,0.005838,0.994162,0
202714,0.23914,0.76086,1
334789,0.026127,0.973873,0
227430,0.115076,0.884924,1
153742,0.026235,0.973765,0
332719,0.012291,0.987709,0
281231,0.025446,0.974554,0
355926,0.104748,0.895252,1
130604,0.019397,0.980603,0
147926,0.035405,0.964594,0
436222,0.067475,0.932525,0
418589,0.020205,0.979794,0
120575,0.12947,0.87053,0
381361,0.029052,0.970948,0
238099,0.108335,0.891665,0
267583,0.030005,0.969995,0
348710,0.190288,0.809712,0
447288,0.024416,0.975584,0
413719,0.020763,0.979237,1
386042,0.008845,0.991155,0
340135,0.082222,0.917778,0
240474,0.152753,0.847247,0
271388,0.007053,0.992947,0
232892,0.018616,0.981384,0
271101,0.348662,0.651338,0
159110,0.01432,0.98568,0
376919,0.010855,0.989144,0
326907,0.015595,0.984404,0
439957,0.043953,0.956047,0
289157,0.194743,0.805257,0
355191,0.127033,0.872967,0
157876,0.065383,0.934618,0
212567,0.159355,0.840645,0
317163,0.122036,0.877964,0
330832,0.007559,0.992441,0
357693,0.042418,0.957582,0
381029,0.089672,0.910328,0
374524,0.020795,0.979205,0
280692,0.048189,0.951811,0
440083,0.018864,0.981136,0
344122,0.134503,0.865497,0
235296,0.020438,0.979562,0
131055,0.021964,0.978036,0
415623,0.041649,0.958351,0
230904,0.077691,0.922309,0
243912,0.067977,0.932023,0
381904,0.092368,0.907632,0
225091,0.073972,0.926028,0
258300,0.006831,0.993169,0
294917,0.052031,0.947969,0
157054,0.129181,0.870819,0
212268,0.017074,0.982926,0
445426,0.081961,0.918039,0
354201,0.114318,0.885682,0
356022,0.057795,0.942205,0
159654,0.075575,0.924425,0
167465,0.030712,0.969288,0
127613,0.07869,0.92131,0
162229,0.044572,0.955428,0
430472,0.012506,0.987494,0
313535,0.04676,0.95324,1
317791,0.060346,0.939654,0
233586,0.067808,0.932192,0
160377,0.152907,0.847093,0
182760,0.021751,0.978249,0
450745,0.090305,0.909695,0
132853,0.015385,0.984615,0
241636,0.017411,0.982589,0
137598,0.014752,0.985248,0
164661,0.025551,0.974449,0
424746,0.004066,0.995934,0
263176,0.092938,0.907062,0
195256,0.140124,0.859876,0
319654,0.042158,0.957842,0
425270,0.026362,0.973638,0
333515,0.022136,0.977864,0
452258,0.082936,0.917064,0
149804,0.033485,0.966515,0
413722,0.031177,0.968823,0
150380,0.082065,0.917936,0
169740,0.022997,0.977003,0
262299,0.018024,0.981976,0
211075,0.119083,0.880917,0
229394,0.016682,0.983318,0
422965,0.015333,0.984667,0
452387,0.042976,0.957024,0
373423,0.032626,0.967374,0
381261,0.023622,0.976378,0
455302,0.032069,0.967931,0
215355,0.007776,0.992224,0
181053,0.075324,0.924676,0
366051,0.192407,0.807593,0
376112,0.034199,0.965801,0
409134,0.050304,0.949696,0
348705,0.022856,0.977144,0
215441,0.151392,0.848608,0
319115,0.03899,0.96101,0
177025,0.009656,0.990344,0
251592,0.023397,0.976603,0
125480,0.145759,0.854241,0
102356,0.031627,0.968373,0
259085,0.029567,0.970432,0
317901,0.044657,0.955342,0
216102,0.010293,0.989707,0
450875,0.022859,0.97714,0
450252,0.132963,0.867037,0
142073,0.146017,0.853983,0
283460,0.125348,0.874652,0
147948,0.015354,0.984646,0
341654,0.04128,0.95872,0
166620,0.107718,0.892282,0
452719,0.008988,0.991012,0
420673,0.010261,0.989739,0
143958,0.014391,0.985608,0
426229,0.039301,0.960699,0
110248,0.022063,0.977937,0
332593,0.080466,0.919534,1
334242,0.107557,0.892443,0
110835,0.050316,0.949684,0
236044,0.078044,0.921956,0
413620,0.020253,0.979747,0
136362,0.028659,0.971341,1
244197,0.230678,0.769322,0
183710,0.074802,0.925198,0
141117,0.016514,0.983486,0
276580,0.039179,0.960821,0
152752,0.064496,0.935504,0
312854,0.13306,0.86694,0
394430,0.077422,0.922578,0
101883,0.159566,0.840434,1
451152,0.087959,0.912041,0
433567,0.093487,0.906513,0
271266,0.009516,0.990484,0
319016,0.013403,0.986598,0
190411,0.061265,0.938735,0
286151,0.093664,0.906336,0
122359,0.01385,0.98615,0
444480,0.028846,0.971154,0
132131,0.016643,0.983357,0
339510,0.09893,0.90107,0
396632,0.16091,0.83909,0
116346,0.015327,0.984673,0
393924,0.026996,0.973004,0
272552,0.167274,0.832726,1
396415,0.011372,0.988628,0
174295,0.022338,0.977662,0
391702,0.065216,0.934784,0
275904,0.061703,0.938297,0
177035,0.034729,0.965271,0
215578,0.060176,0.939824,0
143641,0.060755,0.939245,0
248808,0.050056,0.949944,0
257911,0.0289,0.9711,0
116330,0.053538,0.946462,1
331098,0.165516,0.834484,0
117694,0.01134,0.98866,0
412716,0.028998,0.971002,0
143329,0.10948,0.89052,0
352633,0.077668,0.922332,0
220831,0.021512,0.978488,0
125677,0.007502,0.992498,0
355815,0.027481,0.972519,0
272065,0.220764,0.779236,0
329405,0.036586,0.963414,0
314845,0.041794,0.958206,0
364717,0.019378,0.980622,0
328355,0.035775,0.964225,0
222772,0.018304,0.981696,0
433175,0.208754,0.791246,0
140098,0.031576,0.968424,0
387704,0.005168,0.994832,0
411630,0.060346,0.939654,0
364025,0.03507,0.96493,0
104086,0.023533,0.976467,0
141132,0.02806,0.97194,0
333586,0.049738,0.950262,0
222628,0.042841,0.957159,0
349640,0.033778,0.966222,0
266911,0.112807,0.887193,0
114727,0.09936,0.90064,0
428976,0.025175,0.974825,0
230509,0.008855,0.991145,0
123098,0.012599,0.987401,0
225076,0.122736,0.877264,0
100424,0.055986,0.944014,1
380919,0.02624,0.97376,1
221602,0.02677,0.97323,0
365899,0.120781,0.879219,0
343077,0.013784,0.986216,0
119913,0.207396,0.792604,0
208770,0.032837,0.967163,0
273339,0.008562,0.991438,0
270342,0.025046,0.974954,0
338617,0.09853,0.90147,0
181670,0.026239,0.973761,0
410214,0.008951,0.991049,0
246932,0.102116,0.897884,0
232882,0.01966,0.98034,0
152665,0.024658,0.975342,0
356212,0.00859,0.99141,0
178049,0.014558,0.985442,0
113581,0.065066,0.934934,0
169179,0.009938,0.990062,0
279184,0.086136,0.913864,0
306759,0.020203,0.979797,0
395633,0.016836,0.983164,0
322016,0.091366,0.908634,0
441904,0.085388,0.914612,0
128785,0.031701,0.968299,0
111339,0.167868,0.832132,0
337086,0.011588,0.988412,0
253269,0.013609,0.986391,0
337897,0.01234,0.98766,0
393517,0.005785,0.994215,0
410543,0.118111,0.881889,1
430122,0.032843,0.967157,0
117875,0.149341,0.850659,0
251836,0.011375,0.988625,0
455712,0.149677,0.850323,0
138018,0.080639,0.91936,0
232809,0.058449,0.941551,0
128512,0.033204,0.966796,0
292369,0.107169,0.892831,0
416382,0.114334,0.885666,0
440919,0.064523,0.935477,0
152533,0.031009,0.968991,0
431796,0.134459,0.865541,0
173958,0.02172,0.97828,0
200566,0.012234,0.987766,0
197474,0.029644,0.970356,0
283778,0.036234,0.963766,0
284474,0.009144,0.990856,0
370385,0.033693,0.966307,0
165011,0.21301,0.78699,0
381784,0.068717,0.931283,0
433311,0.063648,0.936352,0
274554,0.009837,0.990163,0
415237,0.043174,0.956826,0
407347,0.170054,0.829946,0
162433,0.052682,0.947318,0
219427,0.023456,0.976544,1
259516,0.04693,0.95307,0
311674,0.021623,0.978377,0
176504,0.149319,0.850681,1
246067,0.023497,0.976503,1
318745,0.054416,0.945584,0
235444,0.017756,0.982244,0
287670,0.165481,0.834519,0
319812,0.011861,0.988139,0
423786,0.020825,0.979175,0
296978,0.028665,0.971335,0
341022,0.052044,0.947956,0
384946,0.016764,0.983236,0
272382,0.131706,0.868294,1
150480,0.034466,0.965534,0
421540,0.027005,0.972995,0
348739,0.052931,0.947069,0
294778,0.033071,0.966929,0
443400,0.165787,0.834213,0
206219,0.296301,0.703698,0
205205,0.050727,0.949273,0
145401,0.136283,0.863717,0
176598,0.048698,0.951302,0
451991,0.01514,0.98486,0
265946,0.04261,0.95739,0
414809,0.005667,0.994333,0
352628,0.060076,0.939924,0
431034,0.045936,0.954064,0
113253,0.126648,0.873352,0
177845,0.020489,0.979511,0
112046,0.010504,0.989496,0
161409,0.066043,0.933957,0
394116,0.067963,0.932037,0
159900,0.014572,0.985428,0
367147,0.005651,0.994349,0
102722,0.072628,0.927372,0
297143,0.078165,0.921835,0
295700,0.018922,0.981078,0
195387,0.101624,0.898376,1
311419,0.030092,0.969908,0
405810,0.005966,0.994034,0
421609,0.03891,0.96109,0
148326,0.033107,0.966893,0
233345,0.095818,0.904182,0
406914,0.023469,0.976531,0
185275,0.018761,0.981239,0
428320,0.010856,0.989144,0
235807,0.059184,0.940816,0
226488,0.033471,0.966529,0
388970,0.003191,0.996809,0
208621,0.118527,0.881473,0
253305,0.061639,0.938361,0
339467,0.123854,0.876146,0
149831,0.102416,0.897584,0
347740,0.060535,0.939465,0
215391,0.029066,0.970934,0
284905,0.021903,0.978097,0
396552,0.207325,0.792675,1
195299,0.019177,0.980823,0
105716,0.213644,0.786356,0
283676,0.259055,0.740945,1
430471,0.012355,0.987645,0
339108,0.141759,0.858241,0
393188,0.064592,0.935408,1
419683,0.023493,0.976507,1
254059,0.165141,0.834859,0
319153,0.067836,0.932164,0
436503,0.018087,0.981913,0
431877,0.051659,0.948341,0
294569,0.006409,0.993591,0
188608,0.176096,0.823904,1
356181,0.066931,0.933069,0
131636,0.025836,0.974164,0
246834,0.015356,0.984644,0
165542,0.061675,0.938325,1
390939,0.009533,0.990467,0
133870,0.139204,0.860796,1
262274,0.048697,0.951303,0
345873,0.018272,0.981728,0
318650,0.029754,0.970246,0
232286,0.331931,0.66807,1
101830,0.016176,0.983824,0
429143,0.006386,0.993614,0
242663,0.081709,0.918291,0
241580,0.036582,0.963418,1
326130,0.092235,0.907765,0
350227,0.018804,0.981196,0
429642,0.056139,0.943861,0
353422,0.132309,0.867691,1
305102,0.104098,0.895902,1
370717,0.07013,0.92987,0
253988,0.04388,0.95612,0
115045,0.064381,0.935619,0
264781,0.065686,0.934314,1
146024,0.226488,0.773512,0
442147,0.017191,0.982808,0
338894,0.147165,0.852835,0
317903,0.013137,0.986863,0
216206,0.022303,0.977697,0
410773,0.036367,0.963633,0
102579,0.050807,0.949193,0
287667,0.12683,0.87317,0
276058,0.206722,0.793278,0
435935,0.026131,0.973869,0
146333,0.072413,0.927587,0
177257,0.034682,0.965318,0
232726,0.037207,0.962793,1
221281,0.13498,0.86502,1
300292,0.07839,0.92161,0
