model,roc_auc,std_auc,recall,custom_score
LogisticRegression,0.713617039744668,0.0071622551475979835,0.3314903560836469,0.7791988854466375
RandomForest,0.7002146798003174,0.0051202987265979326,0.29742869217260093,0.7591883883621778
XGBoost,0.6785580264812815,0.0029776121509621305,0.3364104052841389,0.7455423463230131
LightGBM,0.7072543844230024,0.007105782443952992,0.3012425619031851,0.766792318559244
CatBoost,0.7074365129541195,0.006444242725311199,0.3107110106134866,0.7689342908042857
