Model,Accuracy,Precision,Recall,AUC
Logistic,0.6028,0.597075897656418,0.9612322602976808,0.6434775465309782
RandomForest,0.6,0.5958593918481777,0.956386292834891,0.6378637078619812
XGBoost,0.599,0.5936440677966102,0.9698857736240913,0.6315097089058139
LightGBM,0.6022,0.5967325881341359,0.9608861197646245,0.6290688524514898
CBES Baseline,0.431,0.7444444444444445,0.0231914157147802,0.5846662859284772
