Model,Accuracy,Precision,Recall,AUC
Logistic,0.6266,0.6442687747035574,0.7898926964347525,0.6440647228686738
RandomForest,0.6158,0.642436727486757,0.7556247836621668,0.6334062671604784
LightGBM,0.61,0.6317709795116475,0.7791623399100035,0.6326788145432807
SVM,0.6186,0.6333514394350896,0.8071997230875736,0.6253014792219758
XGBoost,0.602,0.6331851851851852,0.7397023191415715,0.6096480073799588
DecisionTree,0.5438,0.6087267525035766,0.5891311872620284,0.535446692636225
